0.000,6.12,,
88.00,0.00,6.14,
88.00,0,,
88.00,0.00,6.03,
88.00,0.00,6.05,
88.00,0.00,6.07,
88.00,0.00,6.09,
88.00,0.00,6.10,
88.00,0.00,6.12,
88.00,0.00,6.14,
88.00,0.88.00,0.00,0.00
88.00,0.00,0.00,
88.00,0.00,0.00,
88.00,0.00,0.00,
88.00,0.00,0.01,
88.00,0.00,0.02,
88.00,0.00,0.04,
88.00,0.00,0.06,
88.00,0.00,0.07,
88.00,0.00,0.09,
88.00,0.00,0.11,
88.00,0.00,0.13,
88.00,0.00,0.15,
88.00,0.00,0.16,
88.00,0.00,0.18,
88.00,0.00,0.20,
88.00,0.00,0.22,
88.00,0.00,0.23,
88.00,0.00,0.25,
88.00,0.00,0.27,
88.00,0.00,0.29,
88.00,0.00,0.30,
88.00,0.00,0.32,
88.00,0.00,0.34,
88.00,0.00,0.36,
88.00,0.00,0.37,
88.00,0.00,0.39,
88.00,0.00,0.41,
88.00,0.00,0.43,
88.00,0.00,0.45,
88.00,0.00,0.46,
88.00,0.00,0.48,
88.00,0.00,0.50,
88.00,0.00,0.52,
88.00,0.00,0.53,
88.00,0.00,0.55,
88.00,3.96,0.57,
88.00,15.27,0.59,
88.00,32.82,0.61,
88.00,54.24,0.62,
88.00,75.65,0.64,
88.00,94.55,0.66,
88.00,105.08,0.68,
88.00,100.27,0.70,
88.00,82.68,0.72,
88.00,62.73,0.74,
88.00,52.32,0.76,
88.00,55.91,0.78,
88.00,67.71,0.80,
88.00,82.78,0.81,
88.00,96.28,0.83,
88.00,100.31,0.85,
88.00,91.31,0.87,
88.00,74.90,0.89,
88.00,61.47,0.91,
88.00,57.48,0.93,
88.00,64.06,0.95,
88.00,77.17,0.96,
88.00,91.48,0.98,
88.00,99.34,1.00,
88.00,94.82,1.02,
88.00,80.97,1.04,
88.00,66.66,1.06,
88.00,60.04,1.08,
88.00,63.76,1.10,
88.00,75.04,1.11,
88.00,88.41,1.13,
88.00,100.46,1.15,
88.00,100.04,1.17,
88.00,84.25,1.19,
88.00,65.88,1.21,
88.00,55.64,1.23,
88.00,57.50,1.25,
88.00,68.44,1.27,
88.00,83.40,1.28,
88.00,96.18,1.30,
88.00,99.61,1.32,
88.00,90.68,1.34,
88.00,74.32,1.36,
88.00,61.60,1.38,
88.00,59.47,1.40,
88.00,67.01,1.42,
88.00,80.31,1.43,
88.00,93.54,1.45,
88.00,99.22,1.47,
88.00,92.85,1.49,
88.00,78.04,1.51,
88.00,62.91,1.53,
88.00,57.46,1.55,
88.00,63.42,1.57,
88.00,76.00,1.58,
88.00,90.48,1.60,
88.00,99.11,1.62,
88.00,95.24,1.64,
88.00,80.72,1.66,
88.00,65.81,1.68,
88.00,59.95,1.70,
88.00,64.30,1.72,
88.00,76.12,1.73,
88.00,89.96,1.75,
88.00,98.04,1.77,
88.00,94.33,1.79,
88.00,80.56,1.81,
88.00,65.68,1.83,
88.00,58.59,1.85,
88.00,63.13,1.87,
88.00,75.13,1.88,
88.00,88.49,1.90,
88.00,101.77,1.92,
88.00,103.01,1.94,
88.00,86.79,1.96,
88.00,66.82,1.98,
88.00,53.95,2.00,
88.00,53.56,2.02,
88.00,63.21,2.04,
88.00,78.31,2.05,
88.00,93.71,2.07,
88.00,101.24,2.09,
88.00,95.75,2.11,
88.00,79.21,2.13,
88.00,63.28,2.15,
88.00,57.78,2.17,
88.00,63.07,2.19,
88.00,75.08,2.21,
88.00,89.07,2.22,
88.00,99.77,2.24,
88.00,98.31,2.26,
88.00,83.33,2.28,
88.00,66.17,2.30,
88.00,57.76,2.32,
88.00,60.56,2.34,
88.00,71.68,2.36,
88.00,86.17,2.37,
88.00,97.30,2.39,
88.00,97.44,2.41,
88.00,86.33,2.43,
88.00,71.23,2.45,
88.00,61.46,2.47,
88.00,61.84,2.49,
88.00,70.91,2.50,
88.00,84.26,2.52,
88.00,95.04,2.54,
88.00,96.76,2.56,
88.00,86.38,2.58,
88.00,71.27,2.60,
88.00,62.11,2.62,
88.00,63.03,2.64,
88.00,72.54,2.65,
88.00,85.66,2.67,
88.00,95.61,2.69,
88.00,96.00,2.71,
88.00,85.73,2.73,
88.00,71.34,2.75,
88.00,62.17,2.77,
88.00,63.08,2.79,
88.00,72.59,2.80,
88.00,85.70,2.82,
88.00,96.27,2.84,
88.00,96.56,2.86,
88.00,84.96,2.88,
88.00,69.44,2.90,
88.00,59.92,2.92,
88.00,61.78,2.94,
88.00,72.10,2.95,
88.00,85.91,2.97,
88.00,97.07,2.99,
88.00,97.87,3.01,
88.00,86.70,3.03,
88.00,70.92,3.05,
88.00,60.57,3.07,
88.00,60.46,3.09,
88.00,69.73,3.10,
88.00,83.25,3.12,
88.00,94.81,3.14,
88.00,97.19,3.16,
88.00,87.99,3.18,
88.00,73.27,3.20,
88.00,62.57,3.22,
88.00,61.55,3.23,
88.00,70.03,3.25,
88.00,83.52,3.27,
88.00,94.41,3.29,
88.00,96.84,3.31,
88.00,88.32,3.33,
88.00,73.55,3.35,
88.00,62.81,3.37,
88.00,62.38,3.38,
88.00,70.74,3.40,
88.00,83.50,3.42,
88.00,94.39,3.44,
88.00,96.83,3.46,
88.00,88.31,3.48,
88.00,73.54,3.50,
88.00,62.18,3.52,
88.00,61.21,3.53,
88.00,69.75,3.55,
88.00,82.65,3.57,
88.00,94.29,3.59,
88.00,97.37,3.61,
88.00,88.14,3.63,
88.00,72.78,3.65,
88.00,62.15,3.67,
88.00,61.19,3.68,
88.00,69.10,3.70,
88.00,82.10,3.72,
88.00,94.44,3.74,
88.00,98.12,3.76,
88.00,89.41,3.78,
88.00,74.48,3.80,
88.00,62.36,3.82,
88.00,59.50,3.83,
88.00,66.41,3.85,
88.00,79.17,3.87,
88.00,92.57,3.89,
88.00,99.02,3.91,
88.00,93.30,3.93,
88.00,78.43,3.95,
88.00,63.86,3.96,
88.00,59.53,3.98,
88.00,65.81,4.00,
88.00,78.04,4.02,
88.00,92.22,4.04,
88.00,99.35,4.06,
88.00,94.20,4.08,
88.00,79.82,4.10,
88.00,64.43,4.11,
88.00,58.14,4.13,
88.00,62.75,4.15,
88.00,74.80,4.17,
88.00,88.84,4.19,
88.00,98.33,4.21,
88.00,96.45,4.23,
88.00,82.37,4.25,
88.00,66.60,4.26,
88.00,59.37,4.28,
88.00,63.18,4.30,
88.00,74.54,4.32,
88.00,87.99,4.34,
88.00,96.98,4.36,
88.00,95.30,4.38,
88.00,83.26,4.40,
88.00,68.61,4.41,
88.00,60.46,4.43,
88.00,63.49,4.45,
88.00,74.18,4.47,
88.00,87.06,4.49,
88.00,96.81,4.51,
88.00,96.40,4.53,
88.00,84.82,4.55,
88.00,69.94,4.56,
88.00,61.60,4.58,
88.00,63.22,4.60,
88.00,72.70,4.62,
88.00,85.80,4.64,
88.00,96.35,4.66,
88.00,96.64,4.68,
88.00,85.65,4.70,
88.00,71.27,4.71,
88.00,62.11,4.73,
88.00,63.03,4.75,
88.00,72.54,4.77,
88.00,85.03,4.79,
88.00,94.45,4.81,
88.00,95.64,4.83,
88.00,86.04,4.84,
88.00,71.61,4.86,
88.00,63.02,4.88,
88.00,63.81,4.90,
88.00,72.58,4.92,
88.00,85.69,4.94,
88.00,95.64,4.96,
88.00,96.03,4.98,
88.00,85.13,4.99,
88.00,70.83,5.01,
88.00,62.36,5.03,
88.00,63.24,5.05,
88.00,72.72,5.07,
88.00,85.81,5.09,
88.00,95.74,5.11,
88.00,96.11,5.13,
88.00,85.20,5.14,
88.00,70.27,5.16,
88.00,61.26,5.18,
88.00,61.67,5.20,
88.00,70.76,5.22,
88.00,84.14,5.24,
88.00,95.56,5.26,
88.00,97.83,5.28,
88.00,88.54,5.29,
88.00,73.12,5.31,
88.00,61.19,5.33,
88.00,59.75,5.35,
88.00,67.87,5.37,
88.00,81.04,5.39,
88.00,93.54,5.41,
88.00,97.98,5.43,
88.00,90.54,5.44,
88.00,76.07,5.46,
88.00,64.34,5.48,
88.00,61.18,5.50,
88.00,67.23,5.52,
88.00,79.87,5.54,
88.00,92.54,5.56,
88.00,98.37,5.57,
88.00,92.74,5.59,
88.00,78.58,5.61,
88.00,65.23,5.63,
88.00,60.70,5.65,
88.00,66.19,5.67,
88.00,77.74,5.69,
88.00,90.72,5.71,
88.00,98.06,5.72,
88.00,93.73,5.74,
88.00,80.04,5.76,
88.00,65.24,5.78,
88.00,58.83,5.80,
88.00,63.34,5.82,
88.00,75.31,5.84,
88.00,89.27,5.86,
88.00,98.70,5.87,
88.00,96.14,5.89,
88.00,82.10,5.91,
88.00,67.00,5.93,
88.00,59.71,5.95,
88.00,62.85,5.97,
88.00,73.64,5.99,
88.00,87.84,6.01,
88.00,97.48,6.02,
88.00,95.72,6.04,
88.00,82.99,6.06,
88.00,68.38,6.08,
88.00,61.52,6.10,
88.00,64.39,6.12,
88.00,74.95,6.14,
88.00,88.34,6.16,
88.00,99.15,6.17,
88.00,98.40,6.19,
88.00,84.03,6.21,
88.00,67.40,6.23,
88.00,58.81,6.25,
88.00,60.83,6.27,
88.00,71.29,6.29,
88.00,85.21,6.30,
88.00,95.85,6.32,
88.00,97.46,6.34,
88.00,88.22,6.36,
88.00,72.84,6.38,
88.00,60.96,6.40,
88.00,59.55,6.42,
88.00,67.70,6.44,
88.00,80.90,6.45,
88.00,93.42,6.47,
88.00,98.50,6.49,
88.00,90.98,6.51,
88.00,75.82,6.53,
88.00,63.51,6.55,
88.00,60.47,6.57,
88.00,67.24,6.59,
88.00,79.88,6.60,
88.00,93.18,6.62,
88.00,98.91,6.64,
88.00,92.58,6.66,
88.00,77.82,6.68,
88.00,63.96,6.70,
88.00,60.24,6.72,
88.00,66.42,6.74,
88.00,78.56,6.75,
88.00,92.04,6.77,
88.00,99.19,6.79,
88.00,94.07,6.81,
88.00,79.09,6.83,
88.00,64.42,6.85,
88.00,58.76,6.87,
88.00,63.90,6.89,
88.00,76.41,6.90,
88.00,90.21,6.92,
88.00,98.25,6.94,
88.00,95.14,6.96,
88.00,81.25,6.98,
88.00,66.26,7.00,
88.00,59.71,7.02,
88.00,63.47,7.04,
88.00,74.79,7.05,
88.00,88.83,7.07,
88.00,98.94,7.09,
88.00,98.22,7.11,
88.00,85.75,7.13,
88.00,68.87,7.15,
88.00,58.19,7.17,
88.00,59.05,7.18,
88.00,68.52,7.20,
88.00,82.23,7.22,
88.00,95.18,7.24,
88.00,99.37,7.26,
88.00,91.10,7.28,
88.00,75.31,7.30,
88.00,62.44,7.32,
88.00,59.56,7.33,
88.00,66.46,7.35,
88.00,78.60,7.37,
88.00,91.45,7.39,
88.00,98.06,7.41,
88.00,93.11,7.43,
88.00,79.51,7.45,
88.00,66.03,7.47,
88.00,60.76,7.48,
88.00,64.99,7.50,
88.00,76.71,7.52,
88.00,90.47,7.54,
88.00,98.47,7.56,
88.00,94.70,7.58,
88.00,80.25,7.60,
88.00,66.04,7.62,
88.00,60.14,7.63,
88.00,64.46,7.65,
88.00,76.26,7.67,
88.00,89.46,7.69,
88.00,97.61,7.71,
88.00,94.59,7.73,
88.00,82.03,7.75,
88.00,67.56,7.77,
88.00,59.56,7.78,
88.00,62.72,7.80,
88.00,74.14,7.82,
88.00,87.65,7.84,
88.00,96.70,7.86,
88.00,95.68,7.88,
88.00,84.21,7.90,
88.00,70.04,7.91,
88.00,62.31,7.93,
88.00,63.82,7.95,
88.00,73.22,7.97,
88.00,86.24,7.99,
88.00,96.11,8.01,
88.00,97.05,8.03,
88.00,87.25,8.05,
88.00,71.39,8.06,
88.00,60.34,8.08,
88.00,60.27,8.10,
88.00,68.94,8.12,
88.00,82.58,8.14,
88.00,94.85,8.16,
88.00,97.85,8.18,
88.00,89.18,8.20,
88.00,74.29,8.21,
88.00,62.19,8.23,
88.00,59.98,8.25,
88.00,68.06,8.27,
88.00,81.21,8.29,
88.00,93.69,8.31,
88.00,98.72,8.33,
88.00,91.80,8.35,
88.00,77.77,8.36,
88.00,65.17,8.38,
88.00,61.27,8.40,
88.00,67.30,8.42,
88.00,79.31,8.44,
88.00,92.06,8.46,
88.00,97.96,8.48,
88.00,91.77,8.50,
88.00,77.12,8.51,
88.00,64.61,8.53,
88.00,61.42,8.55,
88.00,67.43,8.57,
88.00,79.42,8.59,
88.00,92.15,8.61,
88.00,97.42,8.63,
88.00,90.68,8.64,
88.00,76.82,8.66,
88.00,64.35,8.68,
88.00,60.57,8.70,
88.00,66.70,8.72,
88.00,78.80,8.74,
88.00,92.25,8.76,
88.00,99.37,8.78,
88.00,94.22,8.79,
88.00,79.22,8.81,
88.00,63.91,8.83,
88.00,57.70,8.85,
88.00,63.00,8.87,
88.00,75.64,8.89,
88.00,89.55,8.91,
88.00,97.69,8.93,
88.00,94.65,8.94,
88.00,81.46,8.96,
88.00,67.07,8.98,
88.00,60.40,9.00,
88.00,64.06,9.02,
88.00,75.29,9.04,
88.00,88.63,9.06,
88.00,99.40,9.08,
88.00,98.61,9.09,
88.00,84.22,9.11,
88.00,67.55,9.13,
88.00,58.94,9.15,
88.00,61.56,9.17,
88.00,71.91,9.19,
88.00,85.75,9.21,
88.00,96.94,9.23,
88.00,97.76,9.24,
88.00,87.23,9.26,
88.00,72.62,9.28,
88.00,61.39,9.30,
88.00,59.92,9.32,
88.00,68.63,9.34,
88.00,81.69,9.36,
88.00,94.10,9.38,
88.00,98.45,9.39,
88.00,90.32,9.41,
88.00,74.64,9.43,
88.00,61.25,9.45,
88.00,57.92,9.47,
88.00,65.06,9.49,
88.00,78.02,9.51,
88.00,91.59,9.52,
88.00,98.80,9.54,
88.00,94.36,9.56,
88.00,80.58,9.58,
88.00,66.32,9.60,
88.00,59.76,9.62,
88.00,63.51,9.64,
88.00,74.83,9.66,
88.00,88.23,9.67,
88.00,98.44,9.69,
88.00,97.79,9.71,
88.00,84.76,9.73,
88.00,68.02,9.75,
88.00,58.09,9.77,
88.00,59.59,9.79,
88.00,69.61,9.81,
88.00,83.77,9.82,
88.00,95.87,9.84,
88.00,98.72,9.86,
88.00,89.92,9.88,
88.00,74.30,9.90,
88.00,62.20,9.92,
88.00,60.61,9.94,
88.00,67.98,9.96,
88.00,80.51,9.97,
88.00,93.09,9.99,
88.00,98.22,10.01,
88.00,90.74,10.03,
88.00,75.72,10.05,
88.00,64.07,10.07,
88.00,61.81,10.09,
88.00,69.34,10.11,
88.00,82.26,10.13,
88.00,93.90,10.15,
88.00,97.33,10.17,
88.00,89.03,10.19,
88.00,74.26,10.21,
88.00,63.42,10.23,
88.00,62.43,10.25,
88.00,70.46,10.27,
88.00,83.22,10.29,
88.00,94.71,10.31,
88.00,97.43,10.33,
88.00,88.53,10.35,
88.00,73.83,10.37,
88.00,62.46,10.39,
88.00,61.02,10.41,
88.00,69.26,10.43,
88.00,82.19,10.45,
88.00,93.84,10.47,
88.00,97.28,10.49,
88.00,88.98,10.51,
88.00,74.22,10.53,
88.00,63.38,10.55,
88.00,62.41,10.56,
88.00,70.44,10.58,
88.00,83.21,10.60,
88.00,94.70,10.62,
88.00,98.01,10.64,
88.00,89.61,10.66,
88.00,74.17,10.68,
88.00,61.57,10.70,
88.00,59.67,10.72,
88.00,68.10,10.74,
88.00,81.21,10.76,
88.00,93.58,10.78,
88.00,98.24,10.80,
88.00,90.40,10.82,
88.00,74.84,10.84,
88.00,62.14,10.86,
88.00,59.57,10.88,
88.00,67.42,10.90,
88.00,80.63,10.92,
88.00,93.09,10.94,
88.00,98.41,10.96,
88.00,91.14,10.98,
88.00,76.06,11.00,
88.00,63.77,11.02,
88.00,60.37,11.04,
88.00,66.92,11.06,
88.00,80.20,11.08,
88.00,93.32,11.10,
88.00,98.61,11.12,
88.00,91.89,11.14,
88.00,77.30,11.16,
88.00,64.24,11.18,
88.00,60.18,11.20,
88.00,66.76,11.22,
88.00,79.47,11.24,
88.00,92.10,11.26,
88.00,97.57,11.28,
88.00,91.60,11.30,
88.00,77.63,11.32,
88.00,65.71,11.34,
88.00,62.62,11.36,
88.00,68.25,11.37,
88.00,80.16,11.39,
88.00,92.69,11.41,
88.00,97.48,11.43,
88.00,90.93,11.45,
88.00,77.06,11.47,
88.00,64.63,11.49,
88.00,61.10,11.51,
88.00,67.55,11.53,
88.00,80.14,11.55,
88.00,92.68,11.57,
88.00,98.06,11.59,
88.00,91.43,11.61,
88.00,76.90,11.63,
88.00,63.90,11.65,
88.00,59.89,11.67,
88.00,66.51,11.69,
88.00,79.84,11.71,
88.00,93.01,11.73,
88.00,98.35,11.75,
88.00,91.08,11.77,
88.00,76.01,11.79,
88.00,64.32,11.81,
88.00,61.43,11.83,
88.00,67.83,11.85,
88.00,80.39,11.87,
88.00,93.48,11.89,
88.00,98.74,11.91,
88.00,90.83,11.93,
88.00,75.79,11.95,
88.00,63.55,11.97,
88.00,60.77,11.99,
88.00,68.44,12.01,
88.00,81.50,12.03,
88.00,93.25,12.05,
88.00,97.37,12.07,
88.00,89.65,12.09,
88.00,74.20,12.11,
88.00,61.59,12.13,
88.00,59.69,12.15,
88.00,68.12,12.17,
88.00,81.22,12.19,
88.00,93.60,12.20,
88.00,98.25,12.22,
88.00,90.41,12.24,
88.00,74.85,12.26,
88.00,63.33,12.28,
88.00,61.77,12.30,
88.00,69.30,12.32,
88.00,82.23,12.34,
88.00,94.46,12.36,
88.00,98.40,12.38,
88.00,89.94,12.40,
88.00,75.04,12.42,
88.00,62.90,12.44,
88.00,60.81,12.46,
88.00,68.48,12.48,
88.00,80.94,12.50,
88.00,93.36,12.52,
88.00,98.05,12.54,
88.00,90.24,12.56,
88.00,74.70,12.58,
88.00,62.02,12.60,
88.00,59.47,12.62,
88.00,66.74,12.64,
88.00,80.05,12.66,
88.00,93.19,12.68,
88.00,98.49,12.70,
88.00,92.39,12.72,
88.00,77.72,12.74,
88.00,63.42,12.76,
88.00,58.29,12.78,
88.00,63.97,12.80,
88.00,77.09,12.82,
88.00,91.25,12.84,
88.00,98.61,12.86,
88.00,94.26,12.88,
88.00,79.91,12.90,
88.00,65.29,12.92,
88.00,59.89,12.94,
88.00,65.33,12.96,
88.00,77.66,12.98,
88.00,91.15,13.00,
88.00,97.94,13.02,
88.00,92.50,13.03,
88.00,78.41,13.05,
88.00,65.19,13.07,
88.00,60.40,13.09,
88.00,65.77,13.11,
88.00,77.44,13.13,
88.00,90.96,13.15,
88.00,99.55,13.17,
88.00,95.65,13.19,
88.00,80.51,13.21,
88.00,64.02,13.23,
88.00,57.04,13.25,
88.00,62.31,13.27,
88.00,75.08,13.29,
88.00,89.53,13.31,
88.00,99.51,13.33,
88.00,97.39,13.35,
88.00,82.58,13.37,
88.00,65.80,13.39,
88.00,57.96,13.41,
88.00,61.32,13.43,
88.00,73.06,13.45,
88.00,87.80,13.47,
88.00,98.04,13.49,
88.00,97.32,13.51,
88.00,84.88,13.53,
88.00,69.53,13.55,
88.00,61.16,13.57,
88.00,62.87,13.59,
88.00,73.18,13.61,
88.00,86.73,13.63,
88.00,96.54,13.65,
88.00,96.04,13.67,
88.00,84.38,13.69,
88.00,69.11,13.71,
88.00,59.61,13.73,
88.00,61.54,13.75,
88.00,72.06,13.77,
88.00,85.77,13.79,
88.00,96.30,13.81,
88.00,96.43,13.83,
88.00,85.30,13.84,
88.00,69.89,13.86,
88.00,60.28,13.88,
88.00,61.53,13.90,
88.00,72.05,13.92,
88.00,85.76,13.94,
88.00,96.29,13.96,
88.00,97.01,13.98,
88.00,85.21,14.00,
88.00,69.81,14.02,
88.00,60.80,14.04,
88.00,61.97,14.06,
88.00,71.84,14.08,
88.00,85.57,14.10,
88.00,96.13,14.12,
88.00,96.29,14.14,
88.00,84.59,14.16,
88.00,69.29,14.18,
88.00,60.95,14.20,
88.00,62.69,14.22,
88.00,73.04,14.24,
88.00,86.61,14.26,
88.00,96.42,14.28,
88.00,95.94,14.30,
88.00,84.30,14.32,
88.00,69.63,14.34,
88.00,61.23,14.36,
88.00,63.52,14.38,
88.00,73.75,14.40,
88.00,86.63,14.42,
88.00,96.44,14.44,
88.00,95.96,14.46,
88.00,83.72,14.48,
88.00,68.54,14.50,
88.00,60.31,14.52,
88.00,62.73,14.54,
88.00,73.67,14.56,
88.00,87.15,14.58,
88.00,96.88,14.60,
88.00,95.74,14.62,
88.00,82.94,14.64,
88.00,68.47,14.66,
88.00,61.43,14.67,
88.00,64.28,14.69,
88.00,74.99,14.71,
88.00,88.28,14.73,
88.00,99.03,14.75,
88.00,98.76,14.77,
88.00,84.93,14.79,
88.00,67.21,14.81,
88.00,56.81,14.83,
88.00,58.56,14.85,
88.00,69.52,14.87,
88.00,84.19,14.89,
88.00,96.13,14.91,
88.00,98.65,14.93,
88.00,88.38,14.95,
88.00,71.93,14.97,
88.00,60.25,14.99,
88.00,59.72,15.01,
88.00,68.74,15.03,
88.00,82.35,15.05,
88.00,94.56,15.07,
88.00,97.89,15.09,
88.00,89.51,15.11,
88.00,74.08,15.13,
88.00,62.08,15.15,
88.00,60.70,15.17,
88.00,68.98,15.19,
88.00,81.96,15.21,
88.00,94.23,15.23,
88.00,98.20,15.25,
88.00,89.77,15.27,
88.00,74.30,15.29,
88.00,61.09,15.31,
88.00,58.67,15.33,
88.00,66.65,15.35,
88.00,79.97,15.37,
88.00,93.12,15.39,
88.00,98.44,15.41,
88.00,92.34,15.43,
88.00,78.27,15.45,
88.00,65.66,15.47,
88.00,61.39,15.49,
88.00,66.62,15.50,
88.00,78.76,15.52,
88.00,92.08,15.54,
88.00,99.32,15.56,
88.00,94.27,15.58,
88.00,78.74,15.60,
88.00,64.29,15.62,
88.00,59.04,15.64,
88.00,64.01,15.66,
88.00,76.54,15.68,
88.00,90.78,15.70,
88.00,98.80,15.72,
88.00,94.42,15.74,
88.00,80.05,15.76,
88.00,65.40,15.78,
88.00,59.40,15.80,
88.00,64.32,15.82,
88.00,76.80,15.84,
88.00,90.41,15.86,
88.00,98.49,15.88,
88.00,95.34,15.90,
88.00,81.42,15.92,
88.00,65.99,15.94,
88.00,58.72,15.96,
88.00,62.56,15.98,
88.00,74.11,16.00,
88.00,88.11,16.02,
88.00,100.07,16.04,
88.00,100.09,16.06,
88.00,84.92,16.08,
88.00,66.19,16.10,
88.00,55.94,16.12,
88.00,58.41,16.14,
88.00,69.39,16.16,
88.00,84.08,16.18,
88.00,96.63,16.20,
88.00,99.66,16.22,
88.00,89.84,16.24,
88.00,71.99,16.26,
88.00,59.71,16.28,
88.00,59.27,16.30,
88.00,67.75,16.32,
88.00,81.50,16.34,
88.00,94.43,16.36,
88.00,98.96,16.38,
88.00,91.02,16.40,
88.00,75.36,16.42,
88.00,62.00,16.44,
88.00,58.86,16.46,
88.00,66.22,16.48,
88.00,79.01,16.49,
88.00,92.30,16.51,
88.00,98.33,16.53,
88.00,92.25,16.55,
88.00,78.19,16.57,
88.00,65.00,16.59,
88.00,60.83,16.61,
88.00,67.32,16.63,
88.00,79.95,16.65,
88.00,92.51,16.67,
88.00,97.92,16.69,
88.00,90.71,16.71,
88.00,75.10,16.73,
88.00,62.96,16.75,
88.00,60.27,16.77,
88.00,66.84,16.79,
88.00,80.12,16.81,
88.00,93.25,16.83,
88.00,98.55,16.85,
88.00,91.85,16.87,
88.00,76.66,16.89,
88.00,63.70,16.91,
88.00,60.31,16.93,
88.00,66.87,16.95,
88.00,79.57,16.97,
88.00,92.18,16.99,
88.00,97.64,17.01,
88.00,91.07,17.03,
88.00,76.59,17.05,
88.00,63.63,17.07,
88.00,60.25,17.09,
88.00,67.42,17.11,
88.00,80.62,17.13,
88.00,93.68,17.15,
88.00,98.91,17.17,
88.00,91.56,17.19,
88.00,75.83,17.21,
88.00,62.40,17.23,
88.00,59.20,17.25,
88.00,65.92,17.27,
88.00,78.76,17.29,
88.00,92.08,17.31,
88.00,98.14,17.32,
88.00,93.27,17.34,
88.00,78.47,17.36,
88.00,63.47,17.38,
88.00,58.93,17.40,
88.00,65.10,17.42,
88.00,77.47,17.44,
88.00,90.98,17.46,
88.00,98.38,17.48,
88.00,94.07,17.50,
88.00,79.74,17.52,
88.00,65.74,17.54,
88.00,60.87,17.56,
88.00,65.57,17.58,
88.00,77.28,17.60,
88.00,90.82,17.62,
88.00,98.25,17.64,
88.00,93.95,17.66,
88.00,79.64,17.68,
88.00,64.47,17.70,
88.00,58.60,17.72,
88.00,64.23,17.74,
88.00,76.72,17.76,
88.00,90.94,17.78,
88.00,99.53,17.80,
88.00,95.64,17.82,
88.00,81.08,17.84,
88.00,65.70,17.86,
88.00,59.06,17.88,
88.00,63.44,17.90,
88.00,74.87,17.92,
88.00,88.76,17.94,
88.00,99.44,17.96,
88.00,97.93,17.98,
88.00,83.63,18.00,
88.00,67.28,18.02,
88.00,58.64,18.04,
88.00,61.31,18.06,
88.00,72.45,18.08,
88.00,87.29,18.10,
88.00,98.19,18.12,
88.00,97.45,18.13,
88.00,85.58,18.15,
88.00,69.54,18.17,
88.00,59.39,18.19,
88.00,61.36,18.21,
88.00,71.90,18.23,
88.00,85.64,18.25,
88.00,96.19,18.27,
88.00,96.33,18.29,
88.00,85.22,18.31,
88.00,70.41,18.33,
88.00,61.91,18.35,
88.00,63.51,18.37,
88.00,73.15,18.39,
88.00,86.11,18.41,
88.00,96.00,18.43,
88.00,96.17,18.45,
88.00,85.67,18.47,
88.00,70.80,18.49,
88.00,61.06,18.51,
88.00,62.19,18.53,
88.00,72.02,18.55,
88.00,85.74,18.57,
88.00,96.27,18.59,
88.00,96.40,18.61,
88.00,85.28,18.63,
88.00,70.47,18.65,
88.00,61.36,18.67,
88.00,62.45,18.69,
88.00,72.25,18.71,
88.00,85.93,18.73,
88.00,96.44,18.75,
88.00,96.54,18.77,
88.00,85.40,18.79,
88.00,69.98,18.81,
88.00,60.35,18.83,
88.00,61.59,18.85,
88.00,71.51,18.87,
88.00,85.30,18.89,
88.00,96.49,18.91,
88.00,97.18,18.93,
88.00,86.54,18.95,
88.00,71.54,18.96,
88.00,61.69,18.98,
88.00,62.14,19.00,
88.00,71.39,19.02,
88.00,84.61,19.04,
88.00,95.30,19.06,
88.00,96.76,19.08,
88.00,86.18,19.10,
88.00,71.23,19.12,
88.00,62.01,19.14,
88.00,63.01,19.16,
88.00,72.72,19.18,
88.00,85.75,19.20,
88.00,95.69,19.22,
88.00,95.90,19.24,
88.00,85.45,19.26,
88.00,71.79,19.28,
88.00,63.67,19.30,
88.00,65.02,19.32,
88.00,74.43,19.34,
88.00,87.21,19.36,
88.00,95.76,19.38,
88.00,94.19,19.40,
88.00,82.80,19.42,
88.00,68.94,19.44,
88.00,61.83,19.46,
88.00,65.21,19.48,
88.00,76.38,19.50,
88.00,89.46,19.52,
88.00,97.09,19.54,
88.00,93.55,19.56,
88.00,80.48,19.58,
88.00,66.37,19.60,
88.00,60.82,19.62,
88.00,66.12,19.64,
88.00,77.75,19.66,
88.00,90.63,19.68,
88.00,98.08,19.70,
88.00,94.40,19.72,
88.00,80.62,19.74,
88.00,66.48,19.76,
88.00,60.92,19.78,
88.00,65.02,19.79,
88.00,76.22,19.81,
88.00,89.91,19.83,
88.00,98.06,19.85,
88.00,94.38,19.87,
88.00,81.19,19.89,
88.00,67.57,19.91,
88.00,61.25,19.93,
88.00,64.72,19.95,
88.00,75.96,19.97,
88.00,89.69,19.99,
88.00,98.46,20.01,
88.00,94.73,20.03,
88.00,80.31,20.05,
88.00,65.04,20.07,
88.00,58.50,20.09,
88.00,62.96,20.11,
88.00,75.04,20.13,
88.00,88.91,20.15,
88.00,103.12,20.17,
88.00,103.96,20.19,
88.00,85.42,20.21,
88.00,64.32,20.23,
88.00,53.15,20.25,
88.00,54.85,20.27,
88.00,65.16,20.29,
88.00,80.47,20.31,
88.00,94.73,20.33,
88.00,101.00,20.35,
88.00,93.37,20.37,
88.00,75.63,20.39,
88.00,61.04,20.41,
88.00,56.86,20.43,
88.00,63.33,20.45,
88.00,76.55,20.47,
88.00,90.20,20.49,
88.00,98.90,20.51,
88.00,96.28,20.53,
88.00,82.22,20.55,
88.00,66.67,20.57,
88.00,59.30,20.59,
88.00,62.46,20.61,
88.00,73.44,20.63,
88.00,87.54,20.65,
88.00,97.81,20.67,
88.00,96.53,20.69,
88.00,83.62,20.71,
88.00,67.87,20.73,
88.00,59.14,20.75,
88.00,61.74,20.77,
88.00,72.82,20.79,
88.00,87.01,20.81,
88.00,97.36,20.83,
88.00,96.74,20.85,
88.00,84.39,20.86,
88.00,68.52,20.88,
88.00,59.70,20.90,
88.00,62.21,20.92,
88.00,72.63,20.94,
88.00,86.26,20.96,
88.00,96.72,20.98,
88.00,96.78,21.00,
88.00,85.61,21.02,
88.00,70.75,21.04,
88.00,61.60,21.06,
88.00,62.65,21.08,
88.00,72.42,21.10,
88.00,85.49,21.12,
88.00,95.47,21.14,
88.00,96.30,21.16,
88.00,85.79,21.18,
88.00,70.90,21.20,
88.00,61.73,21.22,
88.00,62.77,21.24,
88.00,72.52,21.26,
88.00,85.57,21.28,
88.00,95.54,21.30,
88.00,96.37,21.32,
88.00,85.84,21.34,
88.00,70.35,21.36,
88.00,60.67,21.38,
88.00,61.86,21.40,
88.00,71.74,21.42,
88.00,85.50,21.44,
88.00,96.07,21.46,
88.00,96.23,21.48,
88.00,85.73,21.50,
88.00,71.44,21.52,
88.00,62.78,21.54,
88.00,63.66,21.56,
88.00,72.69,21.58,
88.00,85.72,21.60,
88.00,95.67,21.62,
88.00,95.88,21.64,
88.00,84.84,21.66,
88.00,70.09,21.68,
88.00,61.63,21.69,
88.00,63.27,21.71,
88.00,73.53,21.73,
88.00,87.03,21.75,
88.00,96.20,21.77,
88.00,95.16,21.79,
88.00,83.04,21.81,
88.00,68.55,21.83,
88.00,61.50,21.85,
88.00,64.34,21.87,
88.00,75.03,21.89,
88.00,88.31,21.91,
88.00,98.48,21.93,
88.00,97.10,21.95,
88.00,82.93,21.97,
88.00,66.68,21.99,
88.00,58.13,22.01,
88.00,60.87,22.03,
88.00,72.08,22.05,
88.00,85.79,22.07,
88.00,96.31,22.09,
88.00,97.62,22.11,
88.00,86.91,22.13,
88.00,71.27,22.15,
88.00,61.45,22.17,
88.00,61.94,22.19,
88.00,70.63,22.21,
88.00,83.37,22.23,
88.00,94.84,22.25,
88.00,97.54,22.27,
88.00,87.44,22.29,
88.00,72.31,22.31,
88.00,62.93,22.33,
88.00,63.20,22.35,
88.00,71.71,22.37,
88.00,84.88,22.39,
88.00,96.13,22.41,
88.00,97.46,22.43,
88.00,87.37,22.45,
88.00,72.25,22.47,
88.00,62.29,22.49,
88.00,62.65,22.51,
88.00,71.24,22.52,
88.00,84.48,22.54,
88.00,95.79,22.56,
88.00,97.17,22.58,
88.00,87.12,22.60,
88.00,72.04,22.62,
88.00,62.11,22.64,
88.00,62.50,22.66,
88.00,71.70,22.68,
88.00,84.87,22.70,
88.00,94.94,22.72,
88.00,95.86,22.74,
88.00,86.59,22.76,
88.00,72.76,22.78,
88.00,63.32,22.80,
88.00,64.13,22.82,
88.00,73.09,22.84,
88.00,86.05,22.86,
88.00,95.95,22.88,
88.00,95.54,22.90,
88.00,84.54,22.92,
88.00,69.84,22.94,
88.00,61.41,22.96,
88.00,63.09,22.98,
88.00,73.38,23.00,
88.00,86.90,23.02,
88.00,96.67,23.04,
88.00,96.15,23.06,
88.00,84.48,23.08,
88.00,69.19,23.10,
88.00,59.68,23.12,
88.00,61.01,23.14,
88.00,71.61,23.16,
88.00,85.39,23.18,
88.00,95.97,23.20,
88.00,96.74,23.22,
88.00,86.16,23.24,
88.00,71.22,23.26,
88.00,61.41,23.28,
88.00,61.90,23.30,
88.00,71.19,23.32,
88.00,85.02,23.33,
88.00,96.25,23.35,
88.00,97.57,23.37,
88.00,87.46,23.39,
88.00,71.74,23.41,
88.00,60.67,23.43,
88.00,60.68,23.45,
88.00,69.55,23.47,
88.00,83.04,23.49,
88.00,95.15,23.51,
88.00,97.81,23.53,
88.00,88.85,23.55,
88.00,73.51,23.57,
88.00,62.19,23.59,
88.00,61.38,23.61,
88.00,70.15,23.63,
88.00,83.55,23.65,
88.00,95.00,23.67,
88.00,97.68,23.69,
88.00,88.73,23.71,
88.00,73.41,23.73,
88.00,61.51,23.75,
88.00,60.81,23.77,
88.00,69.66,23.79,
88.00,82.54,23.81,
88.00,94.13,23.83,
88.00,97.53,23.85,
88.00,89.20,23.87,
88.00,74.40,23.89,
88.00,62.95,23.91,
88.00,61.44,23.93,
88.00,69.02,23.95,
88.00,82.00,23.97,
88.00,94.26,23.99,
88.00,97.64,24.01,
88.00,89.29,24.03,
88.00,73.89,24.05,
88.00,61.92,24.07,
88.00,60.56,24.09,
88.00,68.86,24.11,
88.00,82.45,24.13,
88.00,94.65,24.15,
88.00,98.56,24.16,
88.00,90.67,24.18,
88.00,75.07,24.20,
88.00,61.75,24.22,
88.00,58.05,24.24,
88.00,64.94,24.26,
88.00,77.92,24.28,
88.00,91.95,24.30,
88.00,99.21,24.32,
88.00,94.19,24.34,
88.00,79.25,24.36,
88.00,63.55,24.38,
88.00,57.81,24.40,
88.00,62.97,24.42,
88.00,75.05,24.44,
88.00,89.51,24.46,
88.00,98.90,24.48,
88.00,96.87,24.50,
88.00,83.32,24.52,
88.00,67.02,24.54,
88.00,57.83,24.56,
88.00,60.02,24.58,
88.00,71.35,24.60,
88.00,85.76,24.62,
88.00,96.88,24.64,
88.00,97.51,24.66,
88.00,85.64,24.68,
88.00,69.59,24.70,
88.00,60.02,24.72,
88.00,61.31,24.74,
88.00,71.27,24.76,
88.00,85.10,24.78,
