100,0,28,0.000028,,,,,
100,0,1076,0.001076,,,Kp,Ki,Kd
100,0,2192,0.002192,,,0.6,5.1,0.017
100,0,3304,0.003304,,,,,
100,0,5660,0.00566,,,,,
100,1.87,24380,0.02438,,,,,
100,6.43,44140,0.04414,,,,,
100,12.58,63900,0.0639,,,,,
100,19.93,84700,0.0847,,,,,
100,27.13,105500,0.1055,,,,,
100,34.11,127340,0.12734,,,,,
100,40.89,149180,0.14918,,,,,
100,46.68,171028,0.171028,,,,,
100,52.17,192860,0.19286,,,,,
100,57.92,214700,0.2147,,,,,
100,62.83,236540,0.23654,,,,,
100,67.03,258380,0.25838,,,,,
100,71.68,280232,0.280232,,,,,
100,75.65,302060,0.30206,,,,,
100,78.51,323900,0.3239,,,,,
100,81.49,345740,0.34574,,,,,
100,84.56,367580,0.36758,,,,,
100,86.66,389420,0.38942,,,,,
100,88.44,411260,0.41126,,,,,
100,90.5,433100,0.4331,,,,,
100,92.26,454940,0.45494,,,,,
100,93.77,476780,0.47678,,,,,
100,95.05,498620,0.49862,,,,,
100,96.15,520460,0.52046,,,,,
100,97.62,542304,0.542304,,,,,
100,98.87,564152,0.564152,,,,,
100,98.87,585980,0.58598,,,,,
100,98.88,607820,0.60782,,,,,
100,99.42,629660,0.62966,,,,,
100,99.87,651500,0.6515,,,,,
100,100.27,673340,0.67334,,,,,
100,100.77,696220,0.69622,,,,,
100,100.86,719100,0.7191,,,,,
100,100.94,741980,0.74198,,,,,
100,101,764860,0.76486,,,,,
100,101.06,787740,0.78774,,,,,
100,101.11,810620,0.81062,,,,,
100,101.15,833500,0.8335,,,,,
100,101.19,856380,0.85638,,,,,
100,100.71,879260,0.87926,,,,,
100,100.81,902140,0.90214,,,,,
100,100.89,925020,0.92502,,,,,
100,100.45,947900,0.9479,,,,,
100,100.59,970780,0.97078,,,,,
100,100.71,993660,0.99366,,,,,
100,100.3,1016540,1.01654,,,,,
100,100.12,1040460,1.04046,,,,,
100,100.15,1064380,1.06438,,,,,
100,100.18,1088300,1.0883,,,,,
100,100.2,1112220,1.11222,,,,,
100,100.22,1136140,1.13614,,,,,
100,100.23,1160060,1.16006,,,,,
100,100.25,1183980,1.18398,,,,,
100,100.26,1207900,1.2079,,,,,
100,100.27,1231820,1.23182,,,,,
100,100.28,1255740,1.25574,,,,,
100,100.29,1279660,1.27966,,,,,
100,100.29,1303580,1.30358,,,,,
100,100.3,1327500,1.3275,,,,,
100,99.81,1351420,1.35142,,,,,
100,99.73,1374300,1.3743,,,,,
100,99.97,1397180,1.39718,,,,,
100,99.67,1420060,1.42006,,,,,
100,99.92,1442940,1.44294,,,,,
100,100.14,1465820,1.46582,,,,,
100,99.99,1489740,1.48974,,,,,
100,99.86,1512620,1.51262,,,,,
100,100.08,1535500,1.5355,,,,,
100,100.45,1559420,1.55942,,,,,
100,100.43,1583348,1.583348,,,,,
100,99.93,1607260,1.60726,,,,,
100,99.83,1630140,1.63014,,,,,
100,100.06,1653020,1.65302,,,,,
100,99.92,1676940,1.67694,,,,,
100,99.8,1699820,1.69982,,,,,
100,100.04,1722700,1.7227,,,,,
100,100.41,1746620,1.74662,,,,,
100,99.91,1770540,1.77054,,,,,
100,99.82,1793420,1.79342,,,,,
100,100.05,1816300,1.8163,,,,,
100,99.91,1840220,1.84022,,,,,
100,99.79,1863100,1.8631,,,,,
100,100.03,1885980,1.88598,,,,,
100,100.4,1909900,1.9099,,,,,
100,99.9,1933820,1.93382,,,,,
100,99.81,1956700,1.9567,,,,,
100,100.04,1979580,1.97958,,,,,
100,99.91,2003500,2.0035,,,,,
100,99.79,2026380,2.02638,,,,,
100,100.02,2049260,2.04926,,,,,
100,100.4,2073180,2.07318,,,,,
100,100.39,2097100,2.0971,,,,,
100,99.89,2121020,2.12102,,,,,
100,99.8,2143900,2.1439,,,,,
100,100.03,2166780,2.16678,,,,,
100,99.9,2190700,2.1907,,,,,
100,99.78,2213580,2.21358,,,,,
100,100.02,2236460,2.23646,,,,,
100,100.4,2260380,2.26038,,,,,
100,100.39,2284300,2.2843,,,,,
100,99.89,2308220,2.30822,,,,,
100,99.8,2331100,2.3311,,,,,
100,100.03,2353980,2.35398,,,,,
100,99.9,2377900,2.3779,,,,,
100,99.78,2400780,2.40078,,,,,
100,100.02,2423660,2.42366,,,,,
100,100.39,2447580,2.44758,,,,,
100,100.38,2471500,2.4715,,,,,
100,100.38,2495420,2.49542,,,,,
100,99.88,2519340,2.51934,,,,,
100,99.79,2542220,2.54222,,,,,
100,100.02,2565100,2.5651,,,,,
100,99.89,2589020,2.58902,,,,,
100,99.78,2611900,2.6119,,,,,
100,100.01,2634792,2.634792,,,,,
100,99.9,2658700,2.6587,,,,,
100,99.81,2681580,2.68158,,,,,
100,100.04,2704460,2.70446,,,,,
100,99.9,2728380,2.72838,,,,,
100,99.79,2751260,2.75126,,,,,
100,100.02,2774140,2.77414,,,,,
100,99.91,2798060,2.79806,,,,,
100,99.82,2820940,2.82094,,,,,
100,100.05,2843820,2.84382,,,,,
100,99.91,2867740,2.86774,,,,,
100,99.79,2890620,2.89062,,,,,
100,100.03,2913500,2.9135,,,,,
100,100.4,2937420,2.93742,,,,,
100,99.9,2961340,2.96134,,,,,
100,99.81,2984220,2.98422,,,,,
100,100.04,3007100,3.0071,,,,,
100,99.91,3031020,3.03102,,,,,
100,99.79,3053900,3.0539,,,,,
100,100.02,3076780,3.07678,,,,,
100,100.4,3100700,3.1007,,,,,
100,100.39,3124620,3.12462,,,,,
100,100.38,3148540,3.14854,,,,,
100,99.88,3172460,3.17246,,,,,
100,99.79,3195340,3.19534,,,,,
100,100.03,3218220,3.21822,,,,,
100,99.89,3242140,3.24214,,,,,
100,99.78,3265020,3.26502,,,,,
100,100.01,3287900,3.2879,,,,,
100,100.39,3311820,3.31182,,,,,
100,100.38,3335740,3.33574,,,,,
100,99.89,3359660,3.35966,,,,,
100,99.8,3382540,3.38254,,,,,
100,100.03,3405420,3.40542,,,,,
100,99.89,3429340,3.42934,,,,,
100,99.78,3452220,3.45222,,,,,
100,100.02,3475100,3.4751,,,,,
100,100.39,3499028,3.499028,,,,,
100,100.38,3522940,3.52294,,,,,
100,100.38,3546860,3.54686,,,,,
100,99.88,3570780,3.57078,,,,,
100,99.79,3593660,3.59366,,,,,
100,100.02,3616540,3.61654,,,,,
100,99.89,3640460,3.64046,,,,,
100,99.78,3663340,3.66334,,,,,
100,100.01,3686220,3.68622,,,,,
100,100.39,3710140,3.71014,,,,,
100,99.89,3734060,3.73406,,,,,
100,99.8,3756940,3.75694,,,,,
100,100.03,3779820,3.77982,,,,,
100,99.9,3803740,3.80374,,,,,
100,99.78,3826620,3.82662,,,,,
100,100.02,3849500,3.8495,,,,,
100,99.91,3873420,3.87342,,,,,
100,99.81,3896300,3.8963,,,,,
100,100.04,3919180,3.91918,,,,,
100,99.91,3943100,3.9431,,,,,
100,99.79,3965980,3.96598,,,,,
100,99.51,3988860,3.98886,,,,,
100,99.79,4011740,4.01174,,,,,
100,100.02,4034620,4.03462,,,,,
100,99.89,4058540,4.05854,,,,,
100,99.78,4081420,4.08142,,,,,
100,100.01,4104300,4.1043,,,,,
100,100.39,4128220,4.12822,,,,,
100,100.38,4152148,4.152148,,,,,
100,99.88,4176060,4.17606,,,,,
100,99.79,4198940,4.19894,,,,,
100,100.03,4221820,4.22182,,,,,
100,99.89,4245740,4.24574,,,,,
100,99.78,4268620,4.26862,,,,,
100,100.01,4291500,4.2915,,,,,
100,100.39,4315420,4.31542,,,,,
100,100.38,4339340,4.33934,,,,,
100,99.89,4363260,4.36326,,,,,
100,99.8,4386140,4.38614,,,,,
100,100.03,4409020,4.40902,,,,,
100,99.89,4432940,4.43294,,,,,
100,99.78,4455820,4.45582,,,,,
100,100.02,4478700,4.4787,,,,,
100,100.39,4502620,4.50262,,,,,
100,100.38,4526540,4.52654,,,,,
100,99.89,4550460,4.55046,,,,,
100,99.8,4573340,4.57334,,,,,
100,100.03,4596220,4.59622,,,,,
100,99.9,4620140,4.62014,,,,,
100,99.78,4643020,4.64302,,,,,
100,100.02,4665900,4.6659,,,,,
100,100.39,4689820,4.68982,,,,,
100,99.9,4713740,4.71374,,,,,
100,99.8,4736620,4.73662,,,,,
100,100.04,4759500,4.7595,,,,,
100,99.9,4783420,4.78342,,,,,
100,99.79,4806300,4.8063,,,,,
100,100.02,4829180,4.82918,,,,,
100,100.4,4853100,4.8531,,,,,
100,100.39,4877020,4.87702,,,,,
100,100.38,4900940,4.90094,,,,,
100,99.88,4924860,4.92486,,,,,
100,99.79,4947740,4.94774,,,,,
100,100.03,4970620,4.97062,,,,,
100,99.89,4994540,4.99454,,,,,
100,99.78,5017420,5.01742,,,,,
100,100.01,5040300,5.0403,,,,,
100,100.39,5064220,5.06422,,,,,
100,100.38,5088140,5.08814,,,,,
100,100.37,5112068,5.112068,,,,,
100,99.88,5135980,5.13598,,,,,
100,99.79,5158860,5.15886,,,,,
100,100.02,5181740,5.18174,,,,,
100,99.89,5205660,5.20566,,,,,
100,99.78,5228540,5.22854,,,,,
100,100.01,5251420,5.25142,,,,,
100,99.9,5275340,5.27534,,,,,
100,99.81,5298220,5.29822,,,,,
100,100.04,5321100,5.3211,,,,,
100,99.9,5345020,5.34502,,,,,
100,99.79,5367900,5.3679,,,,,
100,100.02,5390780,5.39078,,,,,
100,100.4,5414700,5.4147,,,,,
100,99.9,5438620,5.43862,,,,,
100,99.81,5461500,5.4615,,,,,
100,100.04,5484380,5.48438,,,,,
100,99.9,5508300,5.5083,,,,,
100,99.79,5531180,5.53118,,,,,
100,100.02,5554060,5.55406,,,,,
100,100.4,5577980,5.57798,,,,,
100,100.39,5601900,5.6019,,,,,
100,99.89,5625820,5.62582,,,,,
100,99.8,5648700,5.6487,,,,,
100,100.03,5671580,5.67158,,,,,
100,99.9,5695508,5.695508,,,,,
100,99.78,5718380,5.71838,,,,,
100,100.02,5741260,5.74126,,,,,
100,100.4,5765180,5.76518,,,,,
100,99.9,5789100,5.7891,,,,,
100,99.81,5811980,5.81198,,,,,
100,100.04,5834860,5.83486,,,,,
100,99.9,5858780,5.85878,,,,,
100,99.79,5881660,5.88166,,,,,
100,100.02,5904540,5.90454,,,,,
100,100.4,5928460,5.92846,,,,,
100,100.39,5952380,5.95238,,,,,
100,100.38,5976300,5.9763,,,,,
100,100.37,6000220,6.00022,,,,,
100,100.36,6024140,6.02414,,,,,
100,100.36,6048060,6.04806,,,,,
100,99.87,6071980,6.07198,,,,,
100,99.78,6094868,6.094868,,,,,
100,100.01,6117740,6.11774,,,,,
100,99.88,6141660,6.14166,,,,,
100,99.77,6164540,6.16454,,,,,
100,100.01,6187420,6.18742,,,,,
100,100.39,6211340,6.21134,,,,,
100,100.38,6235260,6.23526,,,,,
100,99.88,6259180,6.25918,,,,,
100,99.79,6282060,6.28206,,,,,
100,100.03,6304940,6.30494,,,,,
100,99.89,6328860,6.32886,,,,,
100,99.78,6351740,6.35174,,,,,
100,100.01,6374620,6.37462,,,,,
100,99.9,6398540,6.39854,,,,,
100,99.81,6421420,6.42142,,,,,
100,100.04,6444300,6.4443,,,,,
100,99.91,6468220,6.46822,,,,,
100,99.79,6491100,6.4911,,,,,
100,100.02,6513980,6.51398,,,,,
100,100.4,6537900,6.5379,,,,,
100,99.9,6561820,6.56182,,,,,
100,99.81,6584700,6.5847,,,,,
100,100.04,6607580,6.60758,,,,,
100,99.9,6631500,6.6315,,,,,
100,99.79,6654380,6.65438,,,,,
100,99.51,6677260,6.67726,,,,,
100,99.79,6700140,6.70014,,,,,
100,100.02,6723020,6.72302,,,,,
100,99.89,6746940,6.74694,,,,,
100,99.77,6769820,6.76982,,,,,
100,99.5,6792700,6.7927,,,,,
100,99.78,6815580,6.81558,,,,,
100,100.01,6838460,6.83846,,,,,
100,99.88,6862380,6.86238,,,,,
100,99.77,6885260,6.88526,,,,,
100,100,6908140,6.90814,,,,,
100,100.38,6932060,6.93206,,,,,
100,100.38,6955980,6.95598,,,,,
100,100.37,6979900,6.9799,,,,,
100,100.36,7003820,7.00382,,,,,
100,100.36,7027740,7.02774,,,,,
100,100.35,7051660,7.05166,,,,,
100,100.35,7075580,7.07558,,,,,
100,100.35,7099500,7.0995,,,,,
100,99.86,7123420,7.12342,,,,,
100,99.77,7146300,7.1463,,,,,
100,100.01,7169180,7.16918,,,,,
100,99.88,7193100,7.1931,,,,,
100,99.76,7215980,7.21598,,,,,
100,100,7238860,7.23886,,,,,
100,100.38,7262780,7.26278,,,,,
100,100.37,7286700,7.2867,,,,,
100,99.88,7310620,7.31062,,,,,
100,99.79,7333500,7.3335,,,,,
100,100.02,7356380,7.35638,,,,,
100,99.89,7380300,7.3803,,,,,
100,99.78,7403180,7.40318,,,,,
100,100.01,7426068,7.426068,,,,,
100,100.38,7449992,7.449992,,,,,
100,99.89,7473900,7.4739,,,,,
100,99.8,7496780,7.49678,,,,,
100,100.03,7519660,7.51966,,,,,
100,99.9,7543580,7.54358,,,,,
100,99.78,7566460,7.56646,,,,,
100,100.02,7589340,7.58934,,,,,
100,99.91,7613260,7.61326,,,,,
100,99.81,7636140,7.63614,,,,,
100,100.04,7659020,7.65902,,,,,
100,99.91,7682940,7.68294,,,,,
100,99.79,7705820,7.70582,,,,,
100,100.03,7728700,7.7287,,,,,
100,100.4,7752620,7.75262,,,,,
100,100.39,7776540,7.77654,,,,,
100,100.38,7800460,7.80046,,,,,
100,100.37,7824380,7.82438,,,,,
100,100.36,7848312,7.848312,,,,,
100,100.35,7872232,7.872232,,,,,
100,99.87,7896140,7.89614,,,,,
100,99.78,7919020,7.91902,,,,,
100,100.02,7941900,7.9419,,,,,
100,99.88,7965820,7.96582,,,,,
100,99.77,7988700,7.9887,,,,,
100,100.01,8011580,8.01158,,,,,
100,100.39,8035500,8.0355,,,,,
100,100.38,8059420,8.05942,,,,,
100,99.88,8083340,8.08334,,,,,
100,99.79,8106220,8.10622,,,,,
100,100.03,8129100,8.1291,,,,,
100,99.89,8153020,8.15302,,,,,
100,99.78,8175900,8.1759,,,,,
100,100.01,8198780,8.19878,,,,,
100,100.39,8222700,8.2227,,,,,
100,100.38,8246620,8.24662,,,,,
100,99.89,8270540,8.27054,,,,,
100,99.8,8293420,8.29342,,,,,
100,100.03,8316300,8.3163,,,,,
100,99.89,8340220,8.34022,,,,,
100,99.78,8363100,8.3631,,,,,
100,100.02,8385980,8.38598,,,,,
100,100.39,8409900,8.4099,,,,,
100,99.9,8433820,8.43382,,,,,
100,99.8,8456700,8.4567,,,,,
100,100.04,8479580,8.47958,,,,,
100,99.9,8503500,8.5035,,,,,
100,99.79,8526380,8.52638,,,,,
100,99.51,8549260,8.54926,,,,,
100,99.78,8572140,8.57214,,,,,
100,100.02,8595020,8.59502,,,,,
100,99.89,8618940,8.61894,,,,,
100,99.77,8641820,8.64182,,,,,
100,100.01,8664700,8.6647,,,,,
100,100.39,8688620,8.68862,,,,,
100,100.38,8712540,8.71254,,,,,
100,100.37,8736472,8.736472,,,,,
100,99.87,8760380,8.76038,,,,,
100,99.79,8783260,8.78326,,,,,
100,100.02,8806140,8.80614,,,,,
100,99.89,8830060,8.83006,,,,,
100,99.78,8852940,8.85294,,,,,
100,100.01,8875820,8.87582,,,,,
100,99.9,8899740,8.89974,,,,,
100,99.81,8922620,8.92262,,,,,
100,100.04,8945500,8.9455,,,,,
100,99.9,8969420,8.96942,,,,,
100,99.79,8992300,8.9923,,,,,
100,100.02,9015180,9.01518,,,,,
100,100.4,9039100,9.0391,,,,,
100,100.39,9063020,9.06302,,,,,
100,100.38,9086940,9.08694,,,,,
100,99.88,9110860,9.11086,,,,,
100,99.79,9133740,9.13374,,,,,
100,100.02,9156628,9.156628,,,,,
100,99.89,9180540,9.18054,,,,,
100,99.78,9203420,9.20342,,,,,
100,100.01,9226300,9.2263,,,,,
100,100.39,9250220,9.25022,,,,,
100,99.9,9274140,9.27414,,,,,
100,99.8,9297020,9.29702,,,,,
100,100.03,9319900,9.3199,,,,,
100,99.9,9343820,9.34382,,,,,
100,99.78,9366700,9.3667,,,,,
100,100.02,9389580,9.38958,,,,,
100,100.4,9413500,9.4135,,,,,
100,100.39,9437420,9.43742,,,,,
100,99.89,9461340,9.46134,,,,,
100,99.8,9484220,9.48422,,,,,
100,100.03,9507100,9.5071,,,,,
100,99.9,9531020,9.53102,,,,,
100,99.78,9553900,9.5539,,,,,
100,100.02,9576780,9.57678,,,,,
100,100.4,9600700,9.6007,,,,,
100,100.39,9624620,9.62462,,,,,
100,100.38,9648540,9.64854,,,,,
100,99.88,9672460,9.67246,,,,,
100,99.79,9695340,9.69534,,,,,
100,100.02,9718220,9.71822,,,,,
100,99.89,9742140,9.74214,,,,,
100,99.78,9765020,9.76502,,,,,
100,100.01,9787900,9.7879,,,,,
100,100.39,9811820,9.81182,,,,,
100,100.38,9835740,9.83574,,,,,
100,99.89,9859660,9.85966,,,,,
100,99.79,9882540,9.88254,,,,,
100,100.03,9905420,9.90542,,,,,
100,99.89,9929340,9.92934,,,,,
100,99.78,9952220,9.95222,,,,,
100,100.02,9975100,9.9751,,,,,
100,100.39,9999020,9.99902,,,,,
100,99.9,10022940,10.02294,,,,,
100,99.47,10046860,10.04686,,,,,
100,99.6,10070780,10.07078,,,,,
100,99.7,10094700,10.0947,,,,,
100,99.79,10118620,10.11862,,,,,
100,99.87,10142540,10.14254,,,,,
100,99.94,10166460,10.16646,,,,,
100,99.99,10190380,10.19038,,,,,
100,100.04,10214300,10.2143,,,,,
100,100.25,10239260,10.23926,,,,,
100,100.12,10264220,10.26422,,,,,
100,100,10289180,10.28918,,,,,
100,100.38,10314140,10.31414,,,,,
100,100.23,10339100,10.3391,,,,,
100,100.1,10364060,10.36406,,,,,
100,99.99,10389020,10.38902,,,,,
100,99.73,10412940,10.41294,,,,,
100,99.82,10436860,10.43686,,,,,
100,99.89,10460780,10.46078,,,,,
100,99.96,10484700,10.4847,,,,,
100,100.01,10508620,10.50862,,,,,
100,100.22,10533580,10.53358,,,,,
100,100.56,10558540,10.55854,,,,,
100,100.39,10583500,10.5835,,,,,
100,100.23,10608460,10.60846,,,,,
100,100.11,10633420,10.63342,,,,,
100,100,10658380,10.65838,,,,,
100,100.37,10683340,10.68334,,,,,
100,100.22,10708300,10.7083,,,,,
100,100.09,10733260,10.73326,,,,,
100,99.99,10758220,10.75822,,,,,
100,99.73,10782140,10.78214,,,,,
100,99.82,10806060,10.80606,,,,,
100,99.89,10829980,10.82998,,,,,
100,99.96,10853900,10.8539,,,,,
100,100.01,10877820,10.87782,,,,,
100,100.22,10902780,10.90278,,,,,
100,100.56,10927740,10.92774,,,,,
100,100.38,10952700,10.9527,,,,,
100,100.23,10977660,10.97766,,,,,
100,100.1,11002620,11.00262,,,,,
100,99.99,11027580,11.02758,,,,,
100,99.72,11051500,11.0515,,,,,
100,99.32,11075420,11.07542,,,,,
100,99.47,11099340,11.09934,,,,,
100,99.59,11123260,11.12326,,,,,
100,99.7,11147180,11.14718,,,,,
100,99.79,11171100,11.1711,,,,,
100,99.87,11195020,11.19502,,,,,
100,99.94,11218940,11.21894,,,,,
100,99.99,11242860,11.24286,,,,,
100,100.04,11266780,11.26678,,,,,
100,100.25,11291740,11.29174,,,,,
100,100.58,11316700,11.3167,,,,,
100,100.4,11341660,11.34166,,,,,
100,100.25,11366620,11.36662,,,,,
100,100.12,11391580,11.39158,,,,,
100,100.01,11416540,11.41654,,,,,
100,100.38,11441512,11.441512,,,,,
100,100.23,11466460,11.46646,,,,,
100,100.1,11491420,11.49142,,,,,
100,99.99,11516380,11.51638,,,,,
100,99.74,11540300,11.5403,,,,,
100,99.82,11564220,11.56422,,,,,
100,99.9,11588140,11.58814,,,,,
100,99.96,11612060,11.61206,,,,,
100,100.01,11635980,11.63598,,,,,
100,100.22,11660940,11.66094,,,,,
100,100.09,11685908,11.685908,,,,,
100,99.98,11710860,11.71086,,,,,
100,100.2,11734780,11.73478,,,,,
100,100.38,11759740,11.75974,,,,,
100,100.23,11784700,11.7847,,,,,
100,100.1,11809660,11.80966,,,,,
100,99.99,11834620,11.83462,,,,,
100,99.74,11858540,11.85854,,,,,
100,99.82,11882460,11.88246,,,,,
100,99.9,11906380,11.90638,,,,,
100,99.96,11930300,11.9303,,,,,
100,100.01,11954220,11.95422,,,,,
100,99.75,11979180,11.97918,,,,,
100,99.53,12003100,12.0031,,,,,
100,99.65,12027020,12.02702,,,,,
100,99.75,12050940,12.05094,,,,,
100,99.83,12074860,12.07486,,,,,
100,99.9,12098780,12.09878,,,,,
100,99.97,12122700,12.1227,,,,,
100,100.02,12146620,12.14662,,,,,
100,100.23,12171580,12.17158,,,,,
100,100.1,12196540,12.19654,,,,,
100,99.99,12221500,12.2215,,,,,
100,100.2,12245420,12.24542,,,,,
100,99.91,12270380,12.27038,,,,,
100,99.67,12294300,12.2943,,,,,
100,99.77,12318220,12.31822,,,,,
100,99.85,12342140,12.34214,,,,,
100,99.92,12366060,12.36606,,,,,
100,99.98,12389980,12.38998,,,,,
100,100.03,12413900,12.4139,,,,,
100,100.23,12438860,12.43886,,,,,
100,100.11,12463820,12.46382,,,,,
100,100,12488780,12.48878,,,,,
100,100.37,12513740,12.51374,,,,,
100,100.22,12538700,12.5387,,,,,
100,100.09,12563660,12.56366,,,,,
100,99.99,12588620,12.58862,,,,,
100,99.73,12612540,12.61254,,,,,
100,99.82,12636460,12.63646,,,,,
100,99.89,12660380,12.66038,,,,,
100,99.95,12684308,12.684308,,,,,
100,100.01,12708220,12.70822,,,,,
100,100.22,12733180,12.73318,,,,,
100,100.09,12758140,12.75814,,,,,
100,99.98,12783100,12.7831,,,,,
100,100.2,12807020,12.80702,,,,,
100,100.38,12831980,12.83198,,,,,
100,100.23,12856940,12.85694,,,,,
100,100.1,12881900,12.8819,,,,,
100,99.99,12906860,12.90686,,,,,
100,99.74,12930780,12.93078,,,,,
100,99.82,12954700,12.9547,,,,,
100,99.9,12978620,12.97862,,,,,
100,99.96,13002540,13.00254,,,,,
100,100.01,13026460,13.02646,,,,,
100,100.22,13051420,13.05142,,,,,
100,100.09,13076380,13.07638,,,,,
100,99.99,13101340,13.10134,,,,,
100,100.2,13125260,13.12526,,,,,
100,99.91,13150228,13.150228,,,,,
100,99.67,13174140,13.17414,,,,,
100,99.76,13198060,13.19806,,,,,
100,99.85,13221980,13.22198,,,,,
100,99.92,13245900,13.2459,,,,,
100,99.98,13269820,13.26982,,,,,
100,100.03,13293740,13.29374,,,,,
100,100.23,13318700,13.3187,,,,,
100,100.11,13343660,13.34366,,,,,
100,100,13368620,13.36862,,,,,
100,99.9,13393580,13.39358,,,,,
100,99.66,13417500,13.4175,,,,,
100,99.76,13441420,13.44142,,,,,
100,99.84,13465340,13.46534,,,,,
100,99.91,13489260,13.48926,,,,,
100,99.97,13513180,13.51318,,,,,
100,100.02,13537100,13.5371,,,,,
100,100.23,13562060,13.56206,,,,,
100,100.1,13587020,13.58702,,,,,
100,99.99,13611980,13.61198,,,,,
100,100.2,13635900,13.6359,,,,,
100,100.38,13660860,13.66086,,,,,
100,100.23,13685820,13.68582,,,,,
100,100.11,13710780,13.71078,,,,,
100,100,13735740,13.73574,,,,,
100,99.9,13760700,13.7607,,,,,
100,100.13,13784620,13.78462,,,,,
100,99.85,13809580,13.80958,,,,,
100,99.61,13833500,13.8335,,,,,
100,99.72,13857420,13.85742,,,,,
100,99.81,13881340,13.88134,,,,,
100,99.88,13905260,13.90526,,,,,
100,99.95,13929180,13.92918,,,,,
100,100,13953100,13.9531,,,,,
100,100.21,13978060,13.97806,,,,,
100,100.09,14003020,14.00302,,,,,
100,99.98,14027980,14.02798,,,,,
100,100.19,14051900,14.0519,,,,,
100,99.91,14076860,14.07686,,,,,
100,99.66,14100780,14.10078,,,,,
100,99.76,14124700,14.1247,,,,,
100,99.84,14148628,14.148628,,,,,
100,99.91,14172540,14.17254,,,,,
100,99.98,14196460,14.19646,,,,,
100,100.03,14220380,14.22038,,,,,
100,99.77,14245340,14.24534,,,,,
100,99.54,14269260,14.26926,,,,,
100,99.66,14293180,14.29318,,,,,
100,99.75,14317100,14.3171,,,,,
100,99.84,14341020,14.34102,,,,,
100,99.91,14364940,14.36494,,,,,
100,99.97,14388860,14.38886,,,,,
100,100.02,14412780,14.41278,,,,,
100,100.23,14437740,14.43774,,,,,
100,100.1,14462700,14.4627,,,,,
100,99.99,14487660,14.48766,,,,,
100,100.2,14511580,14.51158,,,,,
100,100.38,14536540,14.53654,,,,,
100,100.23,14561500,14.5615,,,,,
100,100.1,14586460,14.58646,,,,,
100,99.99,14611420,14.61142,,,,,
100,99.74,14635340,14.63534,,,,,
100,99.82,14659260,14.65926,,,,,
100,99.9,14683180,14.68318,,,,,
100,99.96,14707100,14.7071,,,,,
100,100.01,14731020,14.73102,,,,,
100,100.22,14755980,14.75598,,,,,
100,100.1,14780940,14.78094,,,,,
100,99.99,14805900,14.8059,,,,,
100,100.2,14829820,14.82982,,,,,
100,100.38,14854780,14.85478,,,,,
100,100.23,14879740,14.87974,,,,,
100,100.1,14904700,14.9047,,,,,
100,99.99,14929660,14.92966,,,,,
100,99.74,14953580,14.95358,,,,,
100,99.82,14977500,14.9775,,,,,
100,99.9,15001420,15.00142,,,,,
100,99.96,15025340,15.02534,,,,,
100,100.01,15049260,15.04926,,,,,
100,100.22,15074220,15.07422,,,,,
100,100.09,15099180,15.09918,,,,,
100,99.99,15124140,15.12414,,,,,
100,100.2,15148060,15.14806,,,,,
100,100.38,15173032,15.173032,,,,,
100,100.23,15197980,15.19798,,,,,
100,100.1,15222940,15.22294,,,,,
100,99.99,15247900,15.2479,,,,,
100,99.74,15271820,15.27182,,,,,
100,99.82,15295740,15.29574,,,,,
100,99.9,15319660,15.31966,,,,,
100,99.96,15343580,15.34358,,,,,
100,100.01,15367500,15.3675,,,,,
100,100.22,15392460,15.39246,,,,,
100,100.09,15417420,15.41742,,,,,
100,99.99,15442380,15.44238,,,,,
100,100.2,15466300,15.4663,,,,,
100,99.91,15491260,15.49126,,,,,
100,99.67,15515180,15.51518,,,,,
100,99.76,15539100,15.5391,,,,,
100,99.85,15563020,15.56302,,,,,
100,99.92,15586940,15.58694,,,,,
100,99.98,15610860,15.61086,,,,,
100,100.03,15634780,15.63478,,,,,
100,99.77,15659740,15.65974,,,,,
100,99.54,15683660,15.68366,,,,,
100,99.66,15707580,15.70758,,,,,
100,99.76,15731500,15.7315,,,,,
100,99.84,15755420,15.75542,,,,,
100,99.91,15779340,15.77934,,,,,
100,99.97,15803260,15.80326,,,,,
100,100.02,15827180,15.82718,,,,,
100,100.23,15852140,15.85214,,,,,
100,100.1,15877100,15.8771,,,,,
100,99.99,15902060,15.90206,,,,,
100,100.2,15925980,15.92598,,,,,
100,100.38,15950940,15.95094,,,,,
100,100.23,15975900,15.9759,,,,,
100,100.11,16000860,16.00086,,,,,
100,100,16025820,16.02582,,,,,
100,99.9,16050780,16.05078,,,,,
100,100.13,16074700,16.0747,,,,,
100,99.85,16099660,16.09966,,,,,
100,99.61,16123580,16.12358,,,,,
100,99.72,16147500,16.1475,,,,,
100,99.81,16171420,16.17142,,,,,
100,99.88,16195340,16.19534,,,,,
100,99.95,16219260,16.21926,,,,,
100,100,16243180,16.24318,,,,,
100,100.21,16268140,16.26814,,,,,
100,100.09,16293100,16.2931,,,,,
100,99.98,16318060,16.31806,,,,,
100,100.19,16341980,16.34198,,,,,
100,100.38,16366940,16.36694,,,,,
100,100.23,16391900,16.3919,,,,,
100,100.1,16416860,16.41686,,,,,
100,99.99,16441820,16.44182,,,,,
100,99.73,16465740,16.46574,,,,,
100,99.82,16489660,16.48966,,,,,
100,99.89,16513580,16.51358,,,,,
100,99.96,16537500,16.5375,,,,,
100,100.01,16561420,16.56142,,,,,
100,100.22,16586380,16.58638,,,,,
100,100.09,16611348,16.611348,,,,,
100,99.98,16636300,16.6363,,,,,
100,100.2,16660220,16.66022,,,,,
100,100.38,16685188,16.685188,,,,,
100,100.23,16710140,16.71014,,,,,
100,100.1,16735100,16.7351,,,,,
100,99.99,16760060,16.76006,,,,,
100,99.74,16783980,16.78398,,,,,
100,99.82,16807900,16.8079,,,,,
100,99.9,16831820,16.83182,,,,,
100,99.96,16855740,16.85574,,,,,
100,100.01,16879660,16.87966,,,,,
100,100.22,16904620,16.90462,,,,,
100,100.09,16929580,16.92958,,,,,
100,99.99,16954540,16.95454,,,,,
100,100.2,16978460,16.97846,,,,,
100,99.91,17003420,17.00342,,,,,
100,99.67,17027340,17.02734,,,,,
100,99.76,17051260,17.05126,,,,,
100,99.85,17075180,17.07518,,,,,
100,99.92,17099100,17.0991,,,,,
100,99.98,17123020,17.12302,,,,,
100,100.03,17146940,17.14694,,,,,
100,100.23,17171900,17.1719,,,,,
100,100.11,17196860,17.19686,,,,,
100,100,17221820,17.22182,,,,,
100,99.9,17246780,17.24678,,,,,
100,99.66,17270700,17.2707,,,,,
100,99.76,17294620,17.29462,,,,,
100,99.84,17318540,17.31854,,,,,
100,99.91,17342460,17.34246,,,,,
100,99.97,17366380,17.36638,,,,,
100,100.02,17390300,17.3903,,,,,
100,100.23,17415260,17.41526,,,,,
100,100.57,17440220,17.44022,,,,,
100,100.39,17465180,17.46518,,,,,
100,100.24,17490140,17.49014,,,,,
100,100.11,17515100,17.5151,,,,,
100,100,17540060,17.54006,,,,,
100,100.37,17565020,17.56502,,,,,
100,100.22,17589980,17.58998,,,,,
100,100.1,17614940,17.61494,,,,,
100,99.99,17639900,17.6399,,,,,
100,99.73,17663820,17.66382,,,,,
100,99.82,17687740,17.68774,,,,,
100,99.89,17711660,17.71166,,,,,
100,99.96,17735580,17.73558,,,,,
100,100.01,17759500,17.7595,,,,,
100,99.75,17784460,17.78446,,,,,
100,99.04,17808380,17.80838,,,,,
100,98.74,17832300,17.8323,,,,,
100,98.97,17856220,17.85622,,,,,
100,99.17,17880140,17.88014,,,,,
100,99.34,17904060,17.90406,,,,,
100,99.48,17927980,17.92798,,,,,
100,100.1,17951900,17.9519,,,,,
100,100.31,17976860,17.97686,,,,,
100,100.17,18001820,18.00182,,,,,
100,100.52,18026780,18.02678,,,,,
100,100.35,18051740,18.05174,,,,,
100,100.2,18076700,18.0767,,,,,
100,100.55,18101660,18.10166,,,,,
100,100.37,18126620,18.12662,,,,,
100,100.22,18151580,18.15158,,,,,
100,100.1,18176540,18.17654,,,,,
100,99.99,18201500,18.2015,,,,,
100,100.2,18225420,18.22542,,,,,
100,100.38,18250380,18.25038,,,,,
100,100.23,18275348,18.275348,,,,,
100,100.1,18300300,18.3003,,,,,
100,100.46,18325272,18.325272,,,,,
100,100.3,18350220,18.35022,,,,,
100,100.16,18375180,18.37518,,,,,
100,100.04,18400140,18.40014,,,,,
100,99.94,18425100,18.4251,,,,,
100,100.16,18449020,18.44902,,,,,
100,99.88,18473980,18.47398,,,,,
100,99.64,18497900,18.4979,,,,,
100,99.74,18521820,18.52182,,,,,
100,99.83,18545740,18.54574,,,,,
100,99.9,18569660,18.56966,,,,,
100,99.96,18593580,18.59358,,,,,
100,100.02,18617500,18.6175,,,,,
100,100.22,18642460,18.64246,,,,,
100,100.1,18667420,18.66742,,,,,
100,99.99,18692380,18.69238,,,,,
100,100.2,18716300,18.7163,,,,,
100,100.38,18741268,18.741268,,,,,
100,100.23,18766220,18.76622,,,,,
100,100.1,18791180,18.79118,,,,,
100,99.99,18816140,18.81614,,,,,
100,99.74,18840060,18.84006,,,,,
100,99.82,18863980,18.86398,,,,,
100,99.9,18887900,18.8879,,,,,
100,99.96,18911820,18.91182,,,,,
100,100.01,18935740,18.93574,,,,,
100,100.22,18960700,18.9607,,,,,
100,100.09,18985660,18.98566,,,,,
100,99.99,19010620,19.01062,,,,,
100,100.2,19034540,19.03454,,,,,
100,99.91,19059500,19.0595,,,,,
100,99.67,19083420,19.08342,,,,,
100,99.76,19107340,19.10734,,,,,
100,99.85,19131260,19.13126,,,,,
100,99.92,19155180,19.15518,,,,,
100,99.98,19179100,19.1791,,,,,
100,100.03,19203020,19.20302,,,,,
100,100.23,19227992,19.227992,,,,,
100,100.1,19252940,19.25294,,,,,
100,100,19277900,19.2779,,,,,
100,99.9,19302860,19.30286,,,,,
100,99.66,19326780,19.32678,,,,,
100,99.76,19350700,19.3507,,,,,
100,99.84,19374620,19.37462,,,,,
100,99.91,19398540,19.39854,,,,,
100,99.97,19422460,19.42246,,,,,
100,100.02,19446380,19.44638,,,,,
100,100.23,19471340,19.47134,,,,,
100,100.1,19496300,19.4963,,,,,
100,99.99,19521260,19.52126,,,,,
100,100.2,19545180,19.54518,,,,,
100,100.38,19570140,19.57014,,,,,
100,100.23,19595100,19.5951,,,,,
100,99.64,19620060,19.62006,,,,,
100,99.43,19643980,19.64398,,,,,
100,99.56,19667900,19.6679,,,,,
100,99.67,19691820,19.69182,,,,,
100,99.77,19715740,19.71574,,,,,
100,99.85,19739668,19.739668,,,,,
100,99.92,19763580,19.76358,,,,,
100,99.98,19787500,19.7875,,,,,
100,100.03,19811420,19.81142,,,,,
100,100.24,19836380,19.83638,,,,,
100,100.11,19861340,19.86134,,,,,
100,100,19886300,19.8863,,,,,
100,100.37,19911260,19.91126,,,,,
100,100.22,19936220,19.93622,,,,,
100,100.1,19961180,19.96118,,,,,
100,99.99,19986140,19.98614,,,,,
100,99.73,20010060,20.01006,,,,,
100,99.82,20033980,20.03398,,,,,
100,99.89,20057900,20.0579,,,,,
100,99.96,20081820,20.08182,,,,,
100,100.01,20105740,20.10574,,,,,
100,100.22,20130700,20.1307,,,,,
100,100.56,20155660,20.15566,,,,,
100,100.38,20180620,20.18062,,,,,
100,100.23,20205588,20.205588,,,,,
100,100.1,20230540,20.23054,,,,,
100,99.99,20255500,20.2555,,,,,
100,100.21,20279420,20.27942,,,,,
100,99.92,20304380,20.30438,,,,,
100,99.67,20328300,20.3283,,,,,
100,99.77,20352220,20.35222,,,,,
100,99.85,20376140,20.37614,,,,,
100,99.92,20400060,20.40006,,,,,
100,99.98,20423980,20.42398,,,,,
100,100.03,20447900,20.4479,,,,,
100,100.24,20472860,20.47286,,,,,
100,100.11,20497820,20.49782,,,,,
100,100,20522780,20.52278,,,,,
100,100.37,20547740,20.54774,,,,,
100,100.22,20572700,20.5727,,,,,
100,100.09,20597660,20.59766,,,,,
100,99.99,20622620,20.62262,,,,,
100,99.73,20646540,20.64654,,,,,
100,99.82,20670460,20.67046,,,,,
100,99.89,20694380,20.69438,,,,,
100,99.96,20718300,20.7183,,,,,
100,100.01,20742220,20.74222,,,,,
100,100.22,20767180,20.76718,,,,,
100,100.09,20792140,20.79214,,,,,
100,99.98,20817100,20.8171,,,,,
100,100.2,20841020,20.84102,,,,,
100,99.91,20865980,20.86598,,,,,
100,99.67,20889900,20.8899,,,,,
100,99.76,20913820,20.91382,,,,,
100,99.84,20937748,20.937748,,,,,
100,99.91,20961660,20.96166,,,,,
100,99.98,20985580,20.98558,,,,,
100,100.03,21009500,21.0095,,,,,
100,100.23,21034460,21.03446,,,,,
100,100.11,21059420,21.05942,,,,,
100,100,21084380,21.08438,,,,,
100,100.37,21109340,21.10934,,,,,
100,100.22,21134300,21.1343,,,,,
100,100.09,21159260,21.15926,,,,,
100,99.99,21184220,21.18422,,,,,
100,99.73,21208140,21.20814,,,,,
100,99.82,21232060,21.23206,,,,,
100,99.89,21255980,21.25598,,,,,
100,99.96,21279900,21.2799,,,,,
100,100.01,21303820,21.30382,,,,,
100,100.22,21328780,21.32878,,,,,
100,100.09,21353740,21.35374,,,,,
100,99.98,21378700,21.3787,,,,,
100,100.2,21402620,21.40262,,,,,
100,99.91,21427580,21.42758,,,,,
100,99.67,21451500,21.4515,,,,,
100,99.76,21475420,21.47542,,,,,
100,99.85,21499340,21.49934,,,,,
100,99.92,21523260,21.52326,,,,,
100,99.98,21547180,21.54718,,,,,
100,100.03,21571100,21.5711,,,,,
100,100.23,21596060,21.59606,,,,,
100,100.1,21621020,21.62102,,,,,
100,99.99,21645980,21.64598,,,,,
100,100.2,21669908,21.669908,,,,,
100,100.38,21694860,21.69486,,,,,
100,100.24,21719820,21.71982,,,,,
100,100.11,21744780,21.74478,,,,,
100,100,21769740,21.76974,,,,,
100,99.9,21794700,21.7947,,,,,
100,100.13,21818620,21.81862,,,,,
100,99.85,21843580,21.84358,,,,,
100,99.62,21867500,21.8675,,,,,
100,99.72,21891420,21.89142,,,,,
100,99.81,21915340,21.91534,,,,,
100,99.88,21939260,21.93926,,,,,
100,99.95,21963180,21.96318,,,,,
100,100,21987100,21.9871,,,,,
100,100.21,22012060,22.01206,,,,,
100,100.09,22037020,22.03702,,,,,
100,99.98,22061980,22.06198,,,,,
100,100.19,22085900,22.0859,,,,,
100,100.38,22110860,22.11086,,,,,
100,100.22,22135828,22.135828,,,,,
100,100.1,22160780,22.16078,,,,,
100,99.99,22185740,22.18574,,,,,
100,99.73,22209660,22.20966,,,,,
100,99.82,22233580,22.23358,,,,,
100,99.89,22257500,22.2575,,,,,
100,99.96,22281420,22.28142,,,,,
100,100.01,22305340,22.30534,,,,,
100,100.22,22330300,22.3303,,,,,
100,100.09,22355260,22.35526,,,,,
100,99.99,22380220,22.38022,,,,,
100,100.2,22404140,22.40414,,,,,
100,99.91,22429100,22.4291,,,,,
100,99.67,22453020,22.45302,,,,,
100,99.76,22476940,22.47694,,,,,
100,99.85,22500860,22.50086,,,,,
100,99.92,22524780,22.52478,,,,,
100,99.98,22548700,22.5487,,,,,
100,100.03,22572620,22.57262,,,,,
100,100.23,22597580,22.59758,,,,,
100,100.57,22622552,22.622552,,,,,
100,100.39,22647500,22.6475,,,,,
100,100.24,22672460,22.67246,,,,,
100,100.11,22697420,22.69742,,,,,
100,100,22722380,22.72238,,,,,
100,99.91,22747340,22.74734,,,,,
100,99.66,22771260,22.77126,,,,,
100,99.76,22795180,22.79518,,,,,
100,99.84,22819100,22.8191,,,,,
100,99.91,22843020,22.84302,,,,,
100,99.97,22866940,22.86694,,,,,
100,100.03,22890860,22.89086,,,,,
100,100.23,22915820,22.91582,,,,,
100,100.57,22940780,22.94078,,,,,
100,100.39,22965740,22.96574,,,,,
100,100.24,22990700,22.9907,,,,,
100,100.11,23015660,23.01566,,,,,
100,100,23040620,23.04062,,,,,
100,99.91,23065580,23.06558,,,,,
100,99.66,23089500,23.0895,,,,,
100,99.76,23113420,23.11342,,,,,
100,99.84,23137340,23.13734,,,,,
100,99.91,23161260,23.16126,,,,,
100,99.97,23185180,23.18518,,,,,
100,100.03,23209100,23.2091,,,,,
100,100.23,23234060,23.23406,,,,,
100,100.57,23259020,23.25902,,,,,
100,100.39,23283980,23.28398,,,,,
100,100.24,23308940,23.30894,,,,,
100,100.11,23333908,23.333908,,,,,
100,100,23358860,23.35886,,,,,
100,99.91,23383820,23.38382,,,,,
100,99.66,23407740,23.40774,,,,,
100,99.76,23431660,23.43166,,,,,
100,99.84,23455580,23.45558,,,,,
100,99.91,23479500,23.4795,,,,,
100,99.97,23503420,23.50342,,,,,
100,100.03,23527340,23.52734,,,,,
100,100.23,23552300,23.5523,,,,,
100,100.1,23577260,23.57726,,,,,
100,99.99,23602220,23.60222,,,,,
100,100.21,23626140,23.62614,,,,,
100,99.92,23651100,23.6511,,,,,
100,99.67,23675020,23.67502,,,,,
100,99.77,23698940,23.69894,,,,,
100,99.85,23722860,23.72286,,,,,
100,99.92,23746780,23.74678,,,,,
100,99.98,23770700,23.7707,,,,,
100,100.03,23794620,23.79462,,,,,
100,99.77,23819580,23.81958,,,,,
100,99.54,23843500,23.8435,,,,,
100,99.66,23867420,23.86742,,,,,
100,99.76,23891340,23.89134,,,,,
100,99.84,23915260,23.91526,,,,,
100,99.91,23939180,23.93918,,,,,
100,99.97,23963100,23.9631,,,,,
100,100.02,23987020,23.98702,,,,,
100,100.23,24011980,24.01198,,,,,
100,100.1,24036940,24.03694,,,,,
100,99.99,24061900,24.0619,,,,,
100,100.2,24085820,24.08582,,,,,
100,99.92,24110780,24.11078,,,,,
100,99.67,24134700,24.1347,,,,,
100,99.77,24158620,24.15862,,,,,
100,99.85,24182540,24.18254,,,,,
100,99.92,24206460,24.20646,,,,,
100,99.98,24230380,24.23038,,,,,
100,100.03,24254300,24.2543,,,,,
100,100.24,24279260,24.27926,,,,,
100,100.11,24304220,24.30422,,,,,
100,100,24329180,24.32918,,,,,
100,99.9,24354140,24.35414,,,,,
100,99.66,24378060,24.37806,,,,,
100,99.76,24401980,24.40198,,,,,
100,99.84,24425900,24.4259,,,,,
100,99.91,24449820,24.44982,,,,,
100,99.97,24473740,24.47374,,,,,
100,100.02,24497660,24.49766,,,,,
100,100.23,24522620,24.52262,,,,,
100,100.57,24547580,24.54758,,,,,
100,100.39,24572540,24.57254,,,,,
100,100.24,24597500,24.5975,,,,,
100,100.11,24622460,24.62246,,,,,
100,100,24647420,24.64742,,,,,
100,100.37,24672380,24.67238,,,,,
100,100.22,24697340,24.69734,,,,,
100,100.1,24722300,24.7223,,,,,
100,100.45,24747272,24.747272,,,,,
100,100.29,24772220,24.77222,,,,,
100,100.16,24797180,24.79718,,,,,
100,100.04,24822140,24.82214,,,,,
100,99.94,24847100,24.8471,,,,,
100,100.16,24871020,24.87102,,,,,
100,99.88,24895980,24.89598,,,,,
100,99.64,24919900,24.9199,,,,,
100,99.74,24943820,24.94382,,,,,
100,99.82,24967740,24.96774,,,,,
100,99.9,24991660,24.99166,,,,,
100,99.96,25015580,25.01558,,,,,
100,100.01,25039500,25.0395,,,,,
100,100.22,25064468,25.064468,,,,,
100,100.09,25089420,25.08942,,,,,
100,99.99,25114380,25.11438,,,,,
100,100.2,25138300,25.1383,,,,,
100,99.91,25163260,25.16326,,,,,
100,99.67,25187180,25.18718,,,,,
100,99.76,25211100,25.2111,,,,,
100,99.85,25235020,25.23502,,,,,
100,99.92,25258940,25.25894,,,,,
100,99.98,25282860,25.28286,,,,,
100,100.03,25306780,25.30678,,,,,
100,100.23,25331740,25.33174,,,,,
100,100.11,25356700,25.3567,,,,,
100,100,25381660,25.38166,,,,,
100,100.37,25406620,25.40662,,,,,
100,100.22,25431580,25.43158,,,,,
100,100.09,25456540,25.45654,,,,,
100,99.99,25481500,25.4815,,,,,
100,99.73,25505420,25.50542,,,,,
100,99.82,25529340,25.52934,,,,,
100,99.89,25553260,25.55326,,,,,
100,99.96,25577180,25.57718,,,,,
100,100.01,25601100,25.6011,,,,,
100,100.22,25626060,25.62606,,,,,
100,100.09,25651020,25.65102,,,,,
100,99.98,25675980,25.67598,,,,,
100,100.2,25699900,25.6999,,,,,
100,100.38,25724860,25.72486,,,,,
100,100.23,25749820,25.74982,,,,,
100,100.1,25774780,25.77478,,,,,
100,99.99,25799740,25.79974,,,,,
100,99.74,25823660,25.82366,,,,,
100,99.82,25847580,25.84758,,,,,
100,99.9,25871500,25.8715,,,,,
100,99.96,25895420,25.89542,,,,,
100,100.01,25919340,25.91934,,,,,
100,99.75,25944300,25.9443,,,,,
100,99.53,25968220,25.96822,,,,,
100,99.65,25992140,25.99214,,,,,
100,99.75,26016060,26.01606,,,,,
100,99.83,26039980,26.03998,,,,,
100,99.9,26063900,26.0639,,,,,
100,99.97,26087820,26.08782,,,,,
100,100.02,26111740,26.11174,,,,,
100,100.23,26136700,26.1367,,,,,
100,100.1,26161660,26.16166,,,,,
100,99.99,26186620,26.18662,,,,,
100,100.2,26210540,26.21054,,,,,
100,99.91,26235500,26.2355,,,,,
100,99.67,26259420,26.25942,,,,,
100,99.77,26283340,26.28334,,,,,
100,99.85,26307260,26.30726,,,,,
100,99.92,26331180,26.33118,,,,,
100,99.98,26355100,26.3551,,,,,
100,100.03,26379020,26.37902,,,,,
100,100.23,26403980,26.40398,,,,,
100,100.11,26428940,26.42894,,,,,
100,100,26453900,26.4539,,,,,
100,99.9,26478860,26.47886,,,,,
100,99.66,26502780,26.50278,,,,,
100,99.76,26526700,26.5267,,,,,
100,99.84,26550620,26.55062,,,,,
100,99.91,26574540,26.57454,,,,,
100,99.97,26598460,26.59846,,,,,
100,100.02,26622380,26.62238,,,,,
100,100.23,26647340,26.64734,,,,,
100,100.57,26672300,26.6723,,,,,
100,100.39,26697260,26.69726,,,,,
100,100.24,26722220,26.72222,,,,,
100,100.11,26747180,26.74718,,,,,
100,100,26772140,26.77214,,,,,
100,99.91,26797100,26.7971,,,,,
100,99.66,26821020,26.82102,,,,,
100,99.76,26844940,26.84494,,,,,
100,99.84,26868860,26.86886,,,,,
100,99.91,26892780,26.89278,,,,,
100,99.97,26916700,26.9167,,,,,
100,100.02,26940620,26.94062,,,,,
100,100.23,26965580,26.96558,,,,,
100,100.57,26990540,26.99054,,,,,
100,100.39,27015500,27.0155,,,,,
100,100.24,27040460,27.04046,,,,,
100,100.11,27065420,27.06542,,,,,
100,100,27090380,27.09038,,,,,
100,99.91,27115340,27.11534,,,,,
100,99.66,27139260,27.13926,,,,,
100,99.76,27163180,27.16318,,,,,
100,99.84,27187100,27.1871,,,,,
100,99.91,27211020,27.21102,,,,,
100,99.97,27234940,27.23494,,,,,
100,100.02,27258860,27.25886,,,,,
100,100.23,27283820,27.28382,,,,,
100,100.1,27308780,27.30878,,,,,
100,99.99,27333740,27.33374,,,,,
100,100.21,27357660,27.35766,,,,,
100,100.39,27382620,27.38262,,,,,
100,100.23,27407580,27.40758,,,,,
100,100.11,27432540,27.43254,,,,,
100,100,27457500,27.4575,,,,,
100,99.9,27482460,27.48246,,,,,
100,100.13,27506380,27.50638,,,,,
100,99.85,27531340,27.53134,,,,,
100,99.62,27555260,27.55526,,,,,
100,99.72,27579180,27.57918,,,,,
100,99.81,27603100,27.6031,,,,,
100,99.88,27627020,27.62702,,,,,
100,99.95,27650940,27.65094,,,,,
100,100,27674860,27.67486,,,,,
100,99.75,27699820,27.69982,,,,,
100,99.53,27723740,27.72374,,,,,
100,99.64,27747660,27.74766,,,,,
100,99.74,27771580,27.77158,,,,,
100,99.83,27795500,27.7955,,,,,
100,99.9,27819420,27.81942,,,,,
100,99.96,27843340,27.84334,,,,,
100,100.02,27867260,27.86726,,,,,
100,100.22,27892220,27.89222,,,,,
100,100.1,27917180,27.91718,,,,,
100,99.99,27942140,27.94214,,,,,
100,100.2,27966060,27.96606,,,,,
100,100.38,27991020,27.99102,,,,,
100,100.23,28015980,28.01598,,,,,
100,100.1,28040940,28.04094,,,,,
100,99.99,28065900,28.0659,,,,,
100,99.74,28089820,28.08982,,,,,
100,99.82,28113740,28.11374,,,,,
100,99.9,28137660,28.13766,,,,,
100,99.96,28161580,28.16158,,,,,
100,100.01,28185500,28.1855,,,,,
100,100.22,28210460,28.21046,,,,,
100,100.09,28235420,28.23542,,,,,
100,99.99,28260380,28.26038,,,,,
100,100.2,28284300,28.2843,,,,,
100,99.91,28309260,28.30926,,,,,
100,99.67,28333180,28.33318,,,,,
100,99.76,28357100,28.3571,,,,,
100,99.85,28381020,28.38102,,,,,
100,99.92,28404940,28.40494,,,,,
100,99.98,28428860,28.42886,,,,,
100,100.03,28452780,28.45278,,,,,
100,100.23,28477740,28.47774,,,,,
100,100.11,28502700,28.5027,,,,,
100,100,28527660,28.52766,,,,,
100,99.9,28552620,28.55262,,,,,
100,99.66,28576540,28.57654,,,,,
100,99.76,28600460,28.60046,,,,,
100,99.84,28624380,28.62438,,,,,
100,99.91,28648300,28.6483,,,,,
100,99.97,28672220,28.67222,,,,,
100,100.02,28696140,28.69614,,,,,
100,100.23,28721100,28.7211,,,,,
100,100.1,28746060,28.74606,,,,,
100,99.99,28771020,28.77102,,,,,
100,100.2,28794940,28.79494,,,,,
100,100.38,28819900,28.8199,,,,,
100,100.23,28844860,28.84486,,,,,
100,100.11,28869820,28.86982,,,,,
100,100,28894780,28.89478,,,,,
100,99.9,28919740,28.91974,,,,,
100,100.13,28943660,28.94366,,,,,
100,99.85,28968620,28.96862,,,,,
100,99.61,28992540,28.99254,,,,,
100,99.72,29016460,29.01646,,,,,
100,99.81,29040380,29.04038,,,,,
100,99.88,29064300,29.0643,,,,,
100,99.95,29088220,29.08822,,,,,
100,100,29112140,29.11214,,,,,
100,100.21,29137100,29.1371,,,,,
100,100.09,29162060,29.16206,,,,,
100,99.98,29187020,29.18702,,,,,
100,100.19,29210940,29.21094,,,,,
100,100.38,29235900,29.2359,,,,,
100,100.23,29260860,29.26086,,,,,
100,100.1,29285820,29.28582,,,,,
100,99.99,29310780,29.31078,,,,,
100,99.73,29334700,29.3347,,,,,
100,99.82,29358620,29.35862,,,,,
100,99.89,29382540,29.38254,,,,,
100,99.96,29406460,29.40646,,,,,
100,100.01,29430380,29.43038,,,,,
100,100.22,29455340,29.45534,,,,,
100,100.09,29480300,29.4803,,,,,
100,99.99,29505260,29.50526,,,,,
100,100.2,29529180,29.52918,,,,,
100,99.91,29554140,29.55414,,,,,
100,99.67,29578060,29.57806,,,,,
100,99.76,29601980,29.60198,,,,,
100,99.85,29625900,29.6259,,,,,
100,99.92,29649820,29.64982,,,,,
100,99.98,29673740,29.67374,,,,,
100,100.03,29697660,29.69766,,,,,
100,100.23,29722620,29.72262,,,,,
100,100.11,29747580,29.74758,,,,,
100,100,29772540,29.77254,,,,,
100,99.9,29797500,29.7975,,,,,
100,99.66,29821420,29.82142,,,,,
100,99.76,29845340,29.84534,,,,,
100,99.84,29869260,29.86926,,,,,
100,99.91,29893180,29.89318,,,,,
100,99.97,29917100,29.9171,,,,,
100,100.02,29941020,29.94102,,,,,
100,100.23,29965980,29.96598,,,,,
100,100.1,29990940,29.99094,,,,,
100,99.99,30015900,30.0159,,,,,
100,100.2,30039820,30.03982,,,,,
100,100.38,30064780,30.06478,,,,,
100,100.23,30089740,30.08974,,,,,
100,100.11,30114700,30.1147,,,,,
100,100,30139660,30.13966,,,,,
100,99.9,30164620,30.16462,,,,,
100,100.13,30188540,30.18854,,,,,
100,99.85,30213500,30.2135,,,,,
100,99.61,30237420,30.23742,,,,,
100,99.72,30261340,30.26134,,,,,
100,99.81,30285260,30.28526,,,,,
100,99.88,30309180,30.30918,,,,,
100,99.95,30333100,30.3331,,,,,
100,100,30357020,30.35702,,,,,
100,100.21,30381980,30.38198,,,,,
100,100.09,30406940,30.40694,,,,,
100,99.98,30431900,30.4319,,,,,
100,100.19,30455828,30.455828,,,,,
100,99.91,30480780,30.48078,,,,,
100,99.66,30504700,30.5047,,,,,
100,99.76,30528620,30.52862,,,,,
100,99.84,30552540,30.55254,,,,,
100,99.91,30576460,30.57646,,,,,
100,99.97,30600380,30.60038,,,,,
100,100.03,30624300,30.6243,,,,,
100,100.23,30649260,30.64926,,,,,
100,100.1,30674220,30.67422,,,,,
100,99.99,30699180,30.69918,,,,,
100,100.21,30723100,30.7231,,,,,
100,100.39,30748060,30.74806,,,,,
100,100.24,30773020,30.77302,,,,,
100,100.11,30797980,30.79798,,,,,
100,100,30822940,30.82294,,,,,
100,99.9,30847900,30.8479,,,,,
100,100.13,30871820,30.87182,,,,,
100,100.32,30896780,30.89678,,,,,
100,100.18,30921748,30.921748,,,,,
100,100.06,30946700,30.9467,,,,,
100,99.95,30971660,30.97166,,,,,
100,99.7,30995580,30.99558,,,,,
100,99.8,31019500,31.0195,,,,,
100,99.87,31043420,31.04342,,,,,
100,99.94,31067340,31.06734,,,,,
100,100,31091260,31.09126,,,,,
100,100.21,31116220,31.11622,,,,,
100,100.08,31141180,31.14118,,,,,
100,99.98,31166140,31.16614,,,,,
100,100.19,31190060,31.19006,,,,,
100,99.9,31215020,31.21502,,,,,
100,99.66,31238940,31.23894,,,,,
100,99.76,31262860,31.26286,,,,,
100,99.84,31286780,31.28678,,,,,
100,99.91,31310700,31.3107,,,,,
100,99.97,31334620,31.33462,,,,,
100,100.02,31358540,31.35854,,,,,
100,100.23,31383512,31.383512,,,,,
100,100.1,31408460,31.40846,,,,,
100,99.99,31433420,31.43342,,,,,
100,100.21,31457340,31.45734,,,,,
100,99.92,31482300,31.4823,,,,,
100,99.67,31506220,31.50622,,,,,
100,99.77,31530140,31.53014,,,,,
100,99.85,31554060,31.55406,,,,,
100,99.92,31577980,31.57798,,,,,
100,99.98,31601900,31.6019,,,,,
100,100.03,31625820,31.62582,,,,,
100,99.77,31650780,31.65078,,,,,
100,99.54,31674700,31.6747,,,,,
100,99.66,31698620,31.69862,,,,,
100,99.76,31722540,31.72254,,,,,
100,99.84,31746460,31.74646,,,,,
100,99.91,31770380,31.77038,,,,,
100,99.97,31794300,31.7943,,,,,
100,100.02,31818220,31.81822,,,,,
100,100.23,31843180,31.84318,,,,,
100,100.1,31868140,31.86814,,,,,
100,99.99,31893100,31.8931,,,,,
100,100.2,31917020,31.91702,,,,,
100,100.38,31941980,31.94198,,,,,
100,100.23,31966940,31.96694,,,,,
100,100.11,31991900,31.9919,,,,,
100,100,32016860,32.01686,,,,,
100,99.9,32041820,32.04182,,,,,
100,100.13,32065740,32.06574,,,,,
100,100.32,32090700,32.0907,,,,,
100,100.18,32115660,32.11566,,,,,
100,100.06,32140620,32.14062,,,,,
100,99.95,32165580,32.16558,,,,,
100,99.7,32189500,32.1895,,,,,
100,99.79,32213420,32.21342,,,,,
100,99.87,32237340,32.23734,,,,,
100,99.94,32261260,32.26126,,,,,
100,100,32285180,32.28518,,,,,
100,100.21,32310140,32.31014,,,,,
100,100.08,32335100,32.3351,,,,,
100,99.98,32360060,32.36006,,,,,
100,100.19,32383980,32.38398,,,,,
100,99.9,32408940,32.40894,,,,,
100,99.66,32432860,32.43286,,,,,
100,99.76,32456780,32.45678,,,,,
100,99.84,32480700,32.4807,,,,,
100,99.91,32504620,32.50462,,,,,
100,99.97,32528540,32.52854,,,,,
100,100.02,32552460,32.55246,,,,,
100,99.76,32577420,32.57742,,,,,
100,99.54,32601340,32.60134,,,,,
100,99.66,32625260,32.62526,,,,,
100,99.75,32649180,32.64918,,,,,
100,99.84,32673100,32.6731,,,,,
100,99.91,32697020,32.69702,,,,,
100,99.97,32720940,32.72094,,,,,
100,100.02,32744860,32.74486,,,,,
100,100.23,32769820,32.76982,,,,,
100,100.1,32794780,32.79478,,,,,
100,99.99,32819740,32.81974,,,,,
100,100.2,32843660,32.84366,,,,,
100,99.92,32868620,32.86862,,,,,
100,99.67,32892540,32.89254,,,,,
100,99.77,32916460,32.91646,,,,,
100,99.85,32940380,32.94038,,,,,
100,99.92,32964300,32.9643,,,,,
100,99.98,32988220,32.98822,,,,,
100,100.03,33012140,33.01214,,,,,
100,100.24,33037100,33.0371,,,,,
100,100.57,33062060,33.06206,,,,,
100,100.4,33087020,33.08702,,,,,
100,100.24,33111980,33.11198,,,,,
100,100.11,33136940,33.13694,,,,,
100,100,33161900,33.1619,,,,,
100,100.37,33186860,33.18686,,,,,
100,100.23,33211820,33.21182,,,,,
100,100.1,33236780,33.23678,,,,,
100,99.99,33261740,33.26174,,,,,
100,99.73,33285660,33.28566,,,,,
100,99.82,33309580,33.30958,,,,,
100,99.89,33333500,33.3335,,,,,
100,99.96,33357420,33.35742,,,,,
100,100.01,33381340,33.38134,,,,,
100,100.22,33406300,33.4063,,,,,
100,100.09,33431260,33.43126,,,,,
100,99.52,33456220,33.45622,,,,,
100,99.33,33480140,33.48014,,,,,
100,99.48,33504060,33.50406,,,,,
100,99.6,33527980,33.52798,,,,,
100,99.71,33551900,33.5519,,,,,
100,99.8,33575820,33.57582,,,,,
100,99.87,33599740,33.59974,,,,,
100,99.94,33623660,33.62366,,,,,
100,100,33647580,33.64758,,,,,
100,100.21,33672540,33.67254,,,,,
100,100.08,33697500,33.6975,,,,,
100,99.98,33722460,33.72246,,,,,
100,100.19,33746380,33.74638,,,,,
100,100.37,33771340,33.77134,,,,,
100,100.22,33796300,33.7963,,,,,
100,100.1,33821260,33.82126,,,,,
100,99.99,33846220,33.84622,,,,,
100,99.73,33870140,33.87014,,,,,
100,99.82,33894060,33.89406,,,,,
100,99.89,33917980,33.91798,,,,,
100,99.96,33941900,33.9419,,,,,
100,100.01,33965820,33.96582,,,,,
100,100.22,33990780,33.99078,,,,,
100,100.56,34015740,34.01574,,,,,
100,100.38,34040700,34.0407,,,,,
100,100.23,34065660,34.06566,,,,,
100,100.1,34090620,34.09062,,,,,
100,99.99,34115580,34.11558,,,,,
100,100.21,34139500,34.1395,,,,,
100,100.39,34164460,34.16446,,,,,
100,100.24,34189420,34.18942,,,,,
100,100.11,34214380,34.21438,,,,,
100,100.46,34239340,34.23934,,,,,
100,100.3,34264300,34.2643,,,,,
100,100.16,34289260,34.28926,,,,,
100,100.04,34314220,34.31422,,,,,
100,99.94,34339180,34.33918,,,,,
100,100.16,34363100,34.3631,,,,,
100,99.88,34388060,34.38806,,,,,
100,99.64,34411980,34.41198,,,,,
100,99.74,34435900,34.4359,,,,,
100,99.83,34459820,34.45982,,,,,
100,99.9,34483740,34.48374,,,,,
100,99.96,34507660,34.50766,,,,,
100,100.02,34531580,34.53158,,,,,
100,100.22,34556540,34.55654,,,,,
100,100.1,34581500,34.5815,,,,,
100,99.99,34606460,34.60646,,,,,
100,100.2,34630380,34.63038,,,,,
100,100.38,34655340,34.65534,,,,,
100,100.23,34680300,34.6803,,,,,
100,100.1,34705260,34.70526,,,,,
100,99.99,34730220,34.73022,,,,,
100,99.74,34754140,34.75414,,,,,
100,99.82,34778060,34.77806,,,,,
100,99.9,34801980,34.80198,,,,,
100,99.96,34825900,34.8259,,,,,
100,100.01,34849820,34.84982,,,,,
100,100.22,34874780,34.87478,,,,,
100,100.09,34899740,34.89974,,,,,
100,99.99,34924700,34.9247,,,,,
100,100.2,34948620,34.94862,,,,,
100,99.91,34973580,34.97358,,,,,
100,99.67,34997500,34.9975,,,,,
100,99.76,35021420,35.02142,,,,,
100,99.85,35045340,35.04534,,,,,
100,99.92,35069260,35.06926,,,,,
100,99.98,35093180,35.09318,,,,,
100,100.03,35117100,35.1171,,,,,
100,100.23,35142060,35.14206,,,,,
100,100.11,35167020,35.16702,,,,,
100,100,35191980,35.19198,,,,,
100,99.9,35216940,35.21694,,,,,
100,99.66,35240860,35.24086,,,,,
100,99.76,35264780,35.26478,,,,,
100,99.84,35288700,35.2887,,,,,
100,99.91,35312620,35.31262,,,,,
100,99.97,35336540,35.33654,,,,,
100,100.02,35360460,35.36046,,,,,
100,100.23,35385420,35.38542,,,,,
100,100.1,35410380,35.41038,,,,,
100,99.99,35435340,35.43534,,,,,
100,100.2,35459260,35.45926,,,,,
100,100.38,35484220,35.48422,,,,,
100,100.23,35509180,35.50918,,,,,
100,100.11,35534140,35.53414,,,,,
100,100,35559100,35.5591,,,,,
100,99.9,35584060,35.58406,,,,,
100,100.13,35607980,35.60798,,,,,
100,99.85,35632940,35.63294,,,,,
100,99.61,35656860,35.65686,,,,,
100,99.72,35680780,35.68078,,,,,
100,99.81,35704700,35.7047,,,,,
100,99.88,35728620,35.72862,,,,,
100,99.95,35752540,35.75254,,,,,
100,100,35776460,35.77646,,,,,
100,100.21,35801420,35.80142,,,,,
100,100.09,35826380,35.82638,,,,,
100,99.98,35851340,35.85134,,,,,
100,100.19,35875260,35.87526,,,,,
100,100.38,35900220,35.90022,,,,,
100,100.23,35925180,35.92518,,,,,
100,100.1,35950140,35.95014,,,,,
100,99.99,35975100,35.9751,,,,,
100,99.73,35999020,35.99902,,,,,
100,99.82,36022940,36.02294,,,,,
100,99.89,36046868,36.046868,,,,,
100,99.96,36070780,36.07078,,,,,
100,100.01,36094700,36.0947,,,,,
100,100.22,36119660,36.11966,,,,,
100,100.09,36144620,36.14462,,,,,
100,99.99,36169580,36.16958,,,,,
100,100.2,36193500,36.1935,,,,,
100,100.38,36218460,36.21846,,,,,
100,100.23,36243420,36.24342,,,,,
100,100.1,36268380,36.26838,,,,,
100,99.99,36293340,36.29334,,,,,
100,99.74,36317260,36.31726,,,,,
100,99.82,36341180,36.34118,,,,,
100,99.9,36365100,36.3651,,,,,
100,99.96,36389020,36.38902,,,,,
100,100.01,36412940,36.41294,,,,,
100,100.22,36437900,36.4379,,,,,
100,100.09,36462860,36.46286,,,,,
100,99.99,36487820,36.48782,,,,,
100,100.2,36511740,36.51174,,,,,
100,100.38,36536700,36.5367,,,,,
100,100.23,36561660,36.56166,,,,,
100,100.1,36586620,36.58662,,,,,
100,99.99,36611580,36.61158,,,,,
100,99.74,36635500,36.6355,,,,,
100,99.82,36659420,36.65942,,,,,
100,99.9,36683340,36.68334,,,,,
100,99.96,36707260,36.70726,,,,,
100,100.01,36731180,36.73118,,,,,
100,100.22,36756140,36.75614,,,,,
100,100.09,36781100,36.7811,,,,,
100,99.99,36806060,36.80606,,,,,
100,100.2,36829980,36.82998,,,,,
100,99.91,36854940,36.85494,,,,,
100,99.67,36878860,36.87886,,,,,
100,99.76,36902780,36.90278,,,,,
100,99.85,36926700,36.9267,,,,,
100,99.92,36950620,36.95062,,,,,
100,99.98,36974540,36.97454,,,,,
100,100.03,36998460,36.99846,,,,,
100,100.23,37023420,37.02342,,,,,
100,100.11,37048380,37.04838,,,,,
100,100,37073340,37.07334,,,,,
100,99.9,37098300,37.0983,,,,,
100,99.66,37122220,37.12222,,,,,
100,99.76,37146140,37.14614,,,,,
100,99.84,37170060,37.17006,,,,,
100,99.91,37193980,37.19398,,,,,
100,99.97,37217900,37.2179,,,,,
100,100.02,37241820,37.24182,,,,,
100,100.23,37266780,37.26678,,,,,
100,100.1,37291740,37.29174,,,,,
100,99.99,37316700,37.3167,,,,,
100,100.2,37340620,37.34062,,,,,
100,99.92,37365580,37.36558,,,,,
100,99.67,37389500,37.3895,,,,,
100,99.77,37413420,37.41342,,,,,
100,99.85,37437340,37.43734,,,,,
100,99.92,37461260,37.46126,,,,,
100,99.98,37485180,37.48518,,,,,
100,100.03,37509100,37.5091,,,,,
100,99.77,37534060,37.53406,,,,,
100,99.54,37557980,37.55798,,,,,
100,99.66,37581900,37.5819,,,,,
100,99.76,37605820,37.60582,,,,,
100,99.84,37629740,37.62974,,,,,
100,99.91,37653660,37.65366,,,,,
100,99.97,37677580,37.67758,,,,,
100,100.02,37701500,37.7015,,,,,
100,99.76,37726460,37.72646,,,,,
100,99.54,37750380,37.75038,,,,,
100,99.65,37774300,37.7743,,,,,
100,99.75,37798220,37.79822,,,,,
100,99.84,37822140,37.82214,,,,,
100,99.91,37846060,37.84606,,,,,
100,99.97,37869980,37.86998,,,,,
100,100.02,37893900,37.8939,,,,,
100,100.23,37918860,37.91886,,,,,
100,100.1,37943820,37.94382,,,,,
100,99.99,37968780,37.96878,,,,,
100,100.2,37992700,37.9927,,,,,
100,100.38,38017660,38.01766,,,,,
100,100.23,38042620,38.04262,,,,,
100,100.1,38067580,38.06758,,,,,
100,100.46,38092540,38.09254,,,,,
100,100.3,38117500,38.1175,,,,,
100,100.16,38142460,38.14246,,,,,
100,100.04,38167420,38.16742,,,,,
100,99.94,38192380,38.19238,,,,,
100,100.16,38216300,38.2163,,,,,
100,99.88,38241260,38.24126,,,,,
100,99.64,38265180,38.26518,,,,,
100,99.74,38289100,38.2891,,,,,
100,99.83,38313020,38.31302,,,,,
100,99.9,38336940,38.33694,,,,,
100,99.96,38360860,38.36086,,,,,
100,100.02,38384780,38.38478,,,,,
100,99.76,38409740,38.40974,,,,,
100,99.53,38433660,38.43366,,,,,
100,99.65,38457580,38.45758,,,,,
100,99.75,38481500,38.4815,,,,,
100,99.83,38505420,38.50542,,,,,
100,99.91,38529340,38.52934,,,,,
100,99.97,38553260,38.55326,,,,,
100,100.02,38577180,38.57718,,,,,
100,99.76,38602140,38.60214,,,,,
100,99.54,38626060,38.62606,,,,,
100,99.65,38649980,38.64998,,,,,
100,100.24,38673908,38.673908,,,,,
100,100.43,38698860,38.69886,,,,,
100,100.28,38723820,38.72382,,,,,
100,100.14,38748780,38.74878,,,,,
100,100.03,38773740,38.77374,,,,,
100,100.4,38798700,38.7987,,,,,
100,100.24,38823660,38.82366,,,,,
100,100.11,38848620,38.84862,,,,,
100,100.47,38873592,38.873592,,,,,
100,100.3,38898540,38.89854,,,,,
100,100.17,38923500,38.9235,,,,,
100,100.05,38948460,38.94846,,,,,
100,99.95,38973420,38.97342,,,,,
100,100.17,38997340,38.99734,,,,,
100,100.35,39022312,39.022312,,,,,
100,100.2,39047260,39.04726,,,,,
100,100.08,39072220,39.07222,,,,,
100,99.97,39097180,39.09718,,,,,
100,99.72,39121100,39.1211,,,,,
100,99.81,39145020,39.14502,,,,,
100,99.89,39168940,39.16894,,,,,
100,99.95,39192860,39.19286,,,,,
100,100,39216780,39.21678,,,,,
100,100.21,39241748,39.241748,,,,,
100,100.09,39266700,39.2667,,,,,
100,99.98,39291660,39.29166,,,,,
100,100.19,39315580,39.31558,,,,,
100,99.91,39340540,39.34054,,,,,
100,99.66,39364460,39.36446,,,,,
100,99.76,39388380,39.38838,,,,,
100,99.84,39412300,39.4123,,,,,
100,99.91,39436220,39.43622,,,,,
100,99.97,39460140,39.46014,,,,,
100,100.03,39484060,39.48406,,,,,
100,100.23,39509020,39.50902,,,,,
100,100.1,39533980,39.53398,,,,,
100,99.99,39558940,39.55894,,,,,
100,100.21,39582860,39.58286,,,,,
100,100.39,39607820,39.60782,,,,,
100,100.24,39632780,39.63278,,,,,
100,100.11,39657740,39.65774,,,,,
100,100,39682700,39.6827,,,,,
100,99.9,39707668,39.707668,,,,,
100,100.12,39731580,39.73158,,,,,
100,100.32,39756540,39.75654,,,,,
100,100.18,39781500,39.7815,,,,,
100,100.06,39806460,39.80646,,,,,
100,99.95,39831420,39.83142,,,,,
100,99.7,39855340,39.85534,,,,,
100,99.79,39879260,39.87926,,,,,
100,99.87,39903180,39.90318,,,,,
100,99.94,39927100,39.9271,,,,,
100,100,39951020,39.95102,,,,,
100,100.21,39975980,39.97598,,,,,
100,100.08,40000940,40.00094,,,,,
100,99.98,40025900,40.0259,,,,,
100,100.19,40049820,40.04982,,,,,
100,99.9,40074780,40.07478,,,,,
100,99.66,40098700,40.0987,,,,,
100,99.76,40122620,40.12262,,,,,
100,99.84,40146540,40.14654,,,,,
100,99.91,40170460,40.17046,,,,,
100,99.97,40194380,40.19438,,,,,
100,100.02,40218300,40.2183,,,,,
100,100.23,40243260,40.24326,,,,,
100,100.1,40268220,40.26822,,,,,
100,99.99,40293180,40.29318,,,,,
100,100.2,40317100,40.3171,,,,,
100,99.92,40342060,40.34206,,,,,
100,99.67,40365980,40.36598,,,,,
100,99.77,40389900,40.3899,,,,,
100,99.85,40413820,40.41382,,,,,
100,99.92,40437740,40.43774,,,,,
100,99.98,40461660,40.46166,,,,,
100,100.03,40485580,40.48558,,,,,
100,100.24,40510540,40.51054,,,,,
100,100.11,40535500,40.5355,,,,,
100,100,40560460,40.56046,,,,,
100,99.9,40585420,40.58542,,,,,
100,99.66,40609340,40.60934,,,,,
100,99.76,40633260,40.63326,,,,,
100,99.84,40657180,40.65718,,,,,
100,99.91,40681100,40.6811,,,,,
100,99.97,40705020,40.70502,,,,,
100,100.02,40728940,40.72894,,,,,
100,100.23,40753900,40.7539,,,,,
100,100.1,40778860,40.77886,,,,,
100,99.99,40803820,40.80382,,,,,
100,100.2,40827740,40.82774,,,,,
100,99.92,40852700,40.8527,,,,,
100,99.67,40876620,40.87662,,,,,
100,99.77,40900540,40.90054,,,,,
100,99.85,40924460,40.92446,,,,,
100,99.92,40948380,40.94838,,,,,
100,99.98,40972308,40.972308,,,,,
100,100.03,40996220,40.99622,,,,,
100,99.77,41021180,41.02118,,,,,
100,99.54,41045100,41.0451,,,,,
100,99.66,41069020,41.06902,,,,,
100,99.76,41092940,41.09294,,,,,
100,99.84,41116860,41.11686,,,,,
100,99.91,41140780,41.14078,,,,,
100,99.97,41164700,41.1647,,,,,
100,100.02,41188620,41.18862,,,,,
100,99.76,41213580,41.21358,,,,,
100,99.54,41237500,41.2375,,,,,
100,100.14,41261432,41.261432,,,,,
100,100.35,41286380,41.28638,,,,,
100,100.21,41311340,41.31134,,,,,
100,100.08,41336300,41.3363,,,,,
100,99.98,41361260,41.36126,,,,,
100,100.19,41385180,41.38518,,,,,
100,100.37,41410140,41.41014,,,,,
100,100.22,41435100,41.4351,,,,,
100,100.1,41460060,41.46006,,,,,
100,99.99,41485020,41.48502,,,,,
100,99.73,41508940,41.50894,,,,,
100,99.82,41532860,41.53286,,,,,
100,99.89,41556780,41.55678,,,,,
100,99.96,41580700,41.5807,,,,,
100,100.01,41604620,41.60462,,,,,
100,100.22,41629580,41.62958,,,,,
100,100.09,41654540,41.65454,,,,,
100,99.98,41679500,41.6795,,,,,
100,100.2,41703420,41.70342,,,,,
100,99.91,41728380,41.72838,,,,,
100,99.67,41752300,41.7523,,,,,
100,99.76,41776220,41.77622,,,,,
100,99.85,41800140,41.80014,,,,,
100,99.92,41824060,41.82406,,,,,
100,99.98,41847980,41.84798,,,,,
100,100.03,41871900,41.8719,,,,,
100,100.23,41896860,41.89686,,,,,
100,100.57,41921828,41.921828,,,,,
100,100.39,41946780,41.94678,,,,,
100,100.24,41971740,41.97174,,,,,
100,100.11,41996700,41.9967,,,,,
100,100,42021660,42.02166,,,,,
100,99.91,42046620,42.04662,,,,,
100,99.66,42070540,42.07054,,,,,
100,99.76,42094460,42.09446,,,,,
100,99.84,42118380,42.11838,,,,,
100,99.91,42142300,42.1423,,,,,
100,99.97,42166220,42.16622,,,,,
100,100.03,42190140,42.19014,,,,,
100,100.23,42215100,42.2151,,,,,
100,100.1,42240060,42.24006,,,,,
100,99.99,42265020,42.26502,,,,,
100,100.21,42288940,42.28894,,,,,
100,100.39,42313900,42.3139,,,,,
100,100.23,42338860,42.33886,,,,,
100,100.11,42363820,42.36382,,,,,
100,100.46,42388792,42.388792,,,,,
100,100.3,42413740,42.41374,,,,,
100,100.16,42438700,42.4387,,,,,
100,100.04,42463660,42.46366,,,,,
100,99.94,42488620,42.48862,,,,,
100,100.16,42512540,42.51254,,,,,
100,99.88,42537500,42.5375,,,,,
100,99.64,42561420,42.56142,,,,,
100,99.74,42585340,42.58534,,,,,
100,99.83,42609260,42.60926,,,,,
100,99.9,42633180,42.63318,,,,,
100,99.96,42657100,42.6571,,,,,
100,100.02,42681020,42.68102,,,,,
100,100.22,42705980,42.70598,,,,,
100,100.1,42730940,42.73094,,,,,
100,99.99,42755900,42.7559,,,,,
100,100.2,42779820,42.77982,,,,,
100,99.91,42804780,42.80478,,,,,
100,99.67,42828700,42.8287,,,,,
100,99.76,42852620,42.85262,,,,,
100,99.85,42876540,42.87654,,,,,
100,99.92,42900460,42.90046,,,,,
100,99.98,42924380,42.92438,,,,,
100,100.03,42948300,42.9483,,,,,
100,100.23,42973260,42.97326,,,,,
100,100.11,42998220,42.99822,,,,,
100,100,43023180,43.02318,,,,,
