127,0,28,28
127,0,784,756
127,0,1620,836
127,0,2500,880
127,0,3372,872
128,0,7688,4316
130,0,23288,15600
132,0,39928,16640
134,0,56568,16640
136,0,73208,16640
138,0,89848,16640
141,0,106488,16640
143,0,124168,17680
145,0,141848,17680
147,0,159528,17680
149,0,177208,17680
152,0,194888,17680
154,0,212568,17680
156,0,230248,17680
158,0,247928,17680
160,0,265608,17680
163,0,283288,17680
165,0,300968,17680
167,0,318648,17680
169,0,336328,17680
171,0,354008,17680
173,0,371688,17680
175,0,389368,17680
177,0,407048,17680
180,0,424728,17680
182,0,442408,17680
184,0,460088,17680
186,0,477768,17680
188,0,495448,17680
190,0,513128,17680
192,0,530808,17680
193,0,548488,17680
195,0,566168,17680
197,0,583848,17680
199,0,601528,17680
201,0,619208,17680
203,0,636888,17680
205,0,654568,17680
206,0,672248,17680
208,0,689928,17680
210,0,707608,17680
212,0,725288,17680
213,0,742968,17680
215,0,760648,17680
217,0,778328,17680
218,0,796008,17680
220,0,813688,17680
221,3.96,831368,17680
223,15.94,849048,17680
224,33.43,867768,18720
226,52.88,886488,18720
227,72.61,905208,18720
229,91.33,923928,18720
230,108.57,942648,18720
232,124.27,962408,19760
233,138.04,982168,19760
234,150.4,1001928,19760
236,161.83,1022728,20800
237,171.9,1043528,20800
238,180.49,1064328,20800
240,188.39,1085128,20800
241,195.69,1105936,20808
242,201.93,1126728,20792
243,207.27,1147528,20800
244,212.38,1168328,20800
245,217.31,1189128,20800
246,221.52,1209928,20800
247,225.11,1230728,20800
248,228.18,1251528,20800
249,230.8,1272328,20800
250,233.04,1293128,20800
250,234.95,1313928,20800
251,237.15,1334728,20800
252,239.02,1355528,20800
252,240.62,1376328,20800
253,242.55,1397128,20800
253,244.2,1417928,20800
253,245.6,1438736,20808
254,246.8,1459528,20792
254,247.83,1480328,20800
254,248.71,1501128,20800
254,249.45,1521928,20800
254,250.09,1542728,20800
254,251.2,1563528,20800
254,252.14,1584328,20800
254,252.39,1605128,20800
254,252.6,1625928,20800
254,253.34,1646728,20800
254,253.97,1667528,20800
254,253.95,1688328,20800
253,254.5,1709128,20800
253,254.96,1729928,20800
252,254.79,1750728,20800
252,255.21,1771536,20808
251,255.57,1792328,20792
251,255.32,1813128,20800
250,255.1,1833928,20800
249,254.92,1854728,20800
249,254.76,1875528,20800
248,254.62,1896328,20800
247,253.94,1917128,20800
246,253.37,1937928,20800
245,252.87,1958728,20800
244,252.45,1979528,20800
243,252.09,2000328,20800
242,251.22,2021128,20800
241,250.48,2041928,20800
239,249.84,2062728,20800
238,249.3,2083528,20800
237,248.83,2104336,20808
235,247.88,2125128,20792
234,247.07,2145928,20800
233,246.37,2166728,20800
231,245.21,2187528,20800
229,243.66,2208328,20800
228,242.34,2229128,20800
226,241.21,2249928,20800
225,239.68,2270728,20800
223,238.38,2291528,20800
221,237.27,2312328,20800
219,236.31,2333128,20800
217,234.94,2353928,20800
215,233.21,2374728,20800
214,231.73,2395528,20800
212,229.9,2416328,20800
210,228.33,2437136,20808
208,227,2457928,20792
205,224.75,2478728,20800
203,222.82,2499528,20800
201,221.17,2520328,20800
199,219.2,2541128,20800
197,217.52,2561928,20800
195,215.52,2582728,20800
192,213.81,2603536,20808
190,211.79,2624328,20792
188,209.51,2645128,20800
185,207.56,2665928,20800
183,205.33,2686728,20800
181,202.86,2707528,20800
178,200.2,2728328,20800
176,197.92,2749128,20800
173,195.97,2769936,20808
171,193.75,2790728,20792
168,191.3,2811528,20800
166,189.2,2832328,20800
163,186.84,2853128,20800
161,184.27,2873928,20800
158,182.07,2894728,20800
156,179.63,2915528,20800
153,176.99,2936328,20800
150,174.73,2957128,20800
148,172.24,2977928,20800
145,169.55,2998728,20800
143,166.7,3019528,20800
140,164.26,3040328,20800
137,161.61,3061128,20800
135,158.79,3081928,20800
132,156.38,3102736,20808
129,153.76,3123528,20792
127,150.97,3144328,20800
124,148.02,3165128,20800
121,145.5,3185928,20800
119,142.79,3206728,20800
116,139.91,3227528,20800
113,137.45,3248328,20800
111,134.79,3269128,20800
108,131.95,3289928,20800
106,128.97,3310728,20800
103,126.43,3331528,20800
100,123.69,3352328,20800
98,120.79,3373128,20800
95,118.11,3392888,19760
93,115.64,3412648,19760
90,112.94,3432408,19760
88,110.05,3452168,19760
86,107.57,3471928,19760
83,104.87,3491688,19760
81,102.56,3511448,19760
79,100,3531208,19760
76,97.22,3550968,19760
74,94.55,3569688,18720
72,91.98,3588408,18720
70,89.78,3607128,18720
68,87.9,3625860,18732
66,85.67,3644568,18708
63,83.15,3663288,18720
61,80.37,3682008,18720
59,77.99,3700728,18720
57,75.96,3719448,18720
55,73.61,3738168,18720
53,70.97,3756888,18720
51,68.72,3775608,18720
50,66.8,3794328,18720
48,64.53,3813048,18720
46,62.6,3831768,18720
44,60.32,3850488,18720
42,57.75,3869208,18720
40,56.18,3887940,18732
39,54.22,3906648,18708
37,51.92,3925368,18720
35,49.95,3944088,18720
34,48.27,3962808,18720
32,46.84,3981528,18720
30,44.37,4000248,18720
29,42.26,4018968,18720
27,40.46,4037688,18720
26,38.92,4056408,18720
25,37.6,4075128,18720
23,35.23,4093848,18720
22,33.21,4112568,18720
20,32.1,4131288,18720
19,30.53,4150008,18720
18,28.57,4168728,18720
17,26.9,4187448,18720
15,25.46,4206168,18720
14,24.24,4224888,18720
13,23.2,4243608,18720
12,21.68,4262328,18720
11,19.77,4281048,18720
10,18.75,4299768,18720
9,17.89,4318488,18720
8,16.56,4336168,17680
8,15.46,4353848,17680
7,13.87,4371528,17680
6,12.5,4389208,17680
5,11.34,4406888,17680
5,10.34,4424568,17680
4,9.49,4442248,17680
4,8.11,4458888,16640
3,7.63,4475528,16640
3,7.21,4492168,16640
2,6.16,4508808,16640
2,5.26,4525448,16640
1,4.49,4542088,16640
1,4.54,4558728,16640
1,4.58,4575368,16640
0,3.91,4592008,16640
0,3.34,4608648,16640
0,2.85,4625288,16640
0,2.44,4641928,16640
0,2.08,4658568,16640
0,1.78,4675208,16640
0,1.52,4691848,16640
0,1.3,4708488,16640
0,1.11,4725128,16640
0,0.94,4741768,16640
0,0.81,4758408,16640
0,0.69,4775048,16640
0,0.59,4791688,16640
0,0.5,4808328,16640
0,0.43,4824968,16640
1,0.37,4841608,16640
1,0.31,4858248,16640
1,0.27,4874888,16640
2,0.23,4891528,16640
2,0.19,4908168,16640
2,0.17,4924808,16640
3,0.14,4941448,16640
3,0.12,4958088,16640
4,0.1,4974728,16640
4,0.09,4991368,16640
5,0.08,5008008,16640
6,0.06,5024648,16640
6,0.06,5041288,16640
7,0.05,5057928,16640
8,0.04,5074568,16640
9,0.03,5091208,16640
9,0.73,5107848,16640
10,2.03,5124488,16640
11,2.43,5142168,17680
12,2.74,5159848,17680
13,3.66,5177528,17680
14,4.45,5195208,17680
15,5.12,5212888,17680
16,6.35,5230568,17680
17,7.41,5248248,17680
19,8.31,5265928,17680
20,9.08,5283608,17680
21,9.73,5301288,17680
22,10.95,5318968,17680
24,11.92,5337688,18720
25,13.3,5356408,18720
26,14.48,5375128,18720
28,15.49,5393848,18720
29,16.97,5412568,18720
31,18.23,5431288,18720
33,19.31,5450008,18720
34,20.24,5468728,18720
36,21.65,5487448,18720
38,22.86,5506168,18720
39,23.89,5524888,18720
41,25.39,5543608,18720
43,27.3,5562328,18720
45,28.93,5581048,18720
46,30.32,5599768,18720
48,32.13,5618488,18720
50,33.68,5637208,18720
52,35.62,5655928,18720
54,37.29,5674648,18720
56,38.71,5693368,18720
58,40.54,5712088,18720
60,42.11,5730808,18720
62,44.07,5749528,18720
64,45.75,5768248,18720
66,47.18,5786968,18720
68,49.65,5805688,18720
71,51.76,5824408,18720
73,53.56,5843128,18720
75,55.72,5861848,18720
77,57.57,5880568,18720
79,59.77,5899288,18720
81,61.65,5918008,18720
84,63.25,5936728,18720
86,65.87,5955448,18720
88,68.11,5974168,18720
91,70.02,5992888,18720
93,72.27,6011608,18720
95,74.82,6030328,18720
97,77,6049048,18720
100,78.86,6067768,18720
102,81.3,6087528,19760
105,83.62,6107288,19760
107,85.59,6127048,19760
110,87.87,6146808,19760
112,90.41,6166568,19760
115,92.58,6186328,19760
117,95.02,6206088,19760
120,97.11,6225848,19760
122,99.48,6245608,19760
125,102.09,6265368,19760
127,103.89,6286168,20800
130,106.12,6306968,20800
133,109.15,6327780,20812
135,111.75,6348568,20788
138,113.97,6369368,20800
141,116.98,6390168,20800
143,119.55,6410968,20800
146,121.75,6431768,20800
148,124.75,6452568,20800
151,127.87,6473368,20800
154,130.54,6494168,20800
156,132.82,6514968,20800
159,135.33,6535768,20800
161,138.03,6556568,20800
164,140.34,6577368,20800
166,142.87,6598168,20800
169,145.59,6618968,20800
172,148.48,6639768,20800
174,150.95,6660568,20800
176,153.05,6681368,20800
179,155.97,6702168,20800
181,159.03,6722968,20800
184,161.64,6743768,20800
186,163.87,6764568,20800
188,166.34,6785368,20800
191,169,6806168,20800
193,171.28,6826968,20800
195,173.79,6847768,20800
197,176.49,6868568,20800
200,178.8,6889368,20800
202,181.33,6910168,20800
204,184.05,6930968,20800
206,186.38,6951768,20800
208,188.93,6972568,20800
210,191.1,6993368,20800
212,192.96,7014168,20800
214,195.11,7034968,20800
216,197.51,7055768,20800
218,200.11,7076568,20800
220,202.34,7097368,20800
222,204.24,7118168,20800
223,206.43,7138968,20800
225,208.3,7159768,20800
227,210.45,7180572,20804
228,212.85,7201368,20796
230,214.34,7222168,20800
231,216.18,7242968,20800
233,218.31,7263768,20800
234,220.12,7284568,20800
236,221.68,7305368,20800
237,223.56,7326168,20800
238,225.17,7346968,20800
240,226.55,7367768,20800
241,228.29,7388568,20800
242,229.77,7409368,20800
243,231.59,7430172,20804
244,233.16,7450968,20796
245,234.49,7471768,20800
246,235.63,7492568,20800
247,236.6,7513368,20800
248,237.99,7534168,20800
249,239.74,7554968,20800
250,241.24,7575768,20800
250,241.95,7596568,20800
251,243.13,7617368,20800
252,244.69,7638168,20800
252,245.46,7658968,20800
253,246.12,7679768,20800
253,247.25,7700568,20800
253,248.21,7721368,20800
254,249.03,7742168,20800
254,249.73,7762968,20800
254,250.33,7783768,20800
254,251.4,7804568,20800
254,252.32,7825368,20800
254,252.54,7846168,20800
254,252.72,7866968,20800
254,253.45,7887768,20800
254,254.06,7908568,20800
254,254.03,7929368,20800
254,254.56,7950168,20800
254,255.02,7970968,20800
253,254.84,7991768,20800
253,255.26,8012568,20800
252,255.61,8033368,20800
252,255.35,8054168,20800
251,255.13,8074968,20800
251,254.94,8095768,20800
250,254.78,8116568,20800
249,254.64,8137368,20800
249,254.52,8158168,20800
248,254.42,8178968,20800
247,254.33,8199768,20800
246,254.25,8220580,20812
245,253.62,8241368,20788
244,253.1,8262168,20800
243,252.65,8282968,20800
242,251.7,8303768,20800
241,250.88,8324568,20800
239,250.19,8345368,20800
238,249.6,8366168,20800
237,249.09,8386968,20800
235,248.1,8407768,20800
234,246.69,8428568,20800
233,245.49,8449368,20800
231,244.46,8470168,20800
229,243.58,8490968,20800
228,242.83,8511768,20800
226,241.63,8532568,20800
225,240.04,8553368,20800
223,238.68,8574168,20800
221,237.53,8594968,20800
219,236.54,8615768,20800
217,235.13,8636568,20800
216,233.37,8657368,20800
214,231.86,8678168,20800
212,230.02,8698968,20800
210,228.44,8719768,20800
208,227.09,8740568,20800
206,225.38,8761368,20800
203,223.36,8782168,20800
201,221.07,8802968,20800
199,219.11,8823768,20800
197,217.44,8844568,20800
195,216.02,8865368,20800
192,214.24,8886168,20800
190,212.16,8906968,20800
188,209.82,8927768,20800
185,207.26,8948568,20800
183,205.63,8969380,20812
181,203.68,8990168,20788
178,201.46,9010968,20800
176,199.56,9031768,20800
173,196.82,9052568,20800
171,194.47,9073368,20800
168,192.47,9094168,20800
166,189.64,9114968,20800
163,187.22,9135768,20800
161,185.15,9156568,20800
158,182.26,9177368,20800
156,179.24,9198168,20800
153,176.65,9218968,20800
150,174.44,9239768,20800
148,172,9260568,20800
145,169.34,9281368,20800
143,167.08,9302168,20800
140,164.58,9322968,20800
137,161.89,9343768,20800
135,159.03,9364568,20800
132,156.58,9385380,20812
129,153.93,9406168,20788
127,151.12,9426968,20800
124,148.71,9447768,20800
121,146.09,9468568,20800
119,143.29,9489368,20800
116,140.34,9510168,20800
113,137.81,9530968,20800
111,135.1,9551768,20800
108,132.22,9572568,20800
106,129.76,9593372,20804
103,127.1,9614168,20796
100,124.26,9634968,20800
98,121.28,9655768,20800
95,118.56,9675528,19760
93,116.03,9695288,19760
91,113.27,9715048,19760
88,110.33,9734808,19760
86,107.81,9754568,19760
83,105.67,9774328,19760
81,102.65,9794088,19760
79,100.08,9813848,19760
76,97.88,9833608,19760
74,95.11,9852328,18720
72,92.46,9871048,18720
70,90.19,9889768,18720
68,87.63,9908488,18720
66,84.82,9927208,18720
64,82.41,9945928,18720
61,80.36,9964648,18720
59,77.99,9983368,18720
57,75.34,10002088,18720
55,73.43,10021848,19760
53,71.58,10041608,19760
51,68.81,10061368,19760
49,66.45,10081128,19760
47,64.43,10100888,19760
45,62.12,10120648,19760
43,60.14,10140408,19760
41,57.86,10160168,19760
40,55.32,10179928,19760
38,53.16,10199688,19760
36,51.31,10219448,19760
34,49.73,10239208,19760
33,47.79,10258968,19760
31,45.54,10278728,19760
29,43.62,10298488,19760
28,41.98,10318248,19760
26,39.99,10338008,19760
25,37.69,10357776,19768
23,35.74,10377540,19764
22,34.07,10397288,19748
20,32.64,10417048,19760
19,31.42,10436808,19760
18,29.79,10456568,19760
16,27.8,10476328,19760
15,26.11,10496088,19760
14,24.66,10515848,19760
13,22.83,10535608,19760
12,21.27,10555368,19760
11,19.94,10575128,19760
10,18.8,10594888,19760
9,17.83,10614648,19760
8,16.44,10633368,18720
7,15.29,10652088,18720
6,13.68,10670808,18720
5,12.31,10689528,18720
5,11.13,10708248,18720
4,10.13,10726968,18720
3,9.28,10745688,18720
3,7.92,10763368,17680
2,6.77,10781048,17680
2,6.44,10798728,17680
2,6.16,10816408,17680
1,5.26,10834088,17680
1,4.49,10851768,17680
1,3.84,10869448,17680
0,3.28,10887128,17680
0,2.8,10904808,17680
0,2.39,10922488,17680
0,2.04,10940168,17680
0,1.74,10957848,17680
0,1.49,10975528,17680
0,1.27,10993208,17680
0,1.09,11010888,17680
0,0.93,11028568,17680
0,0.79,11046248,17680
0,0.68,11063928,17680
0,0.58,11081608,17680
0,0.49,11099288,17680
0,0.42,11116968,17680
1,0.36,11134648,17680
1,0.31,11152328,17680
1,0.26,11170008,17680
2,0.22,11187688,17680
2,0.19,11205368,17680
3,0.16,11223056,17688
3,0.14,11240728,17672
4,0.12,11258408,17680
4,0.1,11276088,17680
5,0.75,11293768,17680
6,1.3,11311448,17680
7,1.11,11329128,17680
7,0.95,11346808,17680
8,1.47,11364488,17680
9,1.92,11382168,17680
10,2.3,11399848,17680
11,3.25,11418568,18720
12,4.02,11437288,18720
13,4.68,11456008,18720
14,5.24,11474728,18720
15,5.73,11493448,18720
16,6.14,11512168,18720
17,7.11,11530888,18720
19,7.95,11549608,18720
20,8.66,11568328,18720
21,9.89,11587048,18720
23,10.94,11605768,18720
24,12.36,11625528,19760
25,13.51,11645288,19760
27,14.5,11665048,19760
29,15.93,11684808,19760
30,17.15,11704568,19760
32,18.19,11724328,19760
34,19.67,11744088,19760
35,20.94,11763848,19760
37,22.02,11783608,19760
39,23.53,11803368,19760
41,25.42,11823128,19760
43,27.02,11842888,19760
44,28.4,11862648,19760
46,30.16,11882408,19760
48,31.67,11902168,19760
50,33.55,11921928,19760
52,35.15,11941688,19760
54,36.52,11961448,19760
57,38.28,11981208,19760
59,40.38,12000968,19760
61,42.75,12020744,19776
63,44.78,12040488,19744
65,46.52,12060248,19760
67,48.01,12080008,19760
70,49.86,12099768,19760
72,52.04,12119528,19760
74,53.9,12139288,19760
76,56.08,12159048,19760
79,58.53,12178808,19760
81,60.62,12198568,19760
84,63,12218328,19760
86,65.03,12238088,19760
88,66.77,12257848,19760
91,69.43,12277608,19760
93,71.71,12297368,19760
96,73.65,12317128,19760
98,76.49,12336888,19760
100,78.92,12356648,19760
103,81.2,12377448,20800
106,83.94,12398248,20800
108,86.28,12419048,20800
111,88.29,12439848,20800
114,90.56,12460648,20800
116,93.06,12481448,20800
119,95.75,12502248,20800
121,98.62,12523048,20800
124,101.07,12543848,20800
127,103.29,12565688,21840
130,105.86,12587528,21840
132,108.58,12609368,21840
135,110.91,12631208,21840
138,113.43,12653048,21840
141,116.12,12674888,21840
144,118.96,12696728,21840
146,121.91,12718568,21840
149,124.96,12740420,21852
152,127.57,12762248,21828
155,129.81,12784088,21840
157,132.78,12805928,21840
160,135.85,12827768,21840
163,138.48,12849608,21840
165,141.26,12871448,21840
168,144.16,12893288,21840
171,146.64,12915128,21840
173,149.3,12936968,21840
176,152.1,12958808,21840
178,154.49,12980648,21840
181,157.07,13002488,21840
183,160.34,13024328,21840
186,163.13,13046168,21840
188,165.52,13068008,21840
191,168.09,13089848,21840
193,170.82,13111688,21840
195,173.69,13133528,21840
198,176.14,13155368,21840
200,178.77,13177208,21840
202,181.54,13199048,21840
205,183.91,13220888,21840
207,185.94,13242728,21840
209,188.2,13264568,21840
211,190.67,13286416,21848
213,192.78,13308248,21832
215,195.12,13330088,21840
217,197.65,13351928,21840
219,199.81,13373768,21840
221,202.19,13395608,21840
223,204.22,13417448,21840
225,206.48,13439300,21852
226,208.95,13461128,21828
228,210.54,13482968,21840
230,212.42,13504808,21840
231,214.56,13526648,21840
233,216.93,13548488,21840
235,218.94,13570328,21840
236,220.67,13592168,21840
237,222.68,13614008,21840
239,224.39,13635848,21840
240,226.38,13657700,21852
241,228.09,13679528,21828
243,229.55,13701368,21840
244,231.33,13723208,21840
245,232.85,13745048,21840
246,234.15,13766888,21840
247,235.79,13788728,21840
248,237.2,13810568,21840
249,238.39,13832408,21840
249,239.95,13854248,21840
250,241.28,13876088,21840
251,242.42,13897928,21840
251,243.91,13919780,21852
252,245.2,13941608,21828
253,245.78,13963448,21840
253,246.79,13985288,21840
253,247.66,14007128,21840
254,248.4,14028968,21840
254,249.56,14050808,21840
254,250.55,14072660,21852
254,250.87,14094488,21828
254,251.15,14116328,21840
254,251.92,14138168,21840
254,252.57,14160008,21840
254,253.13,14181848,21840
254,253.6,14203688,21840
254,254.01,14225528,21840
254,253.82,14247368,21840
253,253.66,14269208,21840
253,254.06,14291048,21840
253,254.4,14312888,21840
252,254.69,14334728,21840
251,254.94,14356568,21840
251,255.15,14378408,21840
250,254.8,14400248,21840
249,254.5,14422088,21840
249,254.24,14443928,21840
248,254.02,14465768,21840
247,253.83,14487608,21840
246,253.13,14509448,21840
245,252.54,14531288,21840
244,252.03,14553128,21840
242,251.6,14574968,21840
241,251.23,14596808,21840
240,250.91,14618648,21840
239,250.11,14640488,21840
237,248.89,14662328,21840
236,247.84,14684176,21848
234,246.95,14706008,21832
233,246.19,14727848,21840
231,245.01,14749688,21840
230,243.46,14771528,21840
228,242.68,14793368,21840
226,241.47,14815208,21840
225,239.91,14837048,21840
223,239.1,14858888,21840
221,237.88,14880728,21840
219,236.31,14902568,21840
217,234.96,14924408,21840
215,233.28,14946248,21840
213,231.31,14968088,21840
211,229.62,14989928,21840
209,228.18,15011768,21840
207,226.42,15033608,21840
204,224.38,15055448,21840
202,222.63,15077288,21840
200,220.61,15099128,21840
198,218.35,15120968,21840
195,216.42,15142808,21840
193,214.77,15164648,21840
191,212.82,15186488,21840
188,210.63,15208328,21840
186,208.22,15230168,21840
183,205.63,15252008,21840
181,203.41,15273848,21840
178,200.99,15295688,21840
176,198.38,15317528,21840
173,196.15,15339368,21840
170,193.72,15361208,21840
168,191.64,15383048,21840
165,189.33,15404888,21840
162,186.29,15426728,21840
160,183.69,15448568,21840
157,181.47,15470408,21840
154,179.04,15492248,21840
152,176.43,15514088,21840
149,173.66,15535928,21840
146,170.77,15557768,21840
143,168.3,15579608,21840
141,165.65,15601448,21840
138,162.86,15623288,21840
135,159.93,15645128,21840
132,157.44,15666968,21840
129,154.77,15688808,21840
127,151.96,15710648,21840
124,149.56,15732488,21840
121,146.44,15754328,21840
118,143.24,15776168,21840
116,140.51,15798008,21840
113,137.64,15819848,21840
110,134.66,15841688,21840
107,132.11,15863528,21840
104,129.4,15885368,21840
102,126.55,15907208,21840
99,124.12,15929048,21840
96,121.32,15949848,20800
94,118.2,15970648,20800
91,115.55,15991448,20800
89,112.71,16012248,20800
86,109.73,16033048,20800
84,107.19,16053848,20800
81,104.45,16074648,20800
79,101.56,16095448,20800
76,99.08,16116260,20812
74,96.11,16136008,19748
72,93.31,16155768,19760
70,90.92,16175528,19760
67,88.28,16195288,19760
65,85.44,16215056,19768
63,83.01,16234808,19752
61,80.94,16254568,19760
59,77.99,16274328,19760
56,75.47,16294088,19760
54,73.32,16313848,19760
52,70.89,16333608,19760
50,68.22,16353368,19760
48,65.94,16373128,19760
46,64,16392888,19760
44,61.75,16412648,19760
43,59.24,16432408,19760
41,57.09,16452168,19760
39,55.26,16471928,19760
37,53.1,16491688,19760
35,50.67,16511448,19760
33,48.59,16531208,19760
32,46.81,16550968,19760
30,44.71,16570728,19760
29,42.91,16590488,19760
27,40.78,16610248,19760
25,38.96,16630008,19760
24,37.41,16649768,19760
22,35.5,16669528,19760
21,33.27,16689288,19760
20,31.37,16709048,19760
18,29.74,16728808,19760
17,28.36,16748568,19760
16,27.17,16768328,19760
15,25.57,16788088,19760
13,23.61,16807848,19760
12,21.93,16827608,19760
11,20.51,16847368,19760
10,19.28,16867128,19760
9,18.24,16886888,19760
8,16.79,16905608,18720
7,15.59,16924328,18720
7,13.94,16943048,18720
6,12.53,16961768,18720
5,11.95,16980488,18720
4,10.83,16999208,18720
4,9.24,17017928,18720
3,8.56,17035608,17680
3,7.97,17053288,17680
2,6.8,17070968,17680
2,5.81,17088648,17680
1,4.96,17106328,17680
1,4.24,17124008,17680
1,3.62,17141688,17680
0,3.09,17159368,17680
0,2.64,17177048,17680
0,2.25,17194728,17680
0,1.92,17212408,17680
0,1.64,17230088,17680
0,1.4,17247768,17680
0,1.2,17265448,17680
0,1.02,17283128,17680
0,0.87,17300808,17680
0,0.75,17318488,17680
0,0.64,17336168,17680
0,0.54,17353848,17680
0,0.47,17371528,17680
0,0.4,17389208,17680
1,0.34,17406888,17680
1,0.29,17424568,17680
1,0.25,17442248,17680
2,0.21,17459928,17680
2,0.18,17477608,17680
2,0.15,17495288,17680
3,0.13,17512968,17680
4,0.11,17530648,17680
4,0.1,17548328,17680
5,0.08,17566008,17680
5,0.07,17583688,17680
6,0.06,17601368,17680
7,0.05,17619048,17680
8,0.04,17636728,17680
8,0.7,17654408,17680
9,1.92,17672088,17680
10,2.3,17689768,17680
11,2.59,17708488,18720
12,2.83,17727208,18720
13,3.04,17745936,18728
14,4.47,17764648,18712
15,5.69,17783368,18720
17,6.11,17802088,18720
18,7.09,17820808,18720
19,8.55,17839528,18720
20,9.17,17858248,18720
22,9.7,17876968,18720
23,10.78,17895688,18720
24,12.23,17915448,19760
26,13.4,17935208,19760
28,14.4,17954968,19760
29,15.84,17974728,19760
31,17.08,17994488,19760
32,18.72,18014248,19760
34,20.12,18034008,19760
36,21.32,18053768,19760
38,22.94,18073528,19760
40,24.32,18093288,19760
41,25.5,18113048,19760
43,27.09,18132808,19760
45,29.05,18152568,19760
47,30.72,18172328,19760
49,32.14,18192088,19760
51,33.95,18211856,19768
53,36.09,18231608,19752
55,37.91,18251368,19760
57,39.47,18271128,19760
59,40.8,18290888,19760
62,42.53,18310648,19760
64,44.59,18330408,19760
66,46.95,18350168,19760
68,48.96,18369928,19760
70,50.68,18389688,19760
73,52.73,18409448,19760
75,55.08,18429208,19760
77,57.09,18448968,19760
80,58.8,18468728,19760
82,61.45,18488488,19760
84,63.71,18508248,19760
87,65.63,18528008,19760
89,67.87,18547768,19760
92,70.38,18567528,19760
94,72.51,18587288,19760
96,74.34,18607048,19760
99,77.08,18626808,19760
101,79.42,18646568,19760
104,81.63,18667368,20800
107,84.31,18688168,20800
109,86.6,18708968,20800
112,89.11,18729768,20800
114,91.83,18750568,20800
117,94.14,18771368,20800
120,96.68,18792168,20800
122,99.41,18812968,20800
125,101.74,18833768,20800
128,103.87,18855608,21840
131,106.34,18877456,21848
133,109.53,18899296,21840
136,112.26,18921128,21832
139,114.59,18942968,21840
142,117.11,18964808,21840
144,119.8,18986648,21840
147,122.63,19008488,21840
150,125.58,19030328,21840
153,128.64,19052168,21840
155,131.25,19074008,21840
158,134.01,19095852,21844
161,136.37,19117688,21836
163,138.92,19139528,21840
166,141.63,19161368,21840
169,143.95,19183208,21840
171,147,19205048,21840
174,150.13,19226888,21840
177,152.81,19248728,21840
179,155.64,19270568,21840
182,158.05,19292408,21840
184,160.64,19314248,21840
187,163.39,19336088,21840
189,165.74,19357928,21840
191,168.81,19379768,21840
194,171.44,19401608,21840
196,173.68,19423448,21840
199,176.67,19445288,21840
201,179.75,19467128,21840
203,182.38,19488968,21840
205,184.63,19510808,21840
207,187.09,19532648,21840
210,189.19,19554488,21840
212,191.51,19576328,21840
214,194.03,19598168,21840
216,196.18,19620008,21840
218,198.56,19641848,21840
220,200.58,19663688,21840
222,202.85,19685528,21840
223,205.32,19707368,21840
225,207.43,19729208,21840
227,209.23,19751048,21840
229,211.3,19772888,21840
230,213.61,19794728,21840
232,215.58,19816568,21840
234,217.79,19838408,21840
235,219.68,19860248,21840
236,221.3,19882088,21840
238,223.21,19903928,21840
239,224.85,19925768,21840
241,226.78,19947608,21840
242,228.43,19969448,21840
243,229.84,19991288,21840
244,231.58,20013128,21840
245,233.59,20034980,21852
246,235.31,20056808,21828
247,236.26,20078648,21840
248,237.59,20100488,21840
249,239.27,20122328,21840
250,240.7,20144168,21840
250,241.92,20166008,21840
251,242.96,20187848,21840
252,243.85,20209688,21840
252,245.15,20231528,21840
253,246.26,20253368,21840
253,247.19,20275216,21848
254,248,20297048,21832
254,248.7,20318888,21840
254,249.82,20340728,21840
254,250.78,20362568,21840
254,251.6,20384408,21840
254,252.3,20406248,21840
254,252.36,20428088,21840
254,252.42,20449928,21840
254,253,20471768,21840
254,253.49,20493608,21840
254,253.92,20515448,21840
254,254.28,20537288,21840
253,254.59,20559128,21840
253,254.85,20580968,21840
252,255.07,20602808,21840
252,255.27,20624648,21840
251,255.43,20646488,21840
251,255.04,20668328,21840
250,254.7,20690168,21840
249,254.95,20712008,21840
248,254.62,20733848,21840
247,254.35,20755688,21840
246,254.11,20777528,21840
245,253.37,20799368,21840
244,252.74,20821208,21840
243,252.21,20843048,21840
242,251.75,20864888,21840
241,250.82,20886728,21840
240,250.03,20908568,21840
238,249.36,20930408,21840
237,248.78,20952248,21840
235,248.29,20974088,21840
234,247.32,20995940,21852
232,245.97,21017768,21828
231,244.83,21039608,21840
229,243.84,21061448,21840
227,242.47,21083288,21840
226,241.29,21105128,21840
224,239.75,21126968,21840
222,238.44,21148808,21840
220,237.32,21170648,21840
218,235.82,21192488,21840
216,234.55,21214328,21840
214,232.92,21236168,21840
212,231,21258008,21840
210,229.36,21279848,21840
208,227.43,21301688,21840
206,225.77,21323528,21840
204,224.36,21345368,21840
201,222.09,21367208,21840
199,220.14,21389048,21840
197,218.48,21410888,21840
195,216,21432728,21840
192,213.87,21454568,21840
190,212.06,21476408,21840
187,209.98,21498248,21840
185,207.66,21520088,21840
182,205.15,21541928,21840
180,203.01,21563768,21840
177,200.64,21585608,21840
175,198.08,21607448,21840
172,195.9,21629288,21840
170,193.5,21651128,21840
167,190.92,21672976,21848
164,188.71,21694808,21832
162,186.3,21716648,21840
159,183.7,21738488,21840
156,180.94,21760328,21840
153,178.05,21782168,21840
151,175.59,21804008,21840
148,172.95,21825848,21840
145,170.16,21847688,21840
142,167.77,21869528,21840
140,165.2,21891368,21840
137,161.94,21913208,21840
134,159.15,21935048,21840
131,156.77,21956888,21840
129,153.67,21978728,21840
126,151.02,22000568,21840
123,148.22,22022408,21840
120,145.3,22044248,21840
117,142.8,22066088,21840
115,139.6,22087928,21840
112,136.86,22109768,21840
109,133.99,22131608,21840
106,131.01,22153448,21840
104,128.46,22175288,21840
101,125.21,22197128,21840
98,121.9,22218968,21840
96,119.45,22239768,20800
93,116.61,22260568,20800
91,113.62,22281368,20800
88,111.07,22302168,20800
85,108.33,22322968,20800
83,105.99,22343776,20808
80,103.43,22364568,20792
78,100.68,22385368,20800
76,97.78,22406168,20800
73,95.03,22425928,19760
71,92.38,22445688,19760
69,89.53,22465448,19760
67,87.1,22485208,19760
64,84.43,22504968,19760
62,82.15,22524728,19760
60,79.61,22544488,19760
58,76.86,22564248,19760
56,74.5,22584008,19760
54,72.49,22603768,19760
52,70.18,22623528,19760
50,67.62,22643288,19760
48,65.43,22663048,19760
46,63.56,22682808,19760
44,61.37,22702568,19760
42,58.91,22722328,19760
40,56.81,22742088,19760
38,54.43,22761848,19760
36,52.39,22781608,19760
35,50.65,22801368,19760
33,48.58,22821128,19760
31,46.21,22840888,19760
30,44.2,22860648,19760
28,42.47,22880408,19760
26,40.41,22900168,19760
25,38.65,22919928,19760
23,37.14,22939688,19760
22,35.26,22959448,19760
21,33.07,22979208,19760
19,31.2,22998968,19760
18,29.6,23018728,19760
17,27.64,23038488,19760
15,25.97,23058248,19760
14,24.54,23078008,19760
13,23.32,23097768,19760
12,22.28,23117536,19768
11,20.8,23137296,19760
10,18.95,23157048,19752
9,17.36,23176808,19760
8,16.04,23195528,18720
7,14.95,23214248,18720
6,14.01,23232968,18720
6,12.59,23251688,18720
5,11.38,23270416,18728
4,10.34,23289128,18712
4,9.45,23307848,18720
3,8.7,23325528,17680
3,8.09,23343208,17680
2,7.57,23360888,17680
2,6.46,23378568,17680
1,5.52,23396248,17680
1,4.71,23413928,17680
1,4.03,23431608,17680
0,3.44,23449288,17680
0,2.94,23466968,17680
0,2.51,23484648,17680
0,2.14,23502328,17680
0,1.83,23520008,17680
0,1.56,23537688,17680
0,1.33,23555368,17680
0,1.14,23573048,17680
0,0.97,23590728,17680
0,0.83,23608408,17680
0,0.71,23626088,17680
0,0.61,23643768,17680
0,0.52,23661448,17680
0,0.44,23679128,17680
1,0.38,23696808,17680
1,0.32,23714488,17680
1,0.28,23732168,17680
2,0.23,23749848,17680
2,0.2,23767528,17680
3,0.17,23785208,17680
3,0.15,23802896,17688
4,0.12,23820568,17672
4,0.11,23838248,17680
5,0.09,23855928,17680
6,0.08,23873608,17680
6,0.07,23891288,17680
7,0.06,23908968,17680
8,0.71,23926648,17680
9,1.27,23944328,17680
10,1.08,23962008,17680
11,1.55,23980728,18720
12,2.57,23999448,18720
13,3.44,24018168,18720
14,4.19,24036888,18720
15,5.45,24055608,18720
16,6.52,24074328,18720
17,6.82,24093048,18720
18,7.7,24111768,18720
20,9.07,24130488,18720
21,10.24,24149208,18720
22,11.17,24168968,19760
24,11.91,24188728,19760
25,13.12,24208488,19760
27,14.16,24228248,19760
28,15.05,24248008,19760
30,16.4,24267768,19760
32,17.55,24287528,19760
33,19.13,24307288,19760
35,20.47,24327048,19760
37,21.62,24346808,19760
39,23.19,24366568,19760
40,25.13,24386328,19760
42,26.78,24406088,19760
44,28.19,24425848,19760
46,29.98,24445608,19760
48,31.51,24465368,19760
50,32.82,24485128,19760
52,34.53,24504888,19760
54,36.58,24524648,19760
56,38.34,24544408,19760
58,40.42,24564168,19760
60,42.2,24583928,19760
63,43.73,24603688,19760
65,45.62,24623448,19760
67,47.82,24643208,19760
69,50.3,24662968,19760
72,52.41,24682728,19760
74,54.22,24702488,19760
76,55.76,24722248,19760
78,57.66,24742008,19760
81,59.88,24761768,19760
83,62.37,24781528,19760
86,65.08,24801296,19768
88,67.4,24821048,19752
90,69.38,24840808,19760
93,71.67,24860568,19760
95,74.21,24880328,19760
98,76.38,24900088,19760
100,78.23,24919848,19760
103,80.61,24940648,20800
105,82.88,24961448,20800
108,85.38,24982248,20800
111,88.07,25003048,20800
113,90.37,25023848,20800
116,92.9,25044648,20800
118,95.06,25065448,20800
121,97.46,25086248,20800
124,100.08,25107048,20800
127,102.45,25128888,21840
129,105.14,25150728,21840
132,107.97,25172568,21840
135,110.39,25194408,21840
138,112.99,25216248,21840
140,115.74,25238088,21840
143,118.63,25259928,21840
146,121.63,25281768,21840
149,124.19,25303608,21840
151,126.92,25325448,21840
154,129.78,25347288,21840
157,132.75,25369128,21840
160,135.3,25390968,21840
162,138,25412808,21840
165,140.85,25434648,21840
168,143.28,25456488,21840
170,146.43,25478328,21840
173,149.11,25500168,21840
175,151.41,25522008,21840
178,154.43,25543848,21840
180,157.56,25565688,21840
183,160.22,25587528,21840
185,162.5,25609368,21840
188,164.98,25631208,21840
190,167.63,25653048,21840
193,170.43,25674888,21840
195,173.35,25696728,21840
197,175.85,25718568,21840
200,178.52,25740408,21840
202,181.33,25762248,21840
204,183.73,25784088,21840
206,185.79,25805928,21840
209,188.07,25827768,21840
211,190.56,25849608,21840
213,193.22,25871448,21840
215,195.49,25893288,21840
217,197.43,25915128,21840
219,200.15,25936980,21852
221,202.48,25958808,21828
223,204.47,25980648,21840
224,206.71,26002488,21840
226,208.61,26024328,21840
228,210.78,26046168,21840
230,213.16,26068008,21840
231,215.19,26089848,21840
233,216.93,26111688,21840
234,218.95,26133528,21840
236,220.67,26155368,21840
237,222.14,26177208,21840
239,224.46,26199064,21856
240,226.44,26220888,21824
241,228.16,26242728,21840
242,229.6,26264568,21840
244,230.84,26286408,21840
245,232.43,26308248,21840
246,234.33,26330088,21840
247,235.94,26351928,21840
248,237.32,26373768,21840
249,239.04,26395608,21840
249,239.97,26417448,21840
250,240.76,26439288,21840
251,242.51,26461128,21840
251,244,26482968,21840
252,244.74,26504808,21840
253,245.91,26526648,21840
253,246.9,26548488,21840
253,247.75,26570328,21840
254,249.01,26592168,21840
254,249.56,26614008,21840
254,250.02,26635848,21840
254,250.95,26657688,21840
254,251.74,26679528,21840
254,252.42,26701368,21840
254,253,26723208,21840
254,253.5,26745048,21840
254,253.92,26766888,21840
254,254.28,26788728,21840
254,254.59,26810568,21840
253,254.85,26832408,21840
253,255.08,26854248,21840
253,255.27,26876088,21840
252,255.43,26897928,21840
252,255.04,26919768,21840
251,254.7,26941608,21840
250,254.95,26963448,21840
249,255.16,26985288,21840
249,254.8,27007128,21840
248,254.5,27028968,21840
247,254.24,27050808,21840
246,253.49,27072648,21840
245,252.84,27094488,21840
244,252.29,27116328,21840
243,251.82,27138168,21840
241,251.42,27160008,21840
240,251.07,27181848,21840
239,250.25,27203688,21840
238,249,27225528,21840
236,247.94,27247368,21840
235,247.04,27269208,21840
233,246.26,27291048,21840
232,245.6,27312888,21840
230,244.51,27334728,21840
228,243.03,27356568,21840
227,241.77,27378408,21840
225,240.7,27400248,21840
223,239.25,27422088,21840
221,238.01,27443928,21840
219,236.95,27465768,21840
217,234.97,27487608,21840
215,233.29,27509448,21840
213,231.85,27531288,21840
211,230.08,27553128,21840
209,228.04,27574968,21840
207,226.29,27596816,21848
205,224.81,27618648,21832
203,222.47,27640488,21840
200,220.47,27662328,21840
198,218.76,27684168,21840
196,216.77,27706008,21840
193,215.07,27727848,21840
191,213.08,27749688,21840
188,210.85,27771528,21840
186,208.41,27793368,21840
184,205.79,27815208,21840
181,203.55,27837048,21840
178,201.64,27858888,21840
176,199.47,27880728,21840
173,197.09,27902568,21840
171,194.52,27924408,21840
168,191.78,27946248,21840
165,189.45,27968088,21840
163,186.93,27989928,21840
160,184.23,28011768,21840
157,181.93,28033608,21840
155,179.44,28055448,21840
152,176.77,28077288,21840
149,174.49,28099128,21840
146,172.01,28120968,21840
144,168.82,28142808,21840
141,166.09,28164660,21852
138,163.23,28186488,21828
135,160.26,28208328,21840
133,157.72,28230168,21840
130,155.01,28252008,21840
127,152.17,28273848,21840
124,149.2,28295688,21840
121,146.67,28317528,21840
119,143.97,28339368,21840
116,141.13,28361208,21840
113,138.71,28383048,21840
110,136.11,28404888,21840
108,132.81,28426728,21840
105,129.46,28448568,21840
102,126.61,28470408,21840
99,124.16,28492248,21840
97,121.36,28513048,20800
94,118.24,28533848,20800
92,115.57,28554648,20800
89,112.74,28575448,20800
87,109.75,28596248,20800
84,107.21,28617048,20800
82,104.47,28637848,20800
79,101.57,28658648,20800
77,99.09,28679448,20800
74,96.12,28699208,19760
72,93.32,28718968,19760
70,90.92,28738728,19760
68,88.29,28758488,19760
65,86.04,28778248,19760
63,83.52,28798008,19760
61,80.79,28817768,19760
59,78.45,28837528,19760
57,75.86,28857288,19760
55,73.65,28877048,19760
53,71.76,28896808,19760
51,68.97,28916568,19760
49,66.58,28936328,19760
47,64.55,28956088,19760
45,62.21,28975848,19760
43,60.22,28995608,19760
41,57.93,29015368,19760
39,55.39,29035128,19760
37,53.21,29054888,19760
36,51.35,29074648,19760
34,49.17,29094408,19760
32,47.31,29114168,19760
30,45.73,29133928,19760
29,43.19,29153688,19760
27,41.02,29173448,19760
26,39.17,29193208,19760
24,37.59,29212968,19760
23,36.24,29232728,19760
21,34.49,29252488,19760
20,32.41,29272248,19760
19,30.63,29292008,19760
17,29.12,29311768,19760
16,27.23,29331528,19760
15,25.62,29351288,19760
14,24.24,29371048,19760
12,22.48,29390808,19760
11,20.97,29410568,19760
10,19.68,29430328,19760
9,17.99,29450088,19760
8,16.58,29468808,18720
8,15.4,29487528,18720
7,14.4,29506248,18720
6,13.55,29524968,18720
5,12.19,29543688,18720
5,11.04,29562408,18720
4,10.05,29581128,18720
3,8.58,29599848,18720
3,7.99,29617528,17680
2,7.48,29635208,17680
2,6.39,29652888,17680
1,5.46,29670568,17680
1,4.66,29688248,17680
1,3.98,29705928,17680
0,3.4,29723608,17680
0,2.9,29741288,17680
0,2.48,29758968,17680
0,2.12,29776648,17680
0,1.81,29794328,17680
0,1.54,29812008,17680
0,1.32,29829688,17680
0,1.13,29847368,17680
0,0.96,29865048,17680
0,0.82,29882728,17680
0,0.7,29900408,17680
0,0.6,29918088,17680
0,0.51,29935768,17680
0,0.44,29953448,17680
1,0.37,29971128,17680
1,0.32,29988808,17680
1,0.27,30006488,17680
2,0.23,30024168,17680
2,0.2,30041848,17680
2,0.17,30059536,17688
3,0.14,30077208,17672
3,0.12,30094888,17680
4,0.11,30112568,17680
5,0.09,30130248,17680
5,0.74,30147928,17680
6,1.29,30165608,17680
7,1.1,30183288,17680
7,1.6,30200968,17680
8,2.03,30218648,17680
9,2.39,30236328,17680
10,2.7,30254008,17680
11,2.93,30272728,18720
12,3.75,30291448,18720
13,4.45,30310168,18720
14,5.05,30328888,18720
15,5.56,30347608,18720
16,6.62,30366328,18720
18,7.53,30385048,18720
19,8.3,30403768,18720
20,9.58,30422488,18720
21,10.68,30441208,18720
23,11.55,30460968,19760
24,12.23,30480728,19760
26,13.4,30500488,19760
27,14.4,30520248,19760
29,15.25,30540008,19760
31,16.57,30559768,19760
32,18.29,30579528,19760
34,19.76,30599288,19760
36,21.01,30619048,19760
38,22.67,30638808,19760
39,24.09,30658576,19768
41,25.89,30678328,19752
43,27.43,30698088,19760
45,28.75,30717848,19760
47,30.46,30737608,19760
49,31.92,30757368,19760
51,33.76,30777128,19760
53,35.93,30796888,19760
55,37.77,30816648,19760
57,39.35,30836408,19760
59,41.29,30856168,19760
61,42.95,30875928,19760
64,44.36,30895688,19760
66,46.75,30915448,19760
68,48.79,30935208,19760
70,50.53,30954968,19760
73,52.61,30974728,19760
75,54.98,30994488,19760
77,57,31014248,19760
79,58.72,31034008,19760
82,61.38,31053768,19760
84,63.65,31073528,19760
87,65.59,31093288,19760
89,67.83,31113048,19760
91,70.34,31132808,19760
94,73.07,31152568,19760
96,75.41,31172328,19760
99,77.4,31192088,19760
101,79.7,31211848,19760
104,81.89,31232648,20800
106,83.97,31253448,20800
109,86.31,31274248,20800
112,88.87,31295048,20800
114,91.62,31315848,20800
117,93.96,31336648,20800
120,96.53,31357448,20800
122,99.28,31378248,20800
125,101.63,31399048,20800
128,103.77,31420888,21840
130,106.27,31442728,21840
133,108.93,31464568,21840
136,111.75,31486408,21840
139,114.68,31508248,21840
142,117.19,31530088,21840
144,119.87,31551928,21840
147,122.69,31573768,21840
150,125.1,31595608,21840
153,127.69,31617448,21840
155,130.44,31639288,21840
158,133.32,31661128,21840
161,136.31,31682968,21840
163,138.87,31704808,21840
166,141.59,31726648,21840
169,144.45,31748488,21840
171,147.42,31770328,21840
174,149.96,31792168,21840
176,152.67,31814008,21840
179,155.51,31835848,21840
182,157.94,31857688,21840
184,161.08,31879532,21844
186,163.77,31901368,21836
189,166.06,31923216,21848
191,168.55,31945048,21832
194,171.22,31966888,21840
196,174.03,31988728,21840
198,176.96,32010568,21840
201,179.47,32032408,21840
203,181.61,32054248,21840
205,184.51,32076088,21840
207,186.98,32097928,21840
210,189.09,32119768,21840
212,191.96,32141620,21852
214,194.41,32163448,21828
216,196.52,32185288,21840
218,198.84,32207128,21840
220,200.83,32228968,21840
222,203.06,32250808,21840
223,205.5,32272648,21840
225,207.58,32294488,21840
227,209.89,32316328,21840
229,211.87,32338168,21840
230,213.56,32360008,21840
232,216.07,32381848,21840
233,218.21,32403688,21840
235,219.51,32425528,21840
236,221.15,32447368,21840
238,223.09,32469208,21840
239,225.27,32491048,21840
240,227.14,32512888,21840
242,228.74,32534728,21840
243,230.1,32556568,21840
244,231.79,32578420,21852
245,233.78,32600248,21828
246,234.95,32622088,21840
247,236.48,32643928,21840
248,237.78,32665768,21840
249,238.89,32687608,21840
250,240.38,32709448,21840
250,241.65,32731288,21840
251,242.73,32753128,21840
252,243.66,32774968,21840
252,244.98,32796808,21840
253,246.11,32818648,21840
253,247.08,32840488,21840
254,248.43,32862340,21852
254,249.05,32884168,21828
254,249.6,32906008,21840
254,250.59,32927848,21840
254,251.44,32949688,21840
254,252.16,32971528,21840
254,252.24,32993368,21840
254,252.32,33015208,21840
254,252.91,33037048,21840
254,253.42,33058888,21840
254,253.85,33080728,21840
254,254.22,33102568,21840
253,254.54,33124408,21840
253,254.81,33146248,21840
252,255.04,33168088,21840
252,255.24,33189928,21840
251,255.41,33211768,21840
251,255.55,33233608,21840
250,255.14,33255448,21840
249,254.79,33277288,21840
248,254.49,33299128,21840
247,254.22,33320976,21848
247,254,33342808,21832
246,253.29,33364648,21840
244,252.67,33386488,21840
243,252.15,33408328,21840
242,251.7,33430168,21840
241,251.31,33452008,21840
240,250.45,33473848,21840
238,249.71,33495688,21840
237,249.08,33517528,21840
236,248.01,33539368,21840
234,247.1,33561208,21840
232,246.31,33583048,21840
231,245.11,33604888,21840
229,244.08,33626728,21840
228,243.21,33648568,21840
226,241.92,33670408,21840
224,240.82,33692260,21852
222,239.35,33714088,21828
220,237.57,33735928,21840
218,236.04,33757768,21840
216,234.73,33779608,21840
214,233.08,33801448,21840
212,231.14,33823288,21840
210,229.48,33845128,21840
208,228.06,33866968,21840
206,226.31,33888808,21840
204,224.29,33910648,21840
202,222.56,33932488,21840
199,220.55,33954328,21840
197,218.29,33976168,21840
195,216.37,33998008,21840
192,214.72,34019848,21840
190,212.79,34041688,21840
187,210.6,34063528,21840
185,208.19,34085368,21840
182,205.6,34107208,21840
180,203.39,34129048,21840
177,201.5,34150888,21840
175,199.36,34172728,21840
172,196.99,34194568,21840
170,194.43,34216408,21840
167,191.71,34238248,21840
164,189.39,34260088,21840
162,186.87,34281928,21840
159,184.19,34303768,21840
156,181.36,34325608,21840
154,178.95,34347452,21844
151,176.35,34369288,21836
148,173.6,34391128,21840
145,171.25,34412968,21840
143,168.17,34434808,21840
140,165.54,34456648,21840
137,162.76,34478488,21840
134,159.86,34500328,21840
132,157.37,34522168,21840
129,154.18,34544008,21840
126,151.46,34565848,21840
123,148.6,34587688,21840
120,145.62,34609528,21840
118,143.07,34631368,21840
115,139.83,34653208,21840
112,137.06,34675048,21840
109,134.7,34696892,21844
107,131.61,34718736,21844
104,128.44,34740568,21832
101,125.73,34762408,21840
98,122.88,34784248,21840
96,119.73,34805048,20800
93,116.85,34825848,20800
91,113.82,34846648,20800
88,111.24,34867448,20800
86,109.04,34888248,20800
83,106.03,34909048,20800
81,102.91,34929848,20800
78,100.23,34950648,20800
76,97.95,34971448,20800
73,95.15,34991208,19760
71,92.49,35010968,19760
69,90.21,35030728,19760
67,87.68,35050488,19760
64,84.93,35070248,19760
62,81.98,35090008,19760
60,79.47,35109768,19760
58,77.33,35129528,19760
56,74.9,35149288,19760
54,72.83,35169048,19760
52,70.47,35188808,19760
50,67.87,35208568,19760
48,65.64,35228328,19760
46,63.74,35248088,19760
44,61.53,35267848,19760
42,59.05,35287608,19760
40,56.93,35307368,19760
38,54.53,35327128,19760
36,52.48,35346888,19760
35,50.73,35366648,19760
33,48.64,35386408,19760
31,46.27,35406168,19760
30,44.24,35425928,19760
28,42.51,35445688,19760
27,40.44,35465448,19760
25,38.67,35485208,19760
23,37.16,35504968,19760
22,35.28,35524728,19760
21,33.09,35544488,19760
19,31.21,35564248,19760
18,29.61,35584016,19768
17,28.24,35603768,19752
15,27.08,35623528,19760
14,24.9,35643288,19760
13,23.03,35663048,19760
12,22.04,35682808,19760
11,20.59,35702568,19760
10,18.77,35722328,19760
9,17.8,35742088,19760
8,16.38,35760808,18720
7,14.62,35779528,18720
6,13.73,35798248,18720
6,12.97,35816968,18720
5,11.7,35835688,18720
4,10.62,35854408,18720
4,9.69,35873128,18720
3,8.94,35890808,17680
3,8.29,35908488,17680
2,7.08,35926168,17680
2,6.05,35943848,17680
1,5.17,35961528,17680
1,4.41,35979208,17680
1,3.77,35996888,17680
0,3.22,36014568,17680
0,2.75,36032248,17680
0,2.35,36049936,17688
0,2,36067608,17672
0,1.71,36085288,17680
0,1.46,36102968,17680
0,1.25,36120648,17680
0,1.07,36138328,17680
0,0.91,36156008,17680
0,0.78,36173688,17680
0,0.66,36191368,17680
0,0.57,36209048,17680
0,0.48,36226728,17680
0,0.41,36244408,17680
1,0.35,36262088,17680
1,0.3,36279768,17680
1,0.26,36297448,17680
2,0.22,36315128,17680
2,0.19,36332808,17680
3,0.16,36350488,17680
3,0.14,36368168,17680
4,0.12,36385848,17680
4,0.1,36403528,17680
5,0.09,36421208,17680
6,0.07,36438888,17680
6,0.06,36456568,17680
7,0.05,36474248,17680
8,0.71,36491928,17680
9,1.26,36509608,17680
10,1.08,36527288,17680
10,1.55,36546008,18720
11,2.57,36564728,18720
12,3.44,36583448,18720
14,4.19,36602168,18720
15,4.82,36620888,18720
16,5.37,36639608,18720
17,6.45,36658328,18720
18,8.01,36677048,18720
19,8.71,36695768,18720
21,9.31,36714488,18720
22,10.45,36733208,18720
24,11.35,36752968,19760
25,12.65,36772728,19760
27,14.35,36792488,19760
28,15.8,36812248,19760
30,17.04,36832008,19760
31,18.1,36851768,19760
33,19,36871528,19760
35,20.37,36891288,19760
37,22.12,36911048,19760
38,23.62,36930808,19760
40,24.9,36950568,19760
42,25.99,36970328,19760
44,27.52,36990088,19760
46,29.41,37009848,19760
48,31.03,37029608,19760
50,33,37049368,19760
52,34.68,37069128,19760
54,36.12,37088888,19760
56,37.94,37108648,19760
58,40.08,37128408,19760
60,42.51,37148172,19764
62,43.98,37167928,19756
65,45.84,37187688,19760
67,48.01,37207448,19760
69,49.87,37227208,19760
71,52.04,37246968,19760
74,53.9,37266728,19760
76,55.49,37286488,19760
78,57.44,37306248,19760
81,59.69,37326008,19760
83,62.2,37345768,19760
85,64.94,37365528,19760
88,67.28,37385288,19760
90,69.28,37405048,19760
92,70.99,37424808,19760
95,73.03,37444568,19760
97,75.97,37464328,19760
100,78.47,37484088,19760
102,80.25,37504888,20800
105,82.57,37525688,20800
108,85.12,37546488,20800
110,87.85,37567288,20800
113,90.18,37588088,20800
116,92.18,37608888,20800
118,95,37629688,20800
121,97.98,37650488,20800
123,100.52,37671288,20800
126,102.82,37693128,21840
129,104.92,37714968,21840
132,107.25,37736808,21840
135,110.31,37758648,21840
137,113.45,37780504,21856
140,116.14,37802328,21824
143,118.44,37824168,21840
146,120.93,37846008,21840
148,123.6,37867848,21840
151,126.41,37889688,21840
154,129.34,37911528,21840
157,131.85,37933368,21840
159,134.52,37955208,21840
162,137.34,37977048,21840
165,140.29,37998888,21840
167,143.33,38020728,21840
170,145.94,38042568,21840
173,148.69,38064408,21840
175,151.58,38086248,21840
178,154.05,38108088,21840
180,156.69,38129928,21840
183,159.48,38151768,21840
185,162.4,38173608,21840
188,165.43,38195448,21840
190,168.02,38217288,21840
193,170.22,38239128,21840
195,172.64,38260968,21840
197,175.78,38282808,21840
200,178.46,38304648,21840
202,180.75,38326488,21840
204,183.23,38348328,21840
206,185.89,38370168,21840
208,188.69,38392020,21852
211,191.09,38413848,21828
213,193.14,38435688,21840
215,195.43,38457528,21840
217,197.91,38479368,21840
219,200.03,38501208,21840
221,201.84,38523048,21840
222,203.92,38544888,21840
224,206.24,38566728,21840
226,208.21,38588568,21840
228,210.43,38610408,21840
229,212.87,38632248,21840
231,214.94,38654088,21840
233,216.72,38675928,21840
234,218.77,38697768,21840
236,220.52,38719608,21840
237,222.01,38741448,21840
238,223.82,38763288,21840
240,225.9,38785128,21840
241,227.68,38806968,21840
242,229.2,38828808,21840
243,231.03,38850648,21840
245,232.59,38872488,21840
246,233.93,38894328,21840
247,235.6,38916172,21844
248,237.03,38938008,21836
248,238.26,38959848,21840
249,239.84,38981688,21840
250,241.18,39003528,21840
251,242.33,39025368,21840
251,243.32,39047208,21840
252,244.16,39069048,21840
252,245.41,39090888,21840
253,246.48,39112728,21840
253,247.39,39134568,21840
254,248.17,39156408,21840
254,248.83,39178256,21848
254,249.93,39200088,21832
254,250.35,39221928,21840
254,250.7,39243768,21840
254,251.53,39265608,21840
254,252.24,39287448,21840
254,252.84,39309288,21840
254,253.36,39331128,21840
254,253.8,39352968,21840
254,253.65,39374808,21840
253,253.51,39396648,21840
253,253.93,39418488,21840
253,254.29,39440328,21840
252,254.6,39462168,21840
252,254.33,39484008,21840
251,254.09,39505848,21840
250,254.43,39527688,21840
250,254.18,39549528,21840
249,253.97,39571368,21840
248,253.79,39593208,21840
247,253.1,39615048,21840
246,253.04,39636888,21840
245,253,39658728,21840
244,252.42,39680568,21840
243,251.93,39702408,21840
242,250.98,39724248,21840
240,250.17,39746088,21840
239,249.47,39767928,21840
238,248.88,39789768,21840
236,248.37,39811608,21840
235,247.4,39833448,21840
233,246.04,39855288,21840
232,244.88,39877128,21840
230,243.89,39898968,21840
228,242.5,39920808,21840
227,241.32,39942648,21840
225,240.31,39964488,21840
223,238.92,39986328,21840
221,237.73,40008168,21840
219,236.71,40030008,21840
217,234.77,40051848,21840
215,233.11,40073688,21840
213,231.7,40095528,21840
211,229.96,40117368,21840
209,227.93,40139208,21840
207,226.21,40161048,21840
205,224.73,40182888,21840
203,222.4,40204728,21840
200,220.41,40226568,21840
198,218.71,40248408,21840
196,216.73,40270248,21840
193,215.03,40292096,21848
191,213.04,40313928,21832
189,210.82,40335768,21840
186,208.38,40357608,21840
184,206.3,40379448,21840
181,203.99,40401288,21840
179,201.48,40423128,21840
176,199.34,40444968,21840
174,196.97,40466808,21840
171,194.42,40488648,21840
168,191.7,40510488,21840
166,189.38,40532328,21840
163,186.86,40554168,21840
160,184.18,40576016,21848
158,181.89,40597848,21832
155,179.4,40619688,21840
152,176.74,40641528,21840
149,174.46,40663368,21840
147,171.99,40685208,21840
144,169.34,40707048,21840
141,166.54,40728888,21840
138,163.61,40750728,21840
136,160.58,40772568,21840
133,157.99,40794408,21840
130,155.25,40816248,21840
127,152.37,40838088,21840
125,149.91,40859928,21840
122,146.74,40881768,21840
119,143.5,40903608,21840
116,140.73,40925448,21840
113,138.36,40947288,21840
111,135.81,40969128,21840
108,132.56,40990968,21840
105,129.78,41012808,21840
102,126.88,41034648,21840
100,123.86,41056488,21840
97,121.29,41078328,21840
94,118.36,41099128,20800
92,115.68,41119928,20800
89,112.83,41140728,20800
87,109.83,41161528,20800
84,107.27,41182328,20800
82,104.53,41203128,20800
79,101.62,41223928,20800
77,99.13,41244728,20800
75,96.75,41264488,19760
72,93.85,41284248,19760
70,91.38,41304008,19760
68,89.27,41323768,19760
66,86.28,41343528,19760
63,83.73,41363288,19760
61,81.56,41383048,19760
59,79.11,41402808,19760
57,76.42,41422568,19760
55,73.54,41442328,19760
53,71.08,41462088,19760
51,68.97,41481848,19760
49,67.18,41501608,19760
47,65.05,41521368,19760
45,62.65,41541128,19760
43,60,41560888,19760
41,57.74,41580648,19760
39,55.82,41600408,19760
37,53.58,41620168,19760
36,51.67,41639928,19760
34,49.44,41659688,19760
32,47.54,41679448,19760
30,45.92,41699208,19760
29,43.35,41718968,19760
27,41.16,41738728,19760
26,39.29,41758488,19760
24,37.69,41778248,19760
23,36.32,41798008,19760
21,33.98,41817768,19760
20,31.97,41837528,19760
19,30.26,41857288,19760
17,28.8,41877048,19760
16,27.55,41896808,19760
15,25.89,41916568,19760
14,24.47,41936328,19760
12,22.67,41956088,19760
11,21.14,41975848,19760
10,19.82,41995608,19760
9,18.11,42015368,19760
8,16.68,42034088,18720
8,15.49,42052808,18720
7,14.48,42071528,18720
6,12.99,42090248,18720
5,11.72,42108968,18720
5,11.25,42127688,18720
4,10.24,42146408,18720
3,8.74,42165128,18720
3,8.13,42182808,17680
2,7.6,42200488,17680
2,6.49,42218168,17680
1,5.54,42235848,17680
1,4.73,42253528,17680
1,4.04,42271208,17680
0,3.45,42288888,17680
0,2.95,42306576,17688
0,2.52,42324248,17672
0,2.15,42341928,17680
0,1.84,42359608,17680
0,1.57,42377288,17680
0,1.34,42394968,17680
0,1.14,42412648,17680
0,0.98,42430328,17680
0,0.83,42448008,17680
0,0.71,42465688,17680
0,0.61,42483368,17680
0,0.52,42501048,17680
0,0.44,42518728,17680
0,0.38,42536408,17680
1,0.32,42554088,17680
1,0.28,42571768,17680
2,0.24,42589448,17680
2,0.2,42607128,17680
2,0.17,42624808,17680
3,0.15,42642488,17680
3,0.13,42660168,17680
4,0.11,42677848,17680
5,0.09,42695528,17680
5,0.08,42713208,17680
6,0.07,42730888,17680
7,0.06,42748568,17680
7,0.71,42766248,17680
8,1.27,42783928,17680
9,1.74,42801608,17680
10,2.15,42819288,17680
11,2.46,42838008,18720
12,2.72,42856728,18720
13,3.57,42875448,18720
14,4.92,42894168,18720
15,5.45,42912888,18720
16,5.9,42931608,18720
18,6.91,42950328,18720
19,8.4,42969048,18720
20,9.05,42987768,18720
21,9.6,43006488,18720
23,10.69,43025208,18720
24,12.15,43044968,19760
26,13.33,43064728,19760
27,14.34,43084488,19760
29,15.79,43104248,19760
31,17.03,43124008,19760
32,18.09,43143768,19760
34,19.59,43163528,19760
36,21.46,43183288,19760
37,23.05,43203048,19760
39,24.42,43222808,19760
41,25.58,43242568,19760
43,27.16,43262328,19760
45,28.52,43282088,19760
47,30.26,43301848,19760
49,32.35,43321608,19760
51,33.54,43341368,19760
53,35.14,43361128,19760
55,37.1,43380888,19760
57,39.37,43400660,19772
59,41.3,43420408,19748
61,42.96,43440168,19760
63,44.96,43459928,19760
66,46.67,43479688,19760
68,48.72,43499448,19760
70,50.48,43519208,19760
72,52.56,43538968,19760
75,54.94,43558728,19760
77,56.96,43578488,19760
79,59.29,43598248,19760
82,61.27,43618008,19760
84,62.96,43637776,19768
86,65,43657528,19752
89,67.33,43677288,19760
91,69.32,43697048,19760
94,71.61,43716808,19760
96,74.16,43736568,19760
98,76.34,43756328,19760
101,78.79,43776088,19760
103,81.11,43796888,20800
106,83.31,43817688,20800
109,85.74,43838488,20800
111,88.39,43859288,20800
114,91.2,43880088,20800
117,93.61,43900888,20800
119,96.23,43921688,20800
122,99.02,43942488,20800
125,101.41,43963288,20800
127,104.12,43985128,21840
130,106.56,44006968,21840
133,109.19,44028808,21840
136,111.96,44050648,21840
138,114.33,44072488,21840
141,116.89,44094328,21840
144,119.61,44116168,21840
147,122.47,44138008,21840
150,124.91,44159848,21840
152,127.53,44181688,21840
155,130.3,44203528,21840
158,133.2,44225368,21840
160,136.21,44247208,21840
163,138.79,44269048,21840
166,141.52,44290888,21840
168,144.39,44312728,21840
171,146.83,44334568,21840
174,149.46,44356408,21840
176,152.24,44378248,21840
179,155.15,44400088,21840
181,157.63,44421928,21840
184,160.28,44443768,21840
186,163.08,44465608,21840
189,165.48,44487448,21840
191,168.06,44509288,21840
194,170.79,44531128,21840
196,173.66,44552968,21840
198,176.65,44574808,21840
200,179.2,44596648,21840
203,181.38,44618488,21840
205,184.3,44640340,21852
207,186.81,44662168,21828
209,188.95,44684008,21840
211,191.31,44705848,21840
213,193.86,44727688,21840
216,196.04,44749528,21840
217,197.9,44771368,21840
219,200.56,44793208,21840
221,202.83,44815048,21840
223,204.76,44836888,21840
225,206.95,44858728,21840
227,208.82,44880568,21840
228,210.95,44902416,21848
230,213.31,44924248,21832
232,215.33,44946088,21840
233,217.04,44967928,21840
235,219.04,44989768,21840
236,221.28,45011620,21852
238,223.19,45033460,21840
239,224.84,45055288,21828
240,226.24,45077128,21840
242,227.97,45098968,21840
243,229.98,45120808,21840
244,231.7,45142648,21840
245,233.16,45164488,21840
246,234.42,45186328,21840
247,236.02,45208168,21840
248,237.39,45230008,21840
249,238.56,45251848,21840
250,240.09,45273688,21840
250,241.4,45295528,21840
251,242.52,45317368,21840
252,243.48,45339208,21840
252,244.83,45361048,21840
253,245.98,45382888,21840
253,246.97,45404728,21840
253,247.81,45426568,21840
254,248.53,45448408,21840
254,249.68,45470248,21840
254,250.12,45492088,21840
254,250.5,45513928,21840
254,251.36,45535768,21840
254,252.1,45557608,21840
254,252.72,45579448,21840
254,253.26,45601288,21840
254,253.72,45623128,21840
254,254.11,45644968,21840
254,254.44,45666808,21840
253,254.19,45688648,21840
253,253.98,45710488,21840
252,254.33,45732328,21840
252,254.63,45754168,21840
251,254.89,45776008,21840
251,254.57,45797848,21840
250,254.3,45819688,21840
249,254.61,45841528,21840
248,254.33,45863368,21840
248,253.56,45885208,21840
247,253.44,45907048,21840
246,253.34,45928888,21840
245,252.71,45950728,21840
243,252.18,45972568,21840
242,251.73,45994408,21840
241,250.8,46016248,21840
240,250.02,46038088,21840
238,249.34,46059928,21840
237,248.23,46081768,21840
236,247.28,46103608,21840
234,246.47,46125448,21840
233,245.78,46147288,21840
231,244.66,46169128,21840
229,243.7,46190968,21840
228,242.88,46212808,21840
226,241.64,46234648,21840
224,240.05,46256488,21840
222,238.69,46278328,21840
221,237.53,46300176,21848
219,236,46322008,21832
217,234.17,46343848,21840
215,232.61,46365688,21840
213,231.27,46387528,21840
211,229.59,46409368,21840
208,227.62,46431208,21840
206,225.94,46453048,21840
204,224.5,46474888,21840
202,222.74,46496728,21840
200,220.7,46518568,21840
197,218.42,46540408,21840
195,216.48,46562248,21840
193,214.82,46584088,21840
190,212.87,46605928,21840
188,210.67,46627768,21840
185,208.25,46649608,21840
183,205.65,46671448,21840
180,203.44,46693288,21840
178,201.54,46715128,21840
175,199.39,46736968,21840
173,197.02,46758808,21840
170,194.46,46780648,21840
167,191.73,46802488,21840
165,189.41,46824328,21840
162,186.89,46846168,21840
159,184.2,46868008,21840
157,181.91,46889848,21840
154,179.41,46911688,21840
151,176.75,46933528,21840
148,173.94,46955368,21840
146,171,46977208,21840
143,167.96,46999048,21840
140,164.83,47020888,21840
137,162.15,47042728,21840
135,159.87,47064568,21840
132,157.39,47086408,21840
129,154.19,47108248,21840
126,151.46,47130096,21848
123,148.6,47151928,21832
121,145.62,47173768,21840
118,143.08,47195608,21840
115,140.37,47217448,21840
112,137.52,47239288,21840
110,134.56,47261128,21840
107,131.49,47282968,21840
104,128.34,47304808,21840
101,125.64,47326648,21840
99,123.34,47348488,21840
96,120.65,47369288,20800
93,117.64,47390088,20800
91,114.5,47410888,20800
88,111.82,47431696,20808
86,109.53,47452488,20792
83,106.45,47473288,20800
81,103.27,47494088,20800
78,100.54,47514888,20800
76,98.22,47535688,20800
74,95.96,47555448,19760
71,93.18,47575208,19760
69,90.22,47594968,19760
67,87.68,47614728,19760
65,84.93,47634488,19760
63,82.58,47654248,19760
60,80.57,47674008,19760
58,77.67,47693768,19760
56,75.2,47713528,19760
54,73.08,47733288,19760
52,70.69,47753048,19760
50,68.05,47772808,19760
48,65.8,47792568,19760
46,63.88,47812328,19760
44,61.64,47832088,19760
42,59.15,47851848,19760
40,57.01,47871608,19760
38,55.19,47891368,19760
37,53.04,47911128,19760
35,50.62,47930888,19760
33,48.55,47950648,19760
32,46.78,47970408,19760
30,44.68,47990168,19760
28,42.29,48009928,19760
27,40.25,48029688,19760
25,38.51,48049448,19760
24,36.44,48069208,19760
22,34.66,48088968,19760
21,33.15,48108728,19760
19,31.86,48128488,19760
18,30.16,48148248,19760
17,28.12,48168008,19760
16,26.38,48187768,19760
14,24.89,48207528,19760
13,23.62,48227288,19760
12,22.54,48247048,19760
11,21.02,48266808,19760
10,19.13,48286568,19760
9,17.52,48306328,19760
8,16.18,48325048,18720
7,15.06,48343768,18720
6,14.11,48362488,18720
6,13.3,48381208,18720
5,11.98,48399928,18720
4,10.86,48418648,18720
4,9.9,48437368,18720
3,8.45,48455048,17680
3,7.88,48472728,17680
2,7.39,48490408,17680
2,6.31,48508088,17680
1,5.39,48525768,17680
1,4.6,48543448,17680
1,3.93,48561128,17680
0,3.36,48578808,17680
0,2.87,48596488,17680
0,2.45,48614168,17680
0,2.09,48631848,17680
0,1.79,48649528,17680
0,1.52,48667208,17680
0,1.3,48684888,17680
0,1.11,48702568,17680
0,0.95,48720248,17680
0,0.81,48737928,17680
0,0.69,48755608,17680
0,0.59,48773288,17680
0,0.51,48790968,17680
0,0.43,48808648,17680
1,0.37,48826328,17680
1,0.31,48844008,17680
1,0.27,48861688,17680
2,0.23,48879368,17680
2,0.2,48897048,17680
3,0.17,48914728,17680
3,0.14,48932408,17680
4,0.12,48950088,17680
4,0.1,48967768,17680
5,0.09,48985448,17680
6,0.08,49003128,17680
6,0.06,49020808,17680
7,0.06,49038488,17680
8,0.71,49056168,17680
9,1.27,49073848,17680
9,1.08,49091528,17680
10,1.58,49109208,17680
11,2.64,49127928,18720
12,3.5,49146648,18720
13,4.24,49165368,18720
14,4.87,49184088,18720
16,5.4,49202808,18720
17,6.49,49221528,18720
18,7.41,49240248,18720
19,8.2,49258968,18720
21,9.5,49277688,18720
22,10.61,49296408,18720
23,11.49,49316168,19760
25,12.77,49335928,19760
26,13.86,49355688,19760
28,14.79,49375448,19760
30,16.18,49395208,19760
31,17.36,49414968,19760
33,18.96,49434728,19760
35,20.33,49454488,19760
36,21.5,49474248,19760
38,23.09,49494008,19760
40,24.45,49513768,19760
42,26.2,49533528,19760
44,27.69,49553288,19760
46,28.97,49573048,19760
48,30.65,49592808,19760
50,32.68,49612568,19760
52,35,49632328,19760
54,36.98,49652100,19772
56,38.67,49671848,19748
58,40.12,49691608,19760
60,41.95,49711368,19760
62,44.1,49731128,19760
64,45.93,49750888,19760
66,47.5,49770648,19760
69,49.43,49790408,19760
71,51.67,49810168,19760
73,53.58,49829928,19760
76,55.81,49849688,19760
78,58.3,49869456,19768
80,60.43,49889208,19752
83,62.24,49908968,19760
85,64.39,49928728,19760
87,66.81,49948488,19760
90,68.87,49968248,19760
92,70.64,49988008,19760
95,72.74,50007768,19760
97,75.12,50027536,19768
99,77.75,50047288,19752
102,80.58,50067048,19760
104,82.65,50087848,20800
107,84.62,50108648,20800
110,87.43,50129448,20800
112,89.82,50150248,20800
115,91.87,50171048,20800
118,94.74,50191848,20800
120,97.75,50212648,20800
123,100.33,50233448,20800
126,102.66,50255288,21840
128,105.32,50277128,21840
131,108.12,50298968,21840
134,110.52,50320808,21840
137,112.56,50342648,21840
140,115.38,50364488,21840
142,118.32,50386328,21840
145,120.83,50408168,21840
148,123.51,50430008,21840
151,126.33,50451848,21840
153,129.28,50473688,21840
156,131.8,50495528,21840
159,134.48,50517368,21840
161,137.3,50539208,21840
164,139.72,50561048,21840
167,142.31,50582888,21840
169,145.07,50604728,21840
172,147.95,50626576,21848
175,150.94,50648408,21832
177,153.51,50670248,21840
180,156.23,50692088,21840
182,159.09,50713928,21840
185,161.53,50735768,21840
187,164.15,50757608,21840
190,166.92,50779448,21840
192,169.29,50801288,21840
194,171.85,50823128,21840
197,174.56,50844968,21840
199,177.42,50866808,21840
201,180.39,50888648,21840
204,182.93,50910488,21840
206,185.1,50932328,21840
208,187.49,50954168,21840
210,190.06,50976008,21840
212,192.26,50997848,21840
214,194.67,51019688,21840
216,196.73,51041528,21840
218,199.02,51063376,21848
220,201.51,51085208,21832
222,203.11,51107048,21840
224,205.01,51128888,21840
226,207.16,51150728,21840
227,209.54,51172568,21840
229,212.1,51194408,21840
231,214.29,51216248,21840
232,216.16,51238088,21840
234,217.75,51259928,21840
235,219.65,51281768,21840
237,221.81,51303608,21840
238,223.65,51325448,21840
240,225.22,51347288,21840
241,227.1,51369128,21840
242,228.7,51390968,21840
243,230.07,51412808,21840
244,231.77,51434648,21840
245,233.23,51456488,21840
246,235.01,51478328,21840
247,236.52,51500168,21840
248,237.82,51522008,21840
249,239.46,51543848,21840
250,240.86,51565688,21840
251,242.06,51587528,21840
251,243.08,51609368,21840
252,243.96,51631208,21840
252,245.24,51653048,21840
253,246.33,51674888,21840
253,247.27,51696728,21840
254,248.6,51718568,21840
254,249.2,51740408,21840
254,249.72,51762248,21840
254,250.69,51784088,21840
254,251.52,51805928,21840
254,252.23,51827768,21840
254,252.84,51849608,21840
254,253.36,51871448,21840
254,253.79,51893300,21852
254,253.64,51915128,21828
254,253.51,51936968,21840
254,253.93,51958808,21840
253,254.29,51980648,21840
253,254.6,52002488,21840
252,254.85,52024336,21848
252,255.08,52046168,21832
251,255.28,52068008,21840
250,254.9,52089848,21840
250,254.59,52111688,21840
249,254.32,52133528,21840
248,254.08,52155368,21840
247,253.89,52177208,21840
246,253.18,52199048,21840
245,252.58,52220888,21840
244,252.07,52242728,21840
243,251.63,52264568,21840
242,251.26,52286408,21840
241,250.4,52308248,21840
239,249.67,52330088,21840
238,249.05,52351928,21840
237,247.98,52373768,21840
235,247.07,52395608,21840
234,246.29,52417448,21840
232,245.09,52439288,21840
230,244.07,52461128,21840
229,243.19,52482968,21840
227,241.91,52504808,21840
225,240.82,52526648,21840
224,239.35,52548488,21840
222,237.56,52570328,21840
220,236.03,52592168,21840
218,234.72,52614008,21840
216,233.08,52635848,21840
214,231.67,52657688,21840
212,230.46,52679528,21840
210,228.37,52701368,21840
208,226.58,52723208,21840
205,225.05,52745048,21840
203,223.21,52766888,21840
201,221.1,52788728,21840
199,219.3,52810568,21840
196,217.23,52832408,21840
194,214.93,52854248,21840
192,212.96,52876088,21840
189,210.74,52897928,21840
187,208.85,52919768,21840
184,206.7,52941608,21840
182,204.33,52963448,21840
179,202.31,52985288,21840
177,200.58,53007128,21840
174,198.57,53028968,21840
171,195.78,53050808,21840
169,192.86,53072648,21840
166,190.37,53094488,21840
164,188.25,53116328,21840
161,185.9,53138168,21840
158,183.35,53160008,21840
155,180.65,53181848,21840
153,177.8,53203688,21840
150,175.37,53225528,21840
147,172.76,53247368,21840
145,170,53269208,21840
142,167.11,53291048,21840
139,164.1,53312888,21840
136,161.53,53334728,21840
133,158.8,53356568,21840
131,155.94,53378408,21840
128,153.49,53400248,21840
125,150.86,53422096,21848
122,148.09,53443928,21832
120,145.19,53465768,21840
117,142.17,53487608,21840
114,139.06,53509448,21840
111,135.87,53531288,21840
108,133.15,53553128,21840
106,130.82,53574968,21840
103,128.3,53596808,21840
100,125.07,53618648,21840
98,121.79,53640488,21840
95,119.35,53661288,20800
92,116.53,53682088,20800
90,113.55,53702888,20800
87,111.01,53723688,20800
85,108.28,53744488,20800
82,105.38,53765288,20800
80,102.35,53786088,20800
77,99.76,53806888,20800
75,97.28,53826648,19760
73,94.31,53846408,19760
70,91.77,53866180,19772
68,89.6,53885928,19748
66,86.57,53905688,19760
64,83.98,53925448,19760
62,81.76,53945208,19760
60,79.28,53964968,19760
57,76.57,53984728,19760
55,74.26,54004488,19760
53,72.28,54024248,19760
51,69.41,54044008,19760
49,66.96,54063768,19760
47,64.87,54083528,19760
45,62.49,54103288,19760
43,60.46,54123048,19760
41,58.13,54142808,19760
40,55.56,54162568,19760
38,53.36,54182328,19760
36,51.48,54202088,19760
34,49.87,54221848,19760
33,47.91,54241608,19760
31,45.64,54261368,19760
29,43.71,54281128,19760
28,42.06,54300888,19760
26,40.05,54320648,19760
25,37.75,54340408,19760
23,36.38,54360168,19760
22,34.61,54379928,19760
20,32.51,54399688,19760
19,31.31,54419448,19760
18,29.7,54439208,19760
16,27.73,54458968,19760
15,26.04,54478728,19760
14,24.6,54498488,19760
13,23.38,54518248,19760
12,21.74,54538008,19760
11,20.34,54557768,19760
10,19.14,54577528,19760
9,17.53,54597288,19760
8,16.18,54616008,18720
7,15.07,54634728,18720
6,14.12,54653448,18720
5,12.68,54672168,18720
5,11.45,54690888,18720
4,10.4,54709608,18720
3,8.88,54728328,18720
3,7.59,54746008,17680
2,6.48,54763688,17680
2,5.53,54781368,17680
2,4.73,54799048,17680
1,4.04,54816728,17680
1,3.45,54834408,17680
1,2.28,54852088,17680
0,1.29,54869768,17680
0,1.1,54887448,17680
0,0.94,54905128,17680
0,0.8,54922808,17680
0,0.69,54940488,17680
0,0.59,54958168,17680
0,0.5,54975848,17680
0,0.43,54993528,17680
0,0.36,55011208,17680
0,0.31,55028888,17680
0,0.27,55046568,17680
0,0.23,55064248,17680
0,0.19,55081928,17680
0,0.17,55099608,17680
1,0.14,55117288,17680
1,0.12,55134968,17680
1,0.1,55152656,17688
2,0.09,55170328,17672
2,0.08,55188008,17680
3,0.06,55205688,17680
3,0.05,55223368,17680
4,0.05,55241048,17680
4,0.04,55258728,17680
5,0.03,55276408,17680
6,0.03,55294088,17680
7,0.02,55311768,17680
7,0.02,55329448,17680
8,0.02,55347128,17680
9,0.02,55364808,17680
10,0.01,55382488,17680
11,0.01,55401208,18720
12,0.63,55419928,18720
13,1.16,55438648,18720
14,1.62,55457368,18720
15,3.25,55476088,18720
16,4.65,55494808,18720
17,5.22,55513528,18720
19,6.33,55532248,18720
20,7.9,55550968,18720
21,9.24,55569688,18720
23,10.39,55588408,18720
,,,20287.72993
