1.80183,197.11,34.10,,
181,188.46,34.12,,
179,180.04,34.14,,
177,188.54,34.16,,
174,179.97,34.1.04,,
187,197.11,34.06,,
185,188.54,34.08,,
183,197.11,34.10,,
181,188.46,34.12,,
179,180.04,34.14,,
177,188.54,34.16,,
174,179.97,34.1127,0.00,0.00
127,156.06,0.00,,
127,0.00,0.00,,
127,0.00,0.00,,
128,151.92,0.00,,
129,45.47,0.01,,
131,86.77,0.03,,
133,106.05,0.05,,
135,117.96,0.07,,
138,117.96,0.08,,
140,127.04,0.10,,
142,136.11,0.12,,
144,136.11,0.14,,
147,136.11,0.15,,
149,145.18,0.17,,
151,136.11,0.19,,
153,154.26,0.21,,
155,145.18,0.23,,
158,145.18,0.24,,
160,154.26,0.26,,
162,163.33,0.28,,
164,154.26,0.30,,
166,163.33,0.31,,
168,154.26,0.33,,
171,172.41,0.35,,
173,163.33,0.37,,
175,172.41,0.38,,
177,172.41,0.40,,
179,172.41,0.42,,
181,172.41,0.44,,
183,172.41,0.45,,
185,181.48,0.47,,
187,181.48,0.49,,
189,181.44,0.51,,
191,190.60,0.53,,
193,181.48,0.54,,
195,190.55,0.56,,
197,199.63,0.58,,
199,190.55,0.60,,
200,199.63,0.61,,
202,199.63,0.63,,
204,190.55,0.65,,
206,208.70,0.67,,
208,199.63,0.68,,
209,208.61,0.70,,
211,199.72,0.72,,
213,208.70,0.74,,
214,208.70,0.76,,
216,217.78,0.77,,
218,208.70,0.79,,
219,217.78,0.81,,
221,217.78,0.83,,
222,217.78,0.84,,
224,217.78,0.86,,
225,217.78,0.88,,
227,226.85,0.90,,
228,226.85,0.91,,
229,226.70,0.93,,
231,227.00,0.95,,
232,226.85,0.97,,
233,226.85,0.99,,
234,235.92,1.00,,
236,226.85,1.02,,
237,235.92,1.04,,
238,235.92,1.06,,
239,235.92,1.07,,
240,235.92,1.09,,
241,245.00,1.11,,
242,235.92,1.13,,
243,245.00,1.14,,
244,235.92,1.16,,
245,245.00,1.18,,
246,245.00,1.20,,
247,245.00,1.22,,
247,245.00,1.23,,
248,245.00,1.25,,
249,254.07,1.27,,
249,245.00,1.29,,
250,245.00,1.30,,
251,254.07,1.32,,
251,245.00,1.34,,
252,254.07,1.36,,
252,254.07,1.37,,
252,254.07,1.39,,
253,245.00,1.41,,
253,254.07,1.43,,
253,254.07,1.44,,
254,254.07,1.46,,
254,254.07,1.48,,
254,254.07,1.50,,
254,254.07,1.52,,
254,263.09,1.53,,
254,254.13,1.55,,
254,254.07,1.57,,
254,254.07,1.59,,
254,254.07,1.60,,
254,254.07,1.62,,
254,254.01,1.64,,
254,263.20,1.66,,
254,254.07,1.67,,
254,254.07,1.69,,
253,254.07,1.71,,
253,254.07,1.73,,
253,254.07,1.75,,
252,254.07,1.76,,
252,263.03,1.78,,
251,254.19,1.80,,
251,254.07,1.82,,
250,254.07,1.83,,
250,245.00,1.85,,
249,254.07,1.87,,
248,254.07,1.89,,
247,254.07,1.90,,
247,244.89,1.92,,
246,254.19,1.94,,
245,245.00,1.96,,
244,254.07,1.98,,
243,245.00,1.99,,
242,245.00,2.01,,
241,254.07,2.03,,
240,245.00,2.05,,
239,245.00,2.06,,
238,245.00,2.08,,
237,235.92,2.10,,
236,245.00,2.12,,
235,235.92,2.13,,
234,245.00,2.15,,
232,235.92,2.17,,
231,235.92,2.19,,
230,235.92,2.21,,
228,235.92,2.22,,
227,235.92,2.24,,
226,235.92,2.26,,
224,226.85,2.28,,
223,226.85,2.29,,
221,235.92,2.31,,
220,226.85,2.33,,
218,226.85,2.35,,
216,217.78,2.36,,
215,226.85,2.38,,
213,217.78,2.40,,
211,217.78,2.42,,
210,217.78,2.44,,
208,217.78,2.45,,
206,217.78,2.47,,
205,208.70,2.49,,
203,208.70,2.51,,
201,208.70,2.52,,
199,208.70,2.54,,
197,208.70,2.56,,
195,199.63,2.58,,
193,208.70,2.59,,
191,199.63,2.61,,
189,190.55,2.63,,
187,199.63,2.65,,
186,190.55,2.66,,
183,190.55,2.68,,
181,190.55,2.70,,
179,181.48,2.72,,
177,190.55,2.74,,
175,181.48,2.75,,
173,181.44,2.77,,
171,181.52,2.79,,
169,172.41,2.81,,
167,172.41,2.82,,
165,181.48,2.84,,
163,163.33,2.86,,
160,172.41,2.88,,
158,163.33,2.89,,
156,163.33,2.91,,
154,163.33,2.93,,
152,163.33,2.95,,
149,154.26,2.97,,
147,154.26,2.98,,
145,154.26,3.00,,
143,145.18,3.02,,
140,154.26,3.04,,
138,145.18,3.05,,
136,145.18,3.07,,
134,136.11,3.09,,
131,145.18,3.11,,
129,136.11,3.12,,
127,127.04,3.14,,
125,136.11,3.16,,
122,127.04,3.18,,
120,127.04,3.20,,
118,127.04,3.21,,
116,117.96,3.23,,
113,127.04,3.25,,
111,117.96,3.27,,
109,108.89,3.28,,
107,117.96,3.30,,
104,108.89,3.32,,
102,108.89,3.34,,
100,99.81,3.35,,
98,106.05,3.37,,
96,106.05,3.39,,
94,96.41,3.40,,
92,102.84,3.42,,
90,96.39,3.44,,
88,92.58,3.45,,
86,92.55,3.47,,
84,82.27,3.48,,
82,92.55,3.50,,
81,82.27,3.51,,
79,82.27,3.53,,
77,82.27,3.55,,
75,82.27,3.56,,
73,82.27,3.58,,
71,71.99,3.59,,
70,71.99,3.61,,
68,71.99,3.62,,
66,71.99,3.64,,
64,71.99,3.65,,
63,61.70,3.67,,
61,71.99,3.69,,
59,61.70,3.70,,
58,61.70,3.72,,
56,61.70,3.73,,
54,51.42,3.75,,
53,61.70,3.76,,
51,51.42,3.78,,
49,51.42,3.80,,
48,51.42,3.81,,
46,51.42,3.83,,
45,41.14,3.84,,
43,51.42,3.86,,
42,41.14,3.87,,
40,41.14,3.89,,
39,41.14,3.90,,
37,41.14,3.92,,
36,41.14,3.94,,
35,41.14,3.95,,
33,30.85,3.97,,
32,30.85,3.98,,
31,41.14,4.00,,
29,30.85,4.01,,
28,20.57,4.03,,
27,30.85,4.04,,
26,30.85,4.06,,
24,20.57,4.08,,
23,30.85,4.09,,
22,20.57,4.11,,
21,20.57,4.12,,
20,20.57,4.14,,
19,20.57,4.15,,
18,20.57,4.17,,
17,20.57,4.19,,
16,10.28,4.20,,
15,20.57,4.22,,
14,10.28,4.23,,
13,20.57,4.25,,
12,10.28,4.26,,
11,10.28,4.28,,
10,10.28,4.29,,
10,10.28,4.31,,
9,10.28,4.33,,
8,11.02,4.34,,
8,0.00,4.35,,
7,11.86,4.37,,
6,0.00,4.38,,
6,11.87,4.40,,
5,0.00,4.41,,
5,11.87,4.42,,
4,0.00,4.44,,
4,0.00,4.45,,
3,11.87,4.47,,
3,0.00,4.48,,
3,0.00,4.49,,
2,0.00,4.51,,
2,0.00,4.52,,
2,0.00,4.53,,
1,0.00,4.55,,
1,0.00,4.56,,
1,0.00,4.58,,
0,0.00,4.59,,
0,0.00,4.60,,
0,0.00,4.62,,
0,0.00,4.63,,
0,0.00,4.64,,
0,0.00,4.66,,
0,0.00,4.67,,
0,0.00,4.68,,
0,0.00,4.70,,
0,0.00,4.71,,
0,0.00,4.72,,
0,0.00,4.74,,
0,0.00,4.75,,
0,0.00,4.76,,
0,0.00,4.78,,
0,0.00,4.79,,
0,0.00,4.81,,
0,0.00,4.82,,
0,0.00,4.83,,
1,0.00,4.85,,
1,0.00,4.86,,
1,0.00,4.87,,
1,0.00,4.89,,
2,0.00,4.90,,
2,0.00,4.91,,
2,0.00,4.93,,
3,0.00,4.94,,
3,0.00,4.95,,
4,0.00,4.97,,
4,0.00,4.98,,
5,0.00,4.99,,
5,0.00,5.01,,
6,0.00,5.02,,
6,0.00,5.04,,
7,0.00,5.05,,
7,11.87,5.06,,
8,0.00,5.08,,
8,0.00,5.09,,
9,11.87,5.10,,
10,0.00,5.12,,
11,11.02,5.13,,
11,0.00,5.15,,
12,11.02,5.16,,
13,10.28,5.18,,
14,10.28,5.19,,
15,10.28,5.21,,
16,10.28,5.23,,
17,10.28,5.24,,
18,20.57,5.26,,
19,10.28,5.27,,
20,20.57,5.29,,
21,10.28,5.30,,
22,20.57,5.32,,
23,20.57,5.33,,
25,20.57,5.35,,
26,20.57,5.37,,
27,20.57,5.38,,
28,20.57,5.40,,
29,30.85,5.41,,
31,20.57,5.43,,
32,30.85,5.44,,
33,30.85,5.46,,
35,30.85,5.47,,
36,30.85,5.49,,
38,30.85,5.51,,
39,30.85,5.52,,
40,30.85,5.54,,
42,41.14,5.55,,
43,41.14,5.57,,
45,41.14,5.58,,
46,41.14,5.60,,
48,41.14,5.62,,
50,41.14,5.63,,
51,41.14,5.65,,
53,51.42,5.66,,
54,51.42,5.68,,
56,51.42,5.69,,
58,51.42,5.71,,
59,51.42,5.72,,
61,51.42,5.74,,
63,61.70,5.76,,
65,61.70,5.77,,
66,51.42,5.79,,
68,71.99,5.80,,
70,61.70,5.82,,
72,61.70,5.83,,
73,71.99,5.85,,
75,61.70,5.86,,
77,71.99,5.88,,
79,71.99,5.90,,
81,82.23,5.91,,
83,72.02,5.93,,
84,82.27,5.94,,
86,71.99,5.96,,
88,82.27,5.97,,
90,82.27,5.99,,
92,92.55,6.01,,
94,82.27,6.02,,
96,92.55,6.04,,
98,92.55,6.05,,
100,92.55,6.07,,
102,96.41,6.08,,
104,96.41,6.10,,
106,96.41,6.12,,
108,106.05,6.13,,
110,99.81,6.15,,
112,106.05,6.17,,
115,108.89,6.19,,
117,108.81,6.20,,
119,118.04,6.22,,
121,117.96,6.24,,
124,108.89,6.26,,
126,117.96,6.27,,
128,127.04,6.29,,
130,117.96,6.31,,
133,127.04,6.33,,
135,127.04,6.35,,
137,136.11,6.36,,
139,136.02,6.38,,
142,127.12,6.40,,
144,136.11,6.42,,
146,145.18,6.43,,
148,136.11,6.45,,
151,145.18,6.47,,
153,154.26,6.49,,
155,145.18,6.50,,
157,154.26,6.52,,
159,154.26,6.54,,
162,154.26,6.56,,
164,154.26,6.58,,
166,163.33,6.59,,
168,154.26,6.61,,
170,163.33,6.63,,
172,172.41,6.65,,
174,163.33,6.66,,
176,172.41,6.68,,
179,172.41,6.70,,
181,172.41,6.72,,
183,181.48,6.73,,
185,181.48,6.75,,
187,181.48,6.77,,
189,181.48,6.79,,
191,181.48,6.81,,
193,190.55,6.82,,
194,190.55,6.84,,
196,190.55,6.86,,
198,199.63,6.88,,
200,190.55,6.89,,
202,199.63,6.91,,
204,199.63,6.93,,
206,199.63,6.95,,
207,208.65,6.96,,
209,199.67,6.98,,
211,208.70,7.00,,
212,208.70,7.02,,
214,208.70,7.03,,
216,208.70,7.05,,
217,217.78,7.07,,
219,208.70,7.09,,
220,217.78,7.11,,
222,217.78,7.12,,
223,217.78,7.14,,
225,226.85,7.16,,
226,217.78,7.18,,
228,226.85,7.19,,
229,226.85,7.21,,
230,226.85,7.23,,
232,226.85,7.25,,
233,235.92,7.26,,
234,226.85,7.28,,
235,235.92,7.30,,
237,226.85,7.32,,
238,235.92,7.34,,
239,235.92,7.35,,
240,245.00,7.37,,
241,235.92,7.39,,
242,235.92,7.41,,
243,245.00,7.42,,
244,245.00,7.44,,
245,235.92,7.46,,
246,245.00,7.48,,
246,245.00,7.49,,
247,245.00,7.51,,
248,254.07,7.53,,
249,245.00,7.55,,
249,245.00,7.57,,
250,254.07,7.58,,
250,245.00,7.60,,
251,254.07,7.62,,
251,245.00,7.64,,
252,254.07,7.65,,
252,254.07,7.67,,
253,254.07,7.69,,
253,245.00,7.71,,
253,254.07,7.72,,
254,254.07,7.74,,
254,254.07,7.76,,
254,254.07,7.78,,
254,263.15,7.80,,
254,254.07,7.81,,
254,254.07,7.83,,
254,254.07,7.85,,
254,254.07,7.87,,
254,254.07,7.88,,
254,263.03,7.90,,
254,254.19,7.92,,
254,254.07,7.94,,
254,254.07,7.95,,
254,254.07,7.97,,
253,254.07,7.99,,
253,263.15,8.01,,
253,254.07,8.03,,
252,254.07,8.04,,
252,254.07,8.06,,
251,254.07,8.08,,
251,254.01,8.10,,
250,254.13,8.11,,
250,254.07,8.13,,
249,254.07,8.15,,
248,254.07,8.17,,
248,245.00,8.18,,
247,254.07,8.20,,
246,254.07,8.22,,
245,245.00,8.24,,
244,254.07,8.25,,
243,245.00,8.27,,
243,245.00,8.29,,
242,254.07,8.31,,
241,245.00,8.33,,
240,245.00,8.34,,
238,245.00,8.36,,
237,235.92,8.38,,
236,245.00,8.40,,
235,245.00,8.41,,
234,235.92,8.43,,
233,235.92,8.45,,
231,245.00,8.47,,
230,235.92,8.48,,
229,235.92,8.50,,
227,226.85,8.52,,
226,235.92,8.54,,
224,235.82,8.56,,
223,226.95,8.57,,
221,226.85,8.59,,
220,226.85,8.61,,
218,226.85,8.63,,
217,226.85,8.64,,
215,217.78,8.66,,
213,217.78,8.68,,
212,226.85,8.70,,
210,217.78,8.71,,
208,208.70,8.73,,
207,217.78,8.75,,
205,217.78,8.77,,
203,208.70,8.79,,
201,208.70,8.80,,
199,208.70,8.82,,
198,199.63,8.84,,
196,208.70,8.86,,
194,199.63,8.87,,
192,199.63,8.89,,
190,199.63,8.91,,
188,199.63,8.93,,
186,190.55,8.94,,
184,190.55,8.96,,
182,190.55,8.98,,
180,190.55,9.00,,
178,181.48,9.02,,
176,181.48,9.03,,
174,181.48,9.05,,
172,181.48,9.07,,
169,181.48,9.09,,
167,172.41,9.10,,
165,172.41,9.12,,
163,172.41,9.14,,
161,172.41,9.16,,
159,163.33,9.17,,
156,163.33,9.19,,
154,163.33,9.21,,
152,163.29,9.23,,
150,154.29,9.24,,
148,154.26,9.26,,
145,154.26,9.28,,
143,154.26,9.30,,
141,145.18,9.32,,
139,145.18,9.33,,
136,145.18,9.35,,
134,145.18,9.37,,
132,136.11,9.39,,
130,136.11,9.40,,
127,136.11,9.42,,
125,127.04,9.44,,
123,136.11,9.46,,
121,127.04,9.47,,
118,127.04,9.49,,
116,117.96,9.51,,
114,127.04,9.53,,
112,117.96,9.55,,
109,108.89,9.56,,
107,117.96,9.58,,
105,108.89,9.60,,
103,108.89,9.62,,
101,108.89,9.63,,
98,108.89,9.65,,
96,96.41,9.67,,
94,102.84,9.68,,
92,96.41,9.70,,
90,92.55,9.72,,
88,102.84,9.73,,
86,86.77,9.75,,
85,92.55,9.76,,
83,82.27,9.78,,
81,82.27,9.80,,
79,92.55,9.81,,
77,82.25,9.83,,
75,72.01,9.84,,
74,82.27,9.86,,
72,71.99,9.87,,
70,82.27,9.89,,
68,71.99,9.90,,
66,71.99,9.92,,
65,61.70,9.94,,
63,71.99,9.95,,
61,61.70,9.97,,
60,61.70,9.98,,
58,61.70,10.00,,
56,67.49,10.01,,
54,57.85,10.03,,
53,48.21,10.05,,
51,57.85,10.06,,
49,48.21,10.08,,
48,57.85,10.10,,
46,48.21,10.11,,
44,48.21,10.13,,
43,38.56,10.15,,
41,48.21,10.16,,
40,38.56,10.18,,
38,48.21,10.20,,
36,38.56,10.21,,
35,28.92,10.23,,
34,38.56,10.25,,
32,38.56,10.26,,
31,28.92,10.28,,
29,28.92,10.30,,
28,38.56,10.31,,
27,19.28,10.33,,
25,28.92,10.35,,
24,28.92,10.36,,
23,19.28,10.38,,
22,28.92,10.40,,
20,19.28,10.41,,
19,19.28,10.43,,
18,19.28,10.45,,
17,19.28,10.46,,
16,19.28,10.48,,
15,9.64,10.50,,
14,20.57,10.51,,
13,9.64,10.53,,
12,20.57,10.54,,
11,9.64,10.56,,
10,10.28,10.58,,
10,9.64,10.59,,
9,10.28,10.61,,
8,0.00,10.63,,
7,11.02,10.64,,
7,10.28,10.66,,
6,0.00,10.67,,
6,11.02,10.69,,
5,0.00,10.70,,
4,11.02,10.72,,
4,0.00,10.73,,
3,0.00,10.75,,
3,0.00,10.76,,
3,0.00,10.77,,
2,0.00,10.79,,
2,0.00,10.80,,
1,0.00,10.82,,
1,0.00,10.83,,
1,0.00,10.85,,
1,0.00,10.86,,
0,0.00,10.88,,
0,0.00,10.89,,
0,0.00,10.91,,
0,0.00,10.92,,
0,0.00,10.93,,
0,0.00,10.95,,
0,0.00,10.96,,
0,0.00,10.98,,
0,0.00,10.99,,
0,0.00,11.01,,
0,0.00,11.02,,
0,0.00,11.04,,
0,0.00,11.05,,
0,0.00,11.07,,
0,0.00,11.08,,
0,0.00,11.10,,
0,0.00,11.11,,
1,0.00,11.12,,
1,0.00,11.14,,
1,0.00,11.15,,
1,0.00,11.17,,
2,0.00,11.18,,
2,0.00,11.20,,
2,0.00,11.21,,
3,0.00,11.23,,
3,0.00,11.24,,
4,0.00,11.26,,
4,0.00,11.27,,
5,0.00,11.28,,
5,0.00,11.30,,
6,0.00,11.31,,
6,11.02,11.33,,
7,0.00,11.34,,
8,0.00,11.36,,
8,0.00,11.37,,
9,0.00,11.39,,
10,0.00,11.40,,
11,10.28,11.42,,
12,0.00,11.43,,
12,10.28,11.45,,
13,9.64,11.47,,
14,10.28,11.48,,
15,9.64,11.50,,
16,10.28,11.51,,
17,19.28,11.53,,
18,9.64,11.55,,
19,20.57,11.56,,
21,9.64,11.58,,
22,20.57,11.60,,
23,19.28,11.61,,
24,19.28,11.63,,
25,19.28,11.65,,
27,19.28,11.66,,
28,28.92,11.68,,
29,19.28,11.70,,
31,28.92,11.71,,
32,28.92,11.73,,
34,28.92,11.75,,
35,28.92,11.76,,
37,28.92,11.78,,
38,38.56,11.80,,
40,28.92,11.81,,
41,38.56,11.83,,
43,38.56,11.84,,
44,38.56,11.86,,
46,38.56,11.88,,
48,38.56,11.89,,
49,48.21,11.91,,
51,48.21,11.93,,
53,48.21,11.94,,
54,48.21,11.96,,
56,48.21,11.98,,
58,48.21,11.99,,
60,57.85,12.01,,
62,57.85,12.03,,
63,57.85,12.04,,
65,57.85,12.06,,
67,57.85,12.08,,
69,67.49,12.09,,
71,57.85,12.11,,
73,67.49,12.13,,
75,77.13,12.14,,
77,67.49,12.16,,
79,67.49,12.18,,
81,77.13,12.19,,
83,77.13,12.21,,
85,77.13,12.23,,
87,86.77,12.24,,
89,77.13,12.26,,
91,86.77,12.28,,
93,86.77,12.29,,
95,86.77,12.31,,
97,96.41,12.33,,
99,86.77,12.34,,
101,96.41,12.36,,
103,99.81,12.38,,
105,99.81,12.40,,
108,99.81,12.41,,
110,99.81,12.43,,
112,108.89,12.45,,
114,111.36,12.47,,
117,102.88,12.49,,
119,111.41,12.51,,
122,119.98,12.52,,
124,119.98,12.54,,
126,119.98,12.56,,
129,119.98,12.58,,
131,128.55,12.60,,
134,119.98,12.62,,
136,128.55,12.64,,
138,137.12,12.66,,
141,128.55,12.67,,
143,137.12,12.69,,
145,145.69,12.71,,
148,137.12,12.73,,
150,145.69,12.75,,
152,145.69,12.77,,
155,145.69,12.79,,
157,154.26,12.80,,
159,145.69,12.82,,
162,162.83,12.84,,
164,154.26,12.86,,
166,162.83,12.88,,
169,162.83,12.90,,
171,162.83,12.92,,
173,171.40,12.94,,
175,162.79,12.95,,
177,180.01,12.97,,
180,171.40,12.99,,
182,171.40,13.01,,
184,179.97,13.03,,
186,179.97,13.05,,
188,188.54,13.07,,
190,179.97,13.09,,
192,188.54,13.10,,
194,188.54,13.12,,
196,188.54,13.14,,
198,197.11,13.16,,
200,188.54,13.18,,
202,197.11,13.20,,
204,197.11,13.22,,
206,205.68,13.24,,
208,197.11,13.25,,
210,205.68,13.27,,
212,205.68,13.29,,
213,214.25,13.31,,
215,205.68,13.33,,
217,214.25,13.35,,
218,214.25,13.37,,
220,214.25,13.39,,
222,222.82,13.40,,
223,214.25,13.42,,
225,222.82,13.44,,
226,222.82,13.46,,
228,222.82,13.48,,
229,231.34,13.50,,
231,222.86,13.52,,
232,231.39,13.53,,
233,231.34,13.55,,
235,231.44,13.57,,
236,231.39,13.59,,
237,231.39,13.61,,
238,239.96,13.63,,
240,231.39,13.65,,
241,239.96,13.67,,
242,239.96,13.68,,
243,239.96,13.70,,
244,239.96,13.72,,
245,248.53,13.74,,
246,239.96,13.76,,
246,248.53,13.78,,
247,239.96,13.80,,
248,248.53,13.82,,
249,248.53,13.83,,
249,248.53,13.85,,
250,248.53,13.87,,
251,248.53,13.89,,
251,248.53,13.91,,
252,257.10,13.93,,
252,248.53,13.95,,
253,256.99,13.97,,
253,248.63,13.98,,
253,257.10,14.00,,
254,248.53,14.02,,
254,257.10,14.04,,
254,257.10,14.06,,
254,248.53,14.08,,
254,257.10,14.10,,
254,257.10,14.12,,
254,257.10,14.13,,
254,257.04,14.15,,
254,248.58,14.17,,
254,257.10,14.19,,
254,257.10,14.21,,
254,257.10,14.23,,
254,257.10,14.25,,
253,257.10,14.27,,
253,248.53,14.28,,
253,257.10,14.30,,
252,257.10,14.32,,
252,257.10,14.34,,
251,248.53,14.36,,
251,257.10,14.38,,
250,256.99,14.40,,
250,248.63,14.41,,
249,257.10,14.43,,
248,248.53,14.45,,
247,248.53,14.47,,
247,257.10,14.49,,
246,248.53,14.51,,
245,248.53,14.53,,
244,248.53,14.55,,
243,248.53,14.56,,
242,248.53,14.58,,
241,239.96,14.60,,
240,248.53,14.62,,
239,239.96,14.64,,
238,248.53,14.66,,
236,239.96,14.68,,
235,239.96,14.70,,
234,239.96,14.71,,
233,239.96,14.73,,
231,239.90,14.75,,
230,231.44,14.77,,
228,239.96,14.79,,
227,231.39,14.81,,
225,231.39,14.83,,
224,231.39,14.85,,
222,231.39,14.86,,
221,231.39,14.88,,
219,222.82,14.90,,
217,222.82,14.92,,
216,222.82,14.94,,
214,222.82,14.96,,
212,222.82,14.98,,
210,214.25,15.00,,
209,214.25,15.01,,
207,214.25,15.03,,
205,214.25,15.05,,
203,214.25,15.07,,
201,205.68,15.09,,
199,205.68,15.11,,
197,205.68,15.13,,
195,205.68,15.14,,
193,197.11,15.16,,
191,205.68,15.18,,
189,197.11,15.20,,
187,188.54,15.22,,
185,197.11,15.24,,
183,188.54,15.26,,
180,188.54,15.28,,
178,179.97,15.29,,
176,188.54,15.31,,
174,179.97,15.33,,
172,179.93,15.35,,
169,180.01,15.37,,
167,171.40,15.39,,
165,171.40,15.41,,
163,171.40,15.43,,
160,171.40,15.44,,
158,162.83,15.46,,
156,162.83,15.48,,
153,162.83,15.50,,
151,162.83,15.52,,
149,154.26,15.54,,
146,154.26,15.56,,
144,145.69,15.58,,
141,154.26,15.59,,
139,145.69,15.61,,
137,145.69,15.63,,
134,137.12,15.65,,
132,145.69,15.67,,
130,137.12,15.69,,
127,137.12,15.71,,
125,128.55,15.73,,
122,128.55,15.74,,
120,128.55,15.76,,
118,119.98,15.78,,
115,128.55,15.80,,
113,119.98,15.82,,
111,111.41,15.84,,
108,119.98,15.86,,
106,111.41,15.87,,
103,111.41,15.89,,
101,102.84,15.91,,
99,102.84,15.93,,
97,108.89,15.95,,
94,99.81,15.97,,
92,96.41,15.98,,
90,96.41,16.00,,
88,96.39,16.02,,
86,86.79,16.03,,
84,86.77,16.05,,
82,86.77,16.07,,
80,86.75,16.08,,
78,86.79,16.10,,
76,77.13,16.12,,
74,77.13,16.13,,
73,86.75,16.15,,
71,67.50,16.17,,
69,77.13,16.18,,
67,67.49,16.20,,
65,77.11,16.22,,
63,67.50,16.23,,
61,57.85,16.25,,
59,67.49,16.27,,
58,57.83,16.28,,
56,67.47,16.30,,
54,48.23,16.32,,
52,57.85,16.33,,
51,57.83,16.35,,
49,48.22,16.37,,
47,48.21,16.38,,
46,57.85,16.40,,
44,38.56,16.42,,
43,48.22,16.43,,
41,48.21,16.45,,
39,38.56,16.47,,
38,38.56,16.48,,
36,38.57,16.50,,
35,38.56,16.52,,
33,38.56,16.53,,
32,28.92,16.55,,
31,38.57,16.57,,
29,28.92,16.58,,
28,28.92,16.60,,
27,28.92,16.62,,
25,28.93,16.63,,
24,19.28,16.65,,
23,28.92,16.67,,
22,19.28,16.68,,
20,28.93,16.70,,
19,19.28,16.72,,
18,19.28,16.73,,
17,19.28,16.75,,
16,9.64,16.77,,
15,20.57,16.78,,
14,9.64,16.80,,
13,20.57,16.81,,
12,9.64,16.83,,
11,10.28,16.85,,
10,9.64,16.86,,
10,10.28,16.88,,
9,9.64,16.89,,
8,11.02,16.91,,
7,10.28,16.92,,
7,0.00,16.94,,
6,11.02,16.95,,
6,0.00,16.97,,
5,11.02,16.98,,
4,0.00,17.00,,
4,0.00,17.01,,
3,11.02,17.03,,
3,0.00,17.04,,
3,0.00,17.06,,
2,0.00,17.07,,
2,0.00,17.09,,
1,0.00,17.10,,
1,0.00,17.12,,
1,0.00,17.13,,
1,0.00,17.15,,
0,0.00,17.16,,
0,0.00,17.18,,
0,0.00,17.19,,
0,0.00,17.21,,
0,0.00,17.22,,
0,0.00,17.23,,
0,0.00,17.25,,
0,0.00,17.26,,
0,0.00,17.28,,
0,0.00,17.29,,
0,0.00,17.31,,
0,0.00,17.32,,
0,0.00,17.34,,
0,0.00,17.35,,
0,0.00,17.37,,
0,0.00,17.38,,
0,0.00,17.39,,
1,0.00,17.41,,
1,0.00,17.42,,
1,0.00,17.44,,
1,0.00,17.45,,
2,0.00,17.47,,
2,0.00,17.48,,
3,0.00,17.50,,
3,0.00,17.51,,
3,0.00,17.53,,
4,0.00,17.54,,
4,0.00,17.55,,
5,0.00,17.57,,
5,0.00,17.58,,
6,0.00,17.60,,
7,0.00,17.61,,
7,0.00,17.63,,
8,11.02,17.64,,
9,0.00,17.66,,
9,11.02,17.67,,
10,0.00,17.69,,
11,10.28,17.70,,
12,0.00,17.72,,
13,10.28,17.74,,
14,9.64,17.75,,
14,10.28,17.77,,
15,19.28,17.78,,
16,9.64,17.80,,
18,10.28,17.82,,
19,19.28,17.83,,
20,9.64,17.85,,
21,20.57,17.87,,
22,19.28,17.88,,
23,19.28,17.90,,
24,19.28,17.92,,
26,19.28,17.93,,
27,19.28,17.95,,
28,28.92,17.97,,
30,19.28,17.98,,
31,28.92,18.00,,
33,28.92,18.02,,
34,28.92,18.03,,
35,28.92,18.05,,
37,28.92,18.07,,
38,38.56,18.08,,
40,28.92,18.10,,
42,38.56,18.12,,
43,38.56,18.13,,
45,38.56,18.15,,
46,38.56,18.17,,
48,48.21,18.18,,
50,38.56,18.20,,
51,48.21,18.21,,
53,48.21,18.23,,
55,48.21,18.25,,
57,48.21,18.26,,
58,57.85,18.28,,
60,48.21,18.30,,
62,57.85,18.31,,
64,57.85,18.33,,
66,57.85,18.35,,
68,67.49,18.36,,
69,57.85,18.38,,
71,67.49,18.40,,
73,67.49,18.41,,
75,67.49,18.43,,
77,77.13,18.45,,
79,67.49,18.46,,
81,77.13,18.48,,
83,77.13,18.50,,
85,77.13,18.51,,
87,77.13,18.53,,
89,86.77,18.55,,
91,86.77,18.56,,
93,86.77,18.58,,
95,86.77,18.60,,
97,86.77,18.61,,
99,96.41,18.63,,
101,96.41,18.65,,
104,90.74,18.67,,
106,99.81,18.68,,
108,108.89,18.70,,
110,102.84,18.72,,
113,102.84,18.74,,
115,111.41,18.76,,
118,111.41,18.78,,
120,111.41,18.79,,
122,111.41,18.81,,
125,119.98,18.83,,
127,119.98,18.85,,
129,119.98,18.87,,
132,128.55,18.89,,
134,128.55,18.91,,
137,128.55,18.93,,
139,128.55,18.94,,
141,137.12,18.96,,
144,137.12,18.98,,
146,145.69,19.00,,
148,137.12,19.02,,
151,145.69,19.04,,
153,145.69,19.06,,
156,154.26,19.08,,
158,145.69,19.09,,
160,154.26,19.11,,
162,162.83,19.13,,
165,154.26,19.15,,
167,162.83,19.17,,
169,162.83,19.19,,
171,162.83,19.21,,
174,162.83,19.22,,
176,171.40,19.24,,
178,171.40,19.26,,
180,179.97,19.28,,
182,171.40,19.30,,
185,179.97,19.32,,
187,179.97,19.34,,
189,188.54,19.36,,
191,179.97,19.37,,
193,188.54,19.39,,
195,188.54,19.41,,
197,197.11,19.43,,
199,188.54,19.45,,
201,197.11,19.47,,
203,197.11,19.49,,
205,197.11,19.51,,
207,197.11,19.52,,
209,205.68,19.54,,
210,205.68,19.56,,
212,214.25,19.58,,
214,205.68,19.60,,
216,214.25,19.62,,
217,214.25,19.64,,
219,214.25,19.66,,
221,214.25,19.67,,
222,222.82,19.69,,
224,214.25,19.71,,
225,222.82,19.73,,
227,222.82,19.75,,
228,231.39,19.77,,
230,222.82,19.79,,
231,231.29,19.81,,
232,222.91,19.82,,
234,231.39,19.84,,
235,231.39,19.86,,
236,239.96,19.88,,
238,231.39,19.90,,
239,239.96,19.92,,
240,231.39,19.94,,
241,239.96,19.95,,
242,239.96,19.97,,
243,239.96,19.99,,
244,248.53,20.01,,
245,239.96,20.03,,
246,248.53,20.05,,
247,239.96,20.07,,
247,248.53,20.09,,
248,248.53,20.10,,
249,248.53,20.12,,
250,248.53,20.14,,
250,248.53,20.16,,
251,248.53,20.18,,
251,248.53,20.20,,
252,257.10,20.22,,
252,248.53,20.24,,
253,257.10,20.25,,
253,248.53,20.27,,
253,257.10,20.29,,
254,248.53,20.31,,
254,257.10,20.33,,
254,257.10,20.35,,
254,257.10,20.37,,
254,248.53,20.39,,
254,257.10,20.40,,
254,257.10,20.42,,
254,257.10,20.44,,
254,257.10,20.46,,
254,257.10,20.48,,
254,257.10,20.50,,
254,248.42,20.52,,
254,257.21,20.54,,
253,257.10,20.55,,
253,257.10,20.57,,
253,257.10,20.59,,
252,257.10,20.61,,
252,256.99,20.63,,
251,248.63,20.65,,
251,257.10,20.67,,
250,257.10,20.68,,
249,248.53,20.70,,
249,257.10,20.72,,
248,248.53,20.74,,
247,248.53,20.76,,
246,257.10,20.78,,
246,248.53,20.80,,
245,248.53,20.82,,
244,248.53,20.83,,
243,248.53,20.85,,
242,248.53,20.87,,
241,248.53,20.89,,
240,248.53,20.91,,
238,239.96,20.93,,
237,248.53,20.95,,
236,239.96,20.97,,
235,239.96,20.98,,
233,239.96,21.00,,
232,239.96,21.02,,
231,239.96,21.04,,
229,239.80,21.06,,
228,231.53,21.08,,
226,231.39,21.10,,
225,231.39,21.12,,
223,231.39,21.13,,
222,231.39,21.15,,
220,231.39,21.17,,
219,222.82,21.19,,
217,222.82,21.21,,
215,231.39,21.23,,
213,214.25,21.25,,
212,222.82,21.27,,
210,222.77,21.28,,
208,214.29,21.30,,
206,214.25,21.32,,
204,214.25,21.34,,
202,205.68,21.36,,
200,214.25,21.38,,
198,205.68,21.40,,
196,205.68,21.42,,
194,197.11,21.43,,
192,205.68,21.45,,
190,197.11,21.47,,
188,197.11,21.49,,
186,197.11,21.51,,
184,188.54,21.53,,
182,188.54,21.55,,
180,188.54,21.56,,
178,188.54,21.58,,
175,179.97,21.60,,
173,179.97,21.62,,
171,179.97,21.64,,
169,179.97,21.66,,
166,171.40,21.68,,
164,179.97,21.70,,
162,162.83,21.71,,
160,171.40,21.73,,
157,162.83,21.75,,
155,162.83,21.77,,
153,162.83,21.79,,
150,162.83,21.81,,
148,154.26,21.83,,
145,154.26,21.85,,
143,154.26,21.86,,
141,145.69,21.88,,
138,145.69,21.90,,
136,145.69,21.92,,
134,137.12,21.94,,
131,145.69,21.96,,
129,137.12,21.98,,
126,128.55,22.00,,
124,137.12,22.01,,
122,128.55,22.03,,
119,119.98,22.05,,
117,128.55,22.07,,
115,119.98,22.09,,
112,119.98,22.11,,
110,119.98,22.13,,
107,111.41,22.15,,
105,111.41,22.16,,
103,111.41,22.18,,
100,102.84,22.20,,
98,102.84,22.22,,
96,99.81,22.24,,
94,106.05,22.25,,
92,99.81,22.27,,
90,96.41,22.29,,
88,86.77,22.31,,
86,96.41,22.32,,
84,86.77,22.34,,
82,86.77,22.36,,
80,86.77,22.37,,
78,86.77,22.39,,
76,77.13,22.41,,
74,77.13,22.42,,
72,77.13,22.44,,
70,77.13,22.46,,
68,77.13,22.47,,
66,67.49,22.49,,
64,67.49,22.50,,
62,67.49,22.52,,
61,67.49,22.54,,
59,57.85,22.55,,
57,67.49,22.57,,
55,57.85,22.59,,
54,57.85,22.60,,
52,48.21,22.62,,
50,57.85,22.64,,
48,48.21,22.65,,
47,57.85,22.67,,
45,48.21,22.69,,
44,38.56,22.70,,
42,48.21,22.72,,
40,48.21,22.74,,
39,38.56,22.75,,
37,38.56,22.77,,
36,38.56,22.79,,
34,38.56,22.80,,
33,28.92,22.82,,
31,38.56,22.84,,
30,28.92,22.85,,
29,28.92,22.87,,
27,28.92,22.89,,
26,28.92,22.90,,
25,28.92,22.92,,
24,28.92,22.94,,
22,19.28,22.95,,
21,28.92,22.97,,
20,19.28,22.99,,
19,19.28,23.00,,
18,19.28,23.02,,
17,19.28,23.04,,
16,9.64,23.05,,
15,20.57,23.07,,
14,9.64,23.09,,
13,20.57,23.10,,
12,9.64,23.12,,
11,10.28,23.13,,
10,9.64,23.15,,
9,10.28,23.17,,
9,10.28,23.18,,
8,10.28,23.20,,
7,10.28,23.21,,
7,0.00,23.23,,
6,11.02,23.24,,
5,0.00,23.26,,
5,11.02,23.27,,
4,0.00,23.29,,
4,11.02,23.30,,
3,0.00,23.32,,
3,0.00,23.33,,
2,0.00,23.35,,
2,0.00,23.36,,
2,0.00,23.38,,
1,0.00,23.39,,
1,0.00,23.41,,
1,0.00,23.42,,
1,0.00,23.44,,
0,0.00,23.45,,
0,0.00,23.46,,
0,0.00,23.48,,
0,0.00,23.49,,
0,0.00,23.51,,
0,0.00,23.52,,
0,0.00,23.54,,
0,0.00,23.55,,
0,0.00,23.57,,
0,0.00,23.58,,
0,0.00,23.60,,
0,0.00,23.61,,
0,0.00,23.63,,
0,0.00,23.64,,
0,0.00,23.65,,
0,0.00,23.67,,
0,0.00,23.68,,
1,0.00,23.70,,
1,0.00,23.71,,
1,0.00,23.73,,
2,0.00,23.74,,
2,0.00,23.76,,
2,0.00,23.77,,
3,0.00,23.79,,
3,0.00,23.80,,
4,0.00,23.81,,
4,0.00,23.83,,
5,0.00,23.84,,
5,0.00,23.86,,
6,0.00,23.87,,
6,0.00,23.89,,
7,0.00,23.90,,
7,0.00,23.92,,
8,0.00,23.93,,
9,0.00,23.95,,
9,0.00,23.96,,
10,0.00,23.97,,
11,0.00,23.99,,
12,10.28,24.01,,
13,0.00,24.02,,
14,10.28,24.04,,
15,9.64,24.05,,
16,10.28,24.07,,
17,19.29,24.09,,
18,9.64,24.10,,
19,20.57,24.12,,
20,9.64,24.14,,
21,20.57,24.15,,
22,19.28,24.17,,
23,19.28,24.18,,
25,19.28,24.20,,
26,19.28,24.22,,
27,19.28,24.23,,
29,28.92,24.25,,
30,19.28,24.27,,
31,28.92,24.28,,
33,28.92,24.30,,
34,28.92,24.32,,
36,28.92,24.33,,
37,38.56,24.35,,
39,28.92,24.37,,
40,38.56,24.38,,
42,38.56,24.40,,
43,28.92,24.42,,
45,48.21,24.43,,
47,38.56,24.45,,
48,38.56,24.47,,
50,48.21,24.48,,
52,48.21,24.50,,
53,48.21,24.52,,
55,48.21,24.53,,
57,48.21,24.55,,
59,57.85,24.57,,
60,48.21,24.58,,
62,57.85,24.60,,
64,57.85,24.62,,
66,57.85,24.63,,
68,67.49,24.65,,
70,57.85,24.67,,
72,67.49,24.68,,
74,67.49,24.70,,
76,77.13,24.72,,
77,67.49,24.73,,
79,77.13,24.75,,
81,77.13,24.77,,
83,77.13,24.78,,
85,77.13,24.80,,
87,77.13,24.82,,
89,86.77,24.83,,
91,86.77,24.85,,
93,86.77,24.87,,
96,86.77,24.88,,
98,86.77,24.90,,
100,96.41,24.92,,
102,90.74,24.93,,
104,99.81,24.95,,
106,99.81,24.97,,
109,108.89,24.99,,
111,102.84,25.01,,
113,102.84,25.02,,
116,111.41,25.04,,
118,111.41,25.06,,
120,111.41,25.08,,
123,119.98,25.10,,
125,119.98,25.12,,
128,119.98,25.14,,
130,119.98,25.16,,
132,128.55,25.17,,
135,128.55,25.19,,
137,128.55,25.21,,
139,137.12,25.23,,
142,128.55,25.25,,
144,145.66,25.27,,
147,137.15,25.29,,
149,145.66,25.31,,
151,137.15,25.32,,
154,154.26,25.34,,
156,145.69,25.36,,
158,154.26,25.38,,
161,154.26,25.40,,
163,154.26,25.42,,
165,162.83,25.44,,
167,154.26,25.46,,
170,162.83,25.47,,
172,171.40,25.49,,
174,162.83,25.51,,
176,171.40,25.53,,
179,171.40,25.55,,
181,179.97,25.57,,
183,171.40,25.59,,
185,179.97,25.61,,
187,188.54,25.62,,
189,179.97,25.64,,
191,188.54,25.66,,
193,188.54,25.68,,
195,188.54,25.70,,
197,197.11,25.72,,
199,197.11,25.74,,
201,197.11,25.75,,
203,197.11,25.77,,
205,197.11,25.79,,
207,205.68,25.81,,
209,205.68,25.83,,
211,205.68,25.85,,
212,205.63,25.87,,
214,214.29,25.89,,
216,205.68,25.90,,
218,214.25,25.92,,
219,214.25,25.94,,
221,222.82,25.96,,
223,214.25,25.98,,
224,222.82,26.00,,
226,222.82,26.02,,
227,222.82,26.04,,
229,222.82,26.05,,
230,231.39,26.07,,
231,231.39,26.09,,
233,231.29,26.11,,
234,231.49,26.13,,
235,231.39,26.15,,
237,231.39,26.17,,
238,239.96,26.19,,
239,231.39,26.20,,
240,239.96,26.22,,
241,239.96,26.24,,
242,239.96,26.26,,
243,239.96,26.28,,
244,239.96,26.30,,
245,248.53,26.32,,
246,239.96,26.34,,
247,248.53,26.35,,
248,248.53,26.37,,
248,248.53,26.39,,
249,248.53,26.41,,
250,248.53,26.43,,
250,248.53,26.45,,
251,248.47,26.47,,
251,257.04,26.49,,
252,248.63,26.50,,
252,248.53,26.52,,
253,257.10,26.54,,
253,248.53,26.56,,
254,257.10,26.58,,
254,257.10,26.60,,
254,248.53,26.62,,
254,257.10,26.63,,
254,257.10,26.65,,
254,257.10,26.67,,
254,257.10,26.69,,
254,257.10,26.71,,
254,248.53,26.73,,
254,257.10,26.75,,
254,257.10,26.77,,
254,257.10,26.78,,
254,257.10,26.80,,
254,257.10,26.82,,
253,257.10,26.84,,
253,257.10,26.86,,
253,248.53,26.88,,
252,257.10,26.90,,
252,257.10,26.92,,
251,257.10,26.93,,
251,257.10,26.95,,
250,248.53,26.97,,
249,257.10,26.99,,
249,248.53,27.01,,
248,257.10,27.03,,
247,248.53,27.05,,
246,257.04,27.07,,
245,248.58,27.08,,
244,248.53,27.10,,
244,248.53,27.12,,
243,248.53,27.14,,
242,248.53,27.16,,
240,248.53,27.18,,
239,239.96,27.20,,
238,248.53,27.22,,
237,239.96,27.23,,
236,248.53,27.25,,
234,239.96,27.27,,
233,239.96,27.29,,
232,239.96,27.31,,
230,231.39,27.33,,
229,239.96,27.35,,
228,231.39,27.36,,
226,239.90,27.38,,
225,231.44,27.40,,
223,231.39,27.42,,
221,222.82,27.44,,
220,231.39,27.46,,
218,222.82,27.48,,
217,222.82,27.50,,
215,222.82,27.51,,
213,222.82,27.53,,
211,222.82,27.55,,
209,214.25,27.57,,
208,214.25,27.59,,
206,214.25,27.61,,
204,214.25,27.63,,
202,214.25,27.65,,
200,205.63,27.66,,
198,205.72,27.68,,
196,205.68,27.70,,
194,205.68,27.72,,
192,197.11,27.74,,
190,197.11,27.76,,
188,197.11,27.78,,
186,197.11,27.80,,
184,188.54,27.81,,
181,197.11,27.83,,
179,188.54,27.85,,
177,188.54,27.87,,
175,188.54,27.89,,
173,179.97,27.91,,
170,179.97,27.93,,
168,179.97,27.95,,
166,171.40,27.96,,
164,171.40,27.98,,
161,171.40,28.00,,
159,171.40,28.02,,
157,162.83,28.04,,
154,162.83,28.06,,
152,162.83,28.08,,
150,154.26,28.09,,
147,154.26,28.11,,
145,154.26,28.13,,
143,154.26,28.15,,
140,145.69,28.17,,
138,145.69,28.19,,
136,145.69,28.21,,
133,137.12,28.23,,
131,145.59,28.24,,
128,128.60,28.26,,
126,137.15,28.28,,
124,128.55,28.30,,
121,128.55,28.32,,
119,128.55,28.34,,
116,128.55,28.36,,
114,119.98,28.38,,
112,111.41,28.39,,
109,119.98,28.41,,
107,111.41,28.43,,
105,111.41,28.45,,
102,111.41,28.47,,
100,102.84,28.49,,
98,102.84,28.51,,
95,99.81,28.52,,
93,106.05,28.54,,
91,90.74,28.56,,
89,96.41,28.58,,
87,96.41,28.59,,
85,86.77,28.61,,
83,86.77,28.63,,
81,86.77,28.64,,
79,86.77,28.66,,
77,77.13,28.68,,
75,86.77,28.69,,
73,77.13,28.71,,
71,67.49,28.73,,
70,77.13,28.74,,
68,77.13,28.76,,
66,67.49,28.78,,
64,67.49,28.79,,
62,67.49,28.81,,
60,57.85,28.83,,
58,67.49,28.84,,
57,57.85,28.86,,
55,57.85,28.87,,
53,57.85,28.89,,
51,57.85,28.91,,
50,48.21,28.92,,
48,57.85,28.94,,
46,48.21,28.96,,
45,48.21,28.97,,
43,48.21,28.99,,
42,38.56,29.01,,
40,48.21,29.02,,
39,38.56,29.04,,
37,38.56,29.06,,
36,38.56,29.07,,
34,38.56,29.09,,
33,28.92,29.11,,
31,38.56,29.12,,
30,28.92,29.14,,
28,28.92,29.16,,
27,28.92,29.17,,
26,28.92,29.19,,
25,28.92,29.21,,
23,19.28,29.22,,
22,28.92,29.24,,
21,19.28,29.26,,
20,19.28,29.27,,
19,19.28,29.29,,
17,19.28,29.31,,
16,19.28,29.32,,
15,19.28,29.34,,
14,9.64,29.36,,
13,20.57,29.37,,
12,9.64,29.39,,
12,10.28,29.41,,
11,9.64,29.42,,
10,10.28,29.44,,
9,9.64,29.45,,
8,11.02,29.47,,
8,10.28,29.48,,
7,10.28,29.50,,
6,0.00,29.52,,
6,11.02,29.53,,
5,0.00,29.55,,
5,0.00,29.56,,
4,11.02,29.57,,
4,0.00,29.59,,
3,0.00,29.61,,
3,0.00,29.62,,
2,11.02,29.63,,
2,0.00,29.65,,
2,0.00,29.66,,
1,0.00,29.68,,
1,0.00,29.69,,
1,0.00,29.71,,
0,0.00,29.72,,
0,0.00,29.74,,
0,0.00,29.75,,
0,0.00,29.77,,
0,0.00,29.78,,
0,0.00,29.80,,
0,0.00,29.81,,
0,0.00,29.82,,
0,0.00,29.84,,
0,0.00,29.85,,
0,0.00,29.87,,
0,0.00,29.88,,
0,0.00,29.90,,
0,0.00,29.91,,
0,0.00,29.93,,
0,0.00,29.94,,
0,0.00,29.96,,
0,0.00,29.97,,
1,0.00,29.98,,
1,0.00,30.00,,
1,0.00,30.01,,
2,0.00,30.03,,
2,0.00,30.04,,
2,0.00,30.06,,
3,0.00,30.07,,
3,0.00,30.09,,
4,0.00,30.10,,
4,0.00,30.12,,
5,11.02,30.13,,
5,0.00,30.15,,
6,0.00,30.16,,
6,0.00,30.17,,
7,11.02,30.19,,
8,0.00,30.21,,
8,0.00,30.22,,
9,11.02,30.23,,
10,0.00,30.25,,
11,10.28,30.27,,
11,9.64,30.28,,
12,0.00,30.30,,
13,10.28,30.31,,
14,19.28,30.33,,
15,9.64,30.35,,
16,10.28,30.36,,
17,9.64,30.38,,
18,10.28,30.39,,
19,19.28,30.41,,
21,19.28,30.43,,
22,9.64,30.44,,
23,20.56,30.46,,
24,19.29,30.48,,
25,19.28,30.49,,
27,28.92,30.51,,
28,19.28,30.53,,
29,28.93,30.54,,
31,19.28,30.56,,
32,28.92,30.58,,
34,28.92,30.59,,
35,28.93,30.61,,
36,28.92,30.63,,
38,38.56,30.64,,
40,28.92,30.66,,
41,38.57,30.68,,
43,38.56,30.69,,
44,38.56,30.71,,
46,38.56,30.73,,
48,48.22,30.74,,
49,38.56,30.76,,
51,48.21,30.78,,
53,48.19,30.79,,
54,48.22,30.81,,
56,48.21,30.83,,
58,48.21,30.84,,
60,57.83,30.86,,
61,57.86,30.88,,
63,57.85,30.89,,
65,57.85,30.91,,
67,57.83,30.93,,
69,67.50,30.94,,
71,57.85,30.96,,
73,67.49,30.98,,
75,67.47,30.99,,
77,77.15,31.01,,
78,67.49,31.03,,
80,77.13,31.04,,
82,77.11,31.06,,
84,77.15,31.08,,
86,77.13,31.09,,
88,77.13,31.11,,
90,86.75,31.13,,
93,86.79,31.14,,
95,86.77,31.16,,
97,86.77,31.18,,
99,96.39,31.19,,
101,96.43,31.21,,
103,90.74,31.23,,
105,99.81,31.24,,
107,99.81,31.26,,
110,108.89,31.28,,
112,102.84,31.30,,
114,111.38,31.32,,
117,102.86,31.34,,
119,111.41,31.35,,
122,119.98,31.37,,
124,111.38,31.39,,
126,120.00,31.41,,
129,119.98,31.43,,
131,128.55,31.45,,
133,119.98,31.47,,
136,128.55,31.49,,
138,137.12,31.50,,
141,128.55,31.52,,
143,137.12,31.54,,
145,137.12,31.56,,
148,145.66,31.58,,
150,137.15,31.60,,
152,145.69,31.62,,
155,145.69,31.64,,
157,154.26,31.65,,
159,154.26,31.67,,
162,154.26,31.69,,
164,154.26,31.71,,
166,162.83,31.73,,
168,162.83,31.75,,
171,162.83,31.77,,
173,171.40,31.78,,
175,162.83,31.80,,
177,179.97,31.82,,
180,171.40,31.84,,
182,171.40,31.86,,
184,179.97,31.88,,
186,179.97,31.90,,
188,188.54,31.92,,
190,179.97,31.93,,
192,188.54,31.95,,
194,188.54,31.97,,
196,197.06,31.99,,
198,188.58,32.01,,
200,197.11,32.03,,
202,197.11,32.05,,
204,205.68,32.07,,
206,197.11,32.08,,
208,205.68,32.10,,
210,205.68,32.12,,
212,205.68,32.14,,
213,205.68,32.16,,
215,214.25,32.18,,
217,214.25,32.20,,
218,214.25,32.22,,
220,214.25,32.23,,
222,214.25,32.25,,
223,222.82,32.27,,
225,222.82,32.29,,
226,222.82,32.31,,
228,222.82,32.33,,
229,222.82,32.35,,
231,231.39,32.37,,
232,222.82,32.38,,
233,231.39,32.40,,
235,239.96,32.42,,
236,231.39,32.44,,
237,231.39,32.46,,
238,239.96,32.48,,
239,231.39,32.50,,
241,239.96,32.51,,
242,239.96,32.53,,
243,239.96,32.55,,
244,248.53,32.57,,
245,239.90,32.59,,
245,240.01,32.61,,
246,248.53,32.63,,
247,248.53,32.65,,
248,248.42,32.66,,
249,240.06,32.68,,
249,248.53,32.70,,
250,248.53,32.72,,
251,257.10,32.74,,
251,248.53,32.76,,
252,248.53,32.78,,
252,257.10,32.80,,
253,248.53,32.81,,
253,257.10,32.83,,
253,248.53,32.85,,
254,257.10,32.87,,
254,257.10,32.89,,
254,248.53,32.91,,
254,257.10,32.93,,
254,257.10,32.95,,
254,257.10,32.96,,
254,257.10,32.98,,
254,257.10,33.00,,
254,248.53,33.02,,
254,257.10,33.04,,
254,257.10,33.06,,
254,257.10,33.08,,
254,257.10,33.10,,
253,257.10,33.11,,
253,257.10,33.13,,
253,256.99,33.15,,
252,248.63,33.17,,
252,257.04,33.19,,
251,257.15,33.21,,
251,257.10,33.23,,
250,248.53,33.25,,
250,257.10,33.26,,
249,248.53,33.28,,
248,257.10,33.30,,
247,248.53,33.32,,
247,257.10,33.34,,
246,248.53,33.36,,
245,248.53,33.38,,
244,248.53,33.39,,
243,248.53,33.41,,
242,248.53,33.43,,
241,248.53,33.45,,
240,239.96,33.47,,
239,248.53,33.49,,
238,248.42,33.51,,
236,240.06,33.53,,
235,239.96,33.54,,
234,239.96,33.56,,
233,239.96,33.58,,
231,239.96,33.60,,
230,239.96,33.62,,
228,231.39,33.64,,
227,231.39,33.66,,
225,239.96,33.68,,
224,231.39,33.69,,
222,222.82,33.71,,
221,231.39,33.73,,
219,231.39,33.75,,
217,222.82,33.77,,
216,222.77,33.79,,
214,222.86,33.81,,
212,222.67,33.83,,
210,214.38,33.84,,
209,214.25,33.86,,
207,214.25,33.88,,
205,214.25,33.90,,
203,214.25,33.92,,
201,205.68,33.94,,
199,214.25,33.96,,
197,205.68,33.98,,
195,197.11,33.99,,
193,205.68,34.01,,
191,197.11,34.03,,
189,197.11,34.05,,
187,197.11,34.07,,
185,188.54,34.09,,
183,197.11,34.11,,
180,188.50,34.12,,
178,180.01,34.14,,
176,188.54,34.16,,
174,179.97,34.18,,
172,179.97,34.20,,
169,179.97,34.22,,
167,171.40,34.24,,
165,179.93,34.26,,
163,171.40,34.27,,
160,162.86,34.29,,
158,171.40,34.31,,
156,162.83,34.33,,
153,162.83,34.35,,
151,154.26,34.37,,
149,162.69,34.39,,
146,154.39,34.41,,
144,145.69,34.42,,
142,154.26,34.44,,
139,145.69,34.46,,
137,145.69,34.48,,
134,137.12,34.50,,
132,145.69,34.52,,
130,137.12,34.54,,
127,137.12,34.56,,
125,128.55,34.57,,
122,128.55,34.59,,
120,128.55,34.61,,
118,128.55,34.63,,
115,119.98,34.65,,
113,119.98,34.67,,
111,119.98,34.69,,
108,111.41,34.71,,
106,111.41,34.72,,
104,111.41,34.74,,
101,102.84,34.76,,
99,111.41,34.78,,
97,99.81,34.80,,
95,96.41,34.81,,
93,106.05,34.83,,
90,90.74,34.85,,
88,96.41,34.87,,
86,86.77,34.88,,
84,96.41,34.90,,
82,86.77,34.92,,
80,86.77,34.93,,
78,77.13,34.95,,
76,86.77,34.97,,
75,77.13,34.98,,
73,77.13,35.00,,
71,77.13,35.02,,
69,67.49,35.03,,
67,77.13,35.05,,
65,67.49,35.07,,
63,67.49,35.08,,
61,57.85,35.10,,
60,67.49,35.11,,
58,57.85,35.13,,
56,67.49,35.15,,
54,57.85,35.16,,
53,57.85,35.18,,
51,48.21,35.20,,
49,57.85,35.21,,
47,48.21,35.23,,
46,48.21,35.25,,
44,48.21,35.26,,
43,48.21,35.28,,
41,38.56,35.30,,
39,48.21,35.31,,
38,38.56,35.33,,
36,38.56,35.35,,
35,38.56,35.36,,
33,28.92,35.38,,
32,38.56,35.40,,
31,28.92,35.41,,
29,38.55,35.43,,
28,28.94,35.45,,
27,28.92,35.46,,
25,19.28,35.48,,
24,28.92,35.50,,
23,28.92,35.51,,
22,19.28,35.53,,
20,19.28,35.55,,
19,19.28,35.56,,
18,19.28,35.58,,
17,19.28,35.60,,
16,19.28,35.61,,
15,19.28,35.63,,
14,9.64,35.65,,
13,10.28,35.66,,
12,19.28,35.68,,
11,9.64,35.70,,
10,10.28,35.71,,
10,9.64,35.73,,
9,10.28,35.74,,
8,10.28,35.76,,
7,0.00,35.78,,
7,11.02,35.79,,
6,0.00,35.81,,
6,11.02,35.82,,
5,0.00,35.84,,
4,11.02,35.85,,
4,0.00,35.87,,
3,0.00,35.88,,
3,11.02,35.89,,
3,0.00,35.91,,
2,0.00,35.93,,
2,0.00,35.94,,
1,0.00,35.95,,
1,0.00,35.97,,
1,0.00,35.98,,
1,0.00,36.00,,
0,0.00,36.01,,
0,0.00,36.03,,
0,0.00,36.04,,
0,0.00,36.06,,
0,0.00,36.07,,
0,0.00,36.09,,
0,0.00,36.10,,
0,0.00,36.11,,
0,0.00,36.13,,
0,0.00,36.14,,
0,0.00,36.16,,
0,0.00,36.17,,
0,0.00,36.19,,
0,0.00,36.20,,
0,0.00,36.22,,
0,0.00,36.23,,
0,0.00,36.25,,
1,0.00,36.26,,
1,0.00,36.27,,
1,0.00,36.29,,
1,0.00,36.30,,
2,0.00,36.32,,
2,0.00,36.33,,
3,0.00,36.35,,
3,0.00,36.36,,
3,0.00,36.38,,
4,0.00,36.39,,
4,0.00,36.41,,
5,0.00,36.42,,
5,0.00,36.43,,
6,0.00,36.45,,
7,0.00,36.46,,
7,0.00,36.48,,
8,0.00,36.49,,
9,11.02,36.51,,
9,0.00,36.52,,
10,11.02,36.54,,
11,0.00,36.55,,
12,10.28,36.57,,
13,9.64,36.59,,
14,10.28,36.60,,
15,9.64,36.62,,
15,10.28,36.63,,
17,9.64,36.65,,
18,20.57,36.67,,
19,9.64,36.68,,
20,20.57,36.70,,
21,19.28,36.72,,
22,9.64,36.73,,
23,20.57,36.75,,
24,19.28,36.76,,
26,19.28,36.78,,
27,28.92,36.80,,
28,19.28,36.81,,
30,28.92,36.83,,
31,19.28,36.85,,
32,28.92,36.86,,
34,28.92,36.88,,
35,28.92,36.90,,
37,38.56,36.91,,
38,28.92,36.93,,
40,38.56,36.95,,
41,28.92,36.96,,
43,38.56,36.98,,
45,38.56,37.00,,
46,48.21,37.01,,
48,38.56,37.03,,
50,48.21,37.05,,
51,38.56,37.06,,
53,48.21,37.08,,
55,48.21,37.10,,
57,57.85,37.11,,
58,48.21,37.13,,
60,57.85,37.15,,
62,57.85,37.16,,
64,57.85,37.18,,
66,57.85,37.20,,
68,57.85,37.21,,
69,67.49,37.23,,
71,67.49,37.25,,
73,67.49,37.26,,
75,67.49,37.28,,
77,67.49,37.30,,
79,77.13,37.31,,
81,67.49,37.33,,
83,77.13,37.35,,
85,86.77,37.36,,
87,77.13,37.38,,
89,86.77,37.40,,
91,77.13,37.41,,
93,86.77,37.43,,
95,96.41,37.45,,
97,86.77,37.46,,
99,96.41,37.48,,
101,96.41,37.50,,
104,90.74,37.51,,
106,99.81,37.53,,
108,108.89,37.55,,
110,102.84,37.57,,
113,102.84,37.59,,
115,111.41,37.61,,
117,111.41,37.62,,
120,111.41,37.64,,
122,111.41,37.66,,
125,119.98,37.68,,
127,119.98,37.70,,
129,128.55,37.72,,
132,119.98,37.74,,
134,128.55,37.76,,
137,128.55,37.77,,
139,137.12,37.79,,
141,128.55,37.81,,
144,137.12,37.83,,
146,145.69,37.85,,
148,137.12,37.87,,
151,145.69,37.89,,
153,145.69,37.91,,
155,154.26,37.92,,
158,145.69,37.94,,
160,154.26,37.96,,
162,154.26,37.98,,
165,162.83,38.00,,
167,162.83,38.02,,
169,162.83,38.04,,
171,162.83,38.06,,
174,171.40,38.07,,
176,171.40,38.09,,
178,171.40,38.11,,
180,171.40,38.13,,
182,179.97,38.15,,
185,171.40,38.17,,
187,188.54,38.19,,
189,179.97,38.20,,
191,188.54,38.22,,
193,188.54,38.24,,
195,188.54,38.26,,
197,188.54,38.28,,
199,188.54,38.30,,
201,197.11,38.32,,
203,197.11,38.34,,
205,197.11,38.35,,
207,205.68,38.37,,
208,197.11,38.39,,
210,205.68,38.41,,
212,205.68,38.43,,
214,214.25,38.45,,
216,214.16,38.47,,
217,205.76,38.49,,
219,214.25,38.50,,
221,222.82,38.52,,
222,214.25,38.54,,
224,222.82,38.56,,
225,222.82,38.58,,
227,222.82,38.60,,
228,222.82,38.62,,
230,231.29,38.64,,
231,222.91,38.65,,
232,231.39,38.67,,
234,231.39,38.69,,
235,231.39,38.71,,
236,231.39,38.73,,
238,231.39,38.75,,
239,239.96,38.77,,
240,231.39,38.79,,
241,239.96,38.80,,
242,239.96,38.82,,
243,239.96,38.84,,
244,248.53,38.86,,
245,239.96,38.88,,
246,248.47,38.90,,
247,240.01,38.92,,
247,248.53,38.93,,
248,248.53,38.95,,
249,248.53,38.97,,
250,248.53,38.99,,
250,257.10,39.01,,
251,248.53,39.03,,
251,257.10,39.05,,
252,248.53,39.07,,
252,257.10,39.08,,
253,248.53,39.10,,
253,257.10,39.12,,
253,257.10,39.14,,
254,257.10,39.16,,
254,248.53,39.18,,
254,257.10,39.20,,
254,257.10,39.22,,
254,257.10,39.23,,
254,257.10,39.25,,
254,257.10,39.27,,
254,257.10,39.29,,
254,257.10,39.31,,
254,257.10,39.33,,
254,257.10,39.35,,
254,257.10,39.37,,
254,257.10,39.38,,
253,257.10,39.40,,
253,257.10,39.42,,
253,257.10,39.44,,
252,257.10,39.46,,
252,248.53,39.48,,
251,257.10,39.50,,
251,257.10,39.52,,
250,257.10,39.53,,
249,256.93,39.55,,
249,248.69,39.57,,
248,257.10,39.59,,
247,248.53,39.61,,
246,257.10,39.63,,
246,248.53,39.65,,
245,248.53,39.66,,
244,248.53,39.68,,
243,256.99,39.70,,
242,240.06,39.72,,
241,248.53,39.74,,
240,248.53,39.76,,
238,248.53,39.78,,
237,239.96,39.80,,
236,239.96,39.81,,
235,248.53,39.83,,
233,239.96,39.85,,
232,239.96,39.87,,
231,231.39,39.89,,
229,239.96,39.91,,
228,231.39,39.93,,
226,239.96,39.95,,
225,231.39,39.96,,
223,231.39,39.98,,
222,231.39,40.00,,
220,222.82,40.02,,
219,231.39,40.04,,
217,222.82,40.06,,
215,222.82,40.08,,
213,222.82,40.10,,
212,222.82,40.11,,
210,214.25,40.13,,
208,214.25,40.15,,
206,214.25,40.17,,
204,214.25,40.19,,
202,214.25,40.21,,
200,205.68,40.23,,
199,205.68,40.25,,
197,205.68,40.26,,
195,205.68,40.28,,
192,197.11,40.30,,
190,205.68,40.32,,
188,197.11,40.34,,
186,188.54,40.36,,
184,197.11,40.38,,
182,188.54,40.40,,
180,188.54,40.41,,
178,188.54,40.43,,
175,188.54,40.45,,
173,179.97,40.47,,
171,179.97,40.49,,
169,179.97,40.51,,
166,171.40,40.53,,
164,179.97,40.54,,
162,162.83,40.56,,
160,171.40,40.58,,
157,162.83,40.60,,
155,162.83,40.62,,
153,162.83,40.64,,
150,162.83,40.66,,
148,154.26,40.68,,
146,154.26,40.69,,
143,154.26,40.71,,
141,145.69,40.73,,
138,145.69,40.75,,
136,145.69,40.77,,
134,145.69,40.79,,
131,137.12,40.81,,
129,137.12,40.83,,
127,128.55,40.84,,
124,137.12,40.86,,
122,128.55,40.88,,
119,128.55,40.90,,
117,119.98,40.92,,
115,119.98,40.94,,
112,119.98,40.96,,
110,119.98,40.98,,
108,111.41,40.99,,
105,111.41,41.01,,
103,111.41,41.03,,
100,111.41,41.05,,
98,102.84,41.07,,
96,99.81,41.09,,
94,96.41,41.10,,
92,106.05,41.12,,
90,90.74,41.14,,
88,96.41,41.15,,
86,86.77,41.17,,
84,86.77,41.19,,
82,86.77,41.20,,
80,86.77,41.22,,
78,86.77,41.24,,
76,77.13,41.25,,
74,86.77,41.27,,
72,77.13,41.29,,
70,67.49,41.30,,
68,77.13,41.32,,
66,67.49,41.34,,
64,67.49,41.35,,
63,67.49,41.37,,
61,67.49,41.39,,
59,57.85,41.40,,
57,67.49,41.42,,
55,57.85,41.44,,
54,57.85,41.45,,
52,57.85,41.47,,
50,48.21,41.49,,
49,57.85,41.50,,
47,48.21,41.52,,
45,48.21,41.54,,
44,48.21,41.55,,
42,38.56,41.57,,
40,48.21,41.59,,
39,38.56,41.60,,
37,38.56,41.62,,
36,38.56,41.64,,
34,38.56,41.65,,
33,38.56,41.67,,
32,28.92,41.69,,
30,28.92,41.70,,
29,38.56,41.72,,
27,28.92,41.74,,
26,28.92,41.75,,
25,19.28,41.77,,
24,28.92,41.79,,
22,19.28,41.80,,
21,28.92,41.82,,
20,19.28,41.84,,
19,19.28,41.85,,
18,19.28,41.87,,
17,19.28,41.89,,
16,19.28,41.90,,
15,9.64,41.92,,
14,20.57,41.94,,
13,9.64,41.95,,
12,10.28,41.97,,
11,19.28,41.98,,
10,9.64,42.00,,
9,10.28,42.02,,
9,0.00,42.03,,
8,11.02,42.05,,
7,10.28,42.06,,
7,0.00,42.08,,
6,11.02,42.09,,
5,10.28,42.11,,
5,0.00,42.12,,
4,0.00,42.14,,
4,0.00,42.15,,
3,0.00,42.17,,
3,0.00,42.18,,
2,0.00,42.20,,
2,0.00,42.21,,
2,0.00,42.23,,
1,0.00,42.24,,
1,0.00,42.25,,
1,-11.02,42.27,,
1,0.00,42.29,,
0,0.00,42.30,,
0,0.00,42.31,,
0,0.00,42.33,,
0,0.00,42.34,,
0,0.00,42.36,,
0,0.00,42.37,,
0,0.00,42.39,,
0,0.00,42.40,,
0,0.00,42.42,,
0,0.00,42.43,,
0,0.00,42.45,,
0,0.00,42.46,,
0,0.00,42.48,,
0,0.00,42.49,,
0,0.00,42.50,,
0,0.00,42.52,,
0,0.00,42.53,,
1,0.00,42.55,,
1,0.00,42.56,,
1,0.00,42.58,,
2,0.00,42.59,,
2,0.00,42.61,,
2,0.00,42.62,,
3,0.00,42.64,,
3,0.00,42.65,,
4,0.00,42.66,,
4,0.00,42.68,,
5,0.00,42.69,,
5,0.00,42.71,,
6,0.00,42.72,,
6,0.00,42.74,,
7,0.00,42.75,,
7,0.00,42.77,,
8,0.00,42.78,,
9,0.00,42.80,,
9,0.00,42.81,,
10,0.00,42.82,,
11,0.00,42.84,,
12,10.29,42.86,,
13,9.64,42.87,,
14,10.28,42.89,,
15,9.64,42.90,,
16,10.28,42.92,,
17,9.64,42.94,,
18,20.57,42.95,,
19,9.64,42.97,,
20,20.57,42.98,,
21,9.64,43.00,,
22,20.57,43.02,,
23,19.28,43.03,,
25,19.28,43.05,,
26,19.28,43.07,,
27,28.92,43.08,,
29,19.28,43.10,,
30,28.92,43.12,,
31,28.91,43.13,,
33,19.29,43.15,,
34,28.92,43.17,,
36,38.56,43.18,,
37,28.92,43.20,,
39,28.92,43.22,,
40,38.56,43.23,,
42,38.56,43.25,,
43,38.56,43.27,,
45,38.56,43.28,,
47,38.56,43.30,,
48,48.21,43.32,,
50,38.56,43.33,,
52,48.21,43.35,,
53,48.21,43.37,,
55,48.21,43.38,,
57,48.21,43.40,,
59,57.85,43.42,,
60,57.85,43.43,,
62,48.21,43.45,,
64,57.85,43.47,,
66,67.49,43.48,,
68,57.85,43.50,,
70,67.49,43.52,,
72,57.85,43.53,,
74,67.49,43.55,,
75,77.13,43.57,,
77,67.49,43.58,,
79,77.13,43.60,,
81,67.49,43.62,,
83,77.13,43.63,,
85,86.77,43.65,,
87,77.13,43.67,,
89,86.77,43.68,,
91,86.77,43.70,,
93,86.77,43.72,,
95,86.77,43.73,,
98,86.77,43.75,,
100,96.41,43.77,,
102,90.74,43.78,,
104,99.81,43.80,,
106,99.81,43.82,,
108,108.89,43.84,,
111,102.84,43.86,,
113,102.84,43.87,,
116,111.41,43.89,,
118,111.41,43.91,,
120,111.41,43.93,,
123,119.98,43.95,,
125,119.98,43.97,,
127,119.98,43.99,,
130,119.98,44.00,,
132,128.55,44.02,,
135,128.55,44.04,,
137,128.55,44.06,,
139,137.12,44.08,,
142,137.12,44.10,,
144,137.12,44.12,,
147,137.12,44.14,,
149,145.69,44.15,,
151,145.69,44.17,,
154,145.69,44.19,,
156,145.69,44.21,,
158,154.26,44.23,,
161,154.26,44.25,,
163,154.26,44.27,,
165,162.83,44.29,,
167,162.79,44.30,,
170,162.86,44.32,,
172,162.83,44.34,,
174,171.40,44.36,,
176,171.40,44.38,,
178,171.40,44.40,,
181,179.97,44.42,,
183,171.40,44.44,,
185,179.97,44.45,,
187,179.97,44.47,,
189,188.54,44.49,,
191,188.54,44.51,,
193,188.54,44.53,,
195,188.54,44.55,,
197,188.54,44.57,,
199,197.11,44.59,,
201,197.11,44.60,,
203,197.11,44.62,,
205,197.11,44.64,,
207,205.68,44.66,,
209,197.11,44.68,,
211,205.68,44.70,,
212,214.25,44.72,,
214,205.68,44.73,,
216,214.25,44.75,,
218,214.25,44.77,,
219,214.25,44.79,,
221,214.25,44.81,,
222,222.82,44.83,,
224,222.82,44.85,,
226,214.25,44.87,,
227,231.39,44.88,,
229,222.77,44.90,,
230,222.86,44.92,,
231,231.39,44.94,,
233,231.39,44.96,,
234,231.39,44.98,,
235,231.39,45.00,,
237,231.39,45.02,,
238,239.96,45.03,,
239,231.39,45.05,,
240,239.96,45.07,,
241,239.96,45.09,,
242,239.96,45.11,,
243,239.96,45.13,,
244,239.96,45.15,,
245,248.53,45.17,,
246,239.96,45.18,,
247,248.53,45.20,,
248,239.96,45.22,,
248,248.53,45.24,,
249,248.53,45.26,,
250,248.53,45.28,,
250,248.53,45.30,,
251,257.10,45.32,,
251,248.53,45.33,,
252,248.53,45.35,,
252,257.10,45.37,,
253,248.53,45.39,,
253,257.10,45.41,,
253,248.53,45.43,,
254,257.10,45.45,,
254,257.10,45.47,,
254,248.53,45.48,,
254,257.04,45.50,,
254,257.15,45.52,,
254,257.10,45.54,,
254,257.10,45.56,,
254,256.99,45.58,,
254,248.63,45.60,,
254,257.10,45.61,,
254,257.10,45.63,,
254,257.10,45.65,,
254,257.10,45.67,,
253,257.10,45.69,,
253,248.53,45.71,,
253,257.10,45.73,,
252,257.10,45.75,,
252,257.10,45.76,,
251,256.99,45.78,,
251,248.63,45.80,,
250,257.10,45.82,,
249,248.53,45.84,,
249,257.10,45.86,,
248,248.53,45.88,,
247,257.10,45.90,,
246,248.53,45.91,,
245,248.53,45.93,,
245,248.53,45.95,,
244,248.53,45.97,,
243,248.53,45.99,,
242,248.53,46.01,,
240,248.53,46.03,,
239,248.53,46.05,,
238,239.96,46.06,,
237,239.96,46.08,,
236,248.47,46.10,,
235,240.01,46.12,,
233,239.96,46.14,,
232,239.96,46.16,,
231,231.39,46.18,,
229,239.96,46.20,,
228,231.39,46.21,,
226,231.39,46.23,,
225,239.96,46.25,,
223,222.82,46.27,,
222,231.39,46.29,,
220,231.39,46.31,,
218,222.82,46.33,,
217,222.82,46.34,,
215,222.82,46.36,,
213,222.82,46.38,,
211,222.82,46.40,,
210,214.25,46.42,,
208,214.25,46.44,,
206,214.25,46.46,,
204,214.25,46.48,,
202,214.25,46.49,,
200,205.68,46.51,,
198,205.68,46.53,,
196,205.68,46.55,,
194,205.68,46.57,,
192,197.11,46.59,,
190,197.11,46.61,,
188,197.11,46.63,,
186,197.11,46.64,,
184,188.54,46.66,,
182,188.54,46.68,,
179,188.50,46.70,,
177,188.58,46.72,,
175,188.54,46.74,,
173,179.97,46.76,,
171,179.97,46.78,,
168,171.40,46.79,,
166,179.97,46.81,,
164,171.40,46.83,,
161,171.40,46.85,,
159,162.83,46.87,,
157,162.83,46.89,,
155,162.83,46.91,,
152,162.83,46.93,,
150,154.26,46.94,,
147,162.83,46.96,,
145,154.26,46.98,,
143,145.69,47.00,,
140,145.63,47.02,,
138,154.26,47.04,,
136,137.18,47.06,,
133,145.69,47.07,,
131,137.12,47.09,,
128,137.12,47.11,,
126,137.12,47.13,,
124,128.55,47.15,,
121,128.55,47.17,,
119,119.98,47.19,,
117,128.55,47.21,,
114,119.98,47.22,,
112,119.98,47.24,,
109,111.41,47.26,,
107,119.98,47.28,,
105,111.38,47.30,,
102,111.43,47.32,,
100,102.84,47.34,,
98,111.41,47.36,,
96,99.81,47.37,,
93,96.41,47.39,,
91,96.41,47.41,,
89,96.41,47.42,,
87,96.41,47.44,,
85,86.77,47.46,,
83,86.77,47.47,,
81,86.77,47.49,,
79,86.77,47.51,,
77,77.13,47.52,,
75,77.13,47.54,,
74,86.77,47.56,,
72,77.13,47.57,,
70,67.49,47.59,,
68,77.13,47.61,,
66,67.49,47.62,,
64,67.49,47.64,,
62,67.49,47.66,,
60,67.49,47.67,,
59,57.85,47.69,,
57,67.49,47.71,,
55,57.85,47.72,,
53,57.85,47.74,,
52,48.21,47.76,,
50,57.85,47.77,,
48,48.21,47.79,,
47,57.85,47.81,,
45,38.56,47.82,,
43,48.21,47.84,,
42,48.21,47.86,,
40,38.56,47.87,,
39,48.21,47.89,,
37,38.56,47.91,,
36,38.56,47.92,,
34,38.56,47.94,,
33,28.92,47.96,,
31,38.56,47.97,,
30,28.92,47.99,,
29,28.92,48.01,,
27,28.92,48.02,,
26,28.92,48.04,,
25,28.92,48.06,,
23,19.28,48.07,,
22,28.92,48.09,,
21,19.28,48.11,,
20,19.28,48.12,,
19,19.28,48.14,,
18,19.28,48.16,,
17,19.28,48.17,,
15,19.28,48.19,,
14,9.64,48.21,,
14,20.57,48.22,,
13,9.64,48.24,,
12,10.28,48.25,,
11,19.28,48.27,,
10,9.64,48.29,,
9,10.28,48.30,,
8,0.00,48.32,,
8,11.02,48.33,,
7,10.28,48.35,,
6,0.00,48.36,,
6,11.02,48.38,,
5,0.00,48.39,,
5,11.02,48.41,,
4,0.00,48.42,,
4,11.02,48.44,,
3,0.00,48.45,,
3,0.00,48.47,,
2,0.00,48.48,,
2,0.00,48.50,,
2,0.00,48.51,,
1,0.00,48.53,,
1,0.00,48.54,,
1,0.00,48.56,,
0,0.00,48.57,,
0,0.00,48.59,,
0,0.00,48.60,,
0,0.00,48.61,,
0,0.00,48.63,,
0,0.00,48.64,,
0,0.00,48.66,,
0,0.00,48.67,,
0,0.00,48.69,,
0,0.00,48.70,,
0,0.00,48.72,,
0,0.00,48.73,,
0,0.00,48.75,,
0,0.00,48.76,,
0,0.00,48.77,,
0,0.00,48.79,,
0,0.00,48.80,,
0,0.00,48.82,,
1,0.00,48.83,,
1,0.00,48.85,,
1,0.00,48.86,,
2,0.00,48.88,,
2,0.00,48.89,,
2,0.00,48.91,,
3,0.00,48.92,,
3,0.00,48.93,,
4,0.00,48.95,,
4,0.00,48.96,,
5,0.00,48.98,,
5,0.00,48.99,,
6,0.00,49.01,,
6,0.00,49.02,,
7,0.00,49.04,,
8,0.00,49.05,,
8,0.00,49.07,,
9,0.00,49.08,,
10,0.00,49.09,,
10,0.00,49.11,,
11,10.28,49.13,,
12,0.00,49.14,,
13,10.28,49.16,,
14,9.64,49.17,,
15,10.28,49.19,,
16,9.64,49.21,,
17,20.57,49.22,,
18,9.64,49.24,,
19,10.28,49.25,,
20,19.28,49.27,,
21,19.28,49.29,,
22,19.28,49.30,,
24,19.28,49.32,,
25,19.28,49.34,,
26,19.28,49.35,,
28,19.28,49.37,,
29,28.92,49.39,,
30,19.28,49.40,,
32,28.92,49.42,,
33,28.92,49.44,,
35,28.92,49.45,,
36,28.92,49.47,,
38,38.56,49.49,,
39,28.92,49.50,,
41,38.56,49.52,,
42,38.56,49.54,,
44,38.56,49.55,,
45,38.56,49.57,,
47,38.56,49.59,,
49,48.21,49.60,,
50,48.21,49.62,,
52,38.56,49.64,,
54,48.21,49.65,,
56,57.85,49.67,,
57,48.21,49.69,,
59,48.21,49.70,,
61,57.85,49.72,,
63,57.85,49.74,,
65,57.85,49.75,,
66,57.85,49.77,,
68,67.49,49.79,,
70,67.49,49.80,,
72,57.85,49.82,,
74,67.49,49.84,,
76,77.13,49.85,,
78,67.49,49.87,,
80,77.13,49.89,,
82,67.49,49.90,,
84,77.13,49.92,,
86,86.77,49.94,,
88,77.13,49.95,,
90,86.77,49.97,,
92,86.77,49.99,,
94,86.77,50.00,,
96,86.77,50.02,,
98,86.77,50.04,,
100,96.41,50.05,,
102,99.81,50.07,,
105,99.77,50.09,,
107,99.86,50.11,,
109,99.81,50.12,,
111,99.81,50.14,,
114,108.89,50.16,,
116,111.41,50.18,,
118,111.41,50.20,,
121,111.41,50.22,,
123,119.98,50.23,,
125,119.98,50.25,,
128,119.98,50.27,,
130,128.55,50.29,,
133,128.55,50.31,,
135,128.55,50.33,,
137,128.55,50.35,,
140,128.55,50.37,,
142,137.12,50.38,,
144,137.12,50.40,,
147,145.69,50.42,,
149,137.12,50.44,,
152,145.69,50.46,,
154,145.69,50.48,,
156,154.26,50.50,,
159,154.26,50.52,,
161,154.26,50.53,,
163,154.26,50.55,,
165,162.83,50.57,,
168,162.83,50.59,,
170,162.83,50.61,,
172,162.79,50.63,,
174,171.43,50.65,,
177,171.40,50.67,,
179,171.40,50.68,,
181,179.93,50.70,,
183,171.43,50.72,,
185,179.97,50.74,,
187,179.89,50.76,,
189,188.62,50.78,,
192,188.54,50.80,,
194,188.54,50.81,,
196,188.54,50.83,,
198,197.11,50.85,,
200,197.11,50.87,,
202,197.11,50.89,,
203,197.11,50.91,,
205,205.68,50.93,,
207,197.11,50.95,,
209,205.68,50.96,,
211,205.68,50.98,,
213,214.25,51.00,,
214,205.68,51.02,,
216,214.25,51.04,,
218,214.25,51.06,,
219,214.25,51.08,,
221,214.25,51.10,,
223,222.82,51.11,,
224,222.72,51.13,,
226,214.34,51.15,,
227,231.39,51.17,,
229,222.82,51.19,,
230,222.82,51.21,,
232,231.34,51.23,,
233,231.44,51.25,,
234,231.39,51.26,,
235,231.39,51.28,,
237,231.39,51.30,,
238,239.96,51.32,,
239,239.96,51.34,,
240,231.39,51.36,,
241,239.96,51.38,,
242,239.96,51.40,,
243,248.53,51.41,,
244,239.96,51.43,,
245,239.96,51.45,,
246,248.53,51.47,,
247,239.96,51.49,,
248,248.53,51.51,,
248,248.53,51.53,,
249,248.53,51.54,,
250,248.53,51.56,,
250,248.53,51.58,,
251,257.10,51.60,,
252,248.53,51.62,,
252,248.53,51.64,,
252,257.10,51.66,,
253,248.53,51.68,,
253,257.10,51.69,,
254,257.10,51.71,,
254,248.53,51.73,,
254,257.10,51.75,,
254,257.10,51.77,,
254,257.10,51.79,,
254,257.10,51.81,,
254,257.04,51.83,,
254,257.15,51.84,,
254,248.53,51.86,,
254,257.10,51.88,,
254,257.10,51.90,,
254,257.10,51.92,,
254,257.10,51.94,,
254,257.10,51.96,,
253,257.10,51.98,,
253,257.10,51.99,,
253,257.10,52.01,,
252,257.10,52.03,,
252,248.53,52.05,,
251,257.10,52.07,,
250,257.10,52.09,,
250,257.10,52.11,,
249,248.53,52.13,,
249,257.10,52.14,,
248,248.53,52.16,,
247,257.10,52.18,,
246,248.53,52.20,,
245,248.53,52.22,,
244,248.53,52.24,,
243,248.53,52.26,,
242,248.53,52.27,,
241,248.53,52.29,,
240,248.53,52.31,,
239,239.96,52.33,,
238,248.53,52.35,,
237,239.96,52.37,,
236,239.96,52.39,,
234,248.53,52.41,,
233,239.90,52.42,,
232,231.44,52.44,,
230,239.96,52.46,,
229,239.96,52.48,,
227,231.39,52.50,,
226,231.39,52.52,,
224,231.39,52.54,,
223,231.39,52.56,,
221,231.39,52.57,,
220,222.82,52.59,,
218,231.39,52.61,,
216,222.82,52.63,,
215,222.82,52.65,,
213,222.82,52.67,,
211,214.25,52.69,,
209,222.82,52.71,,
207,214.25,52.72,,
206,214.25,52.74,,
204,214.25,52.76,,
202,205.68,52.78,,
200,214.25,52.80,,
198,205.68,52.82,,
196,205.68,52.84,,
194,197.11,52.86,,
192,205.68,52.87,,
190,197.11,52.89,,
188,197.11,52.91,,
186,197.11,52.93,,
183,188.54,52.95,,
181,188.54,52.97,,
179,188.54,52.99,,
177,188.54,53.01,,
175,179.93,53.02,,
172,180.01,53.04,,
170,179.97,53.06,,
168,179.97,53.08,,
166,171.40,53.10,,
163,171.40,53.12,,
161,171.40,53.14,,
159,162.83,53.15,,
157,171.40,53.17,,
154,162.83,53.19,,
152,154.26,53.21,,
150,162.83,53.23,,
147,154.26,53.25,,
145,154.26,53.27,,
142,145.69,53.29,,
140,154.26,53.30,,
138,145.69,53.32,,
135,137.12,53.34,,
133,145.69,53.36,,
131,137.12,53.38,,
128,137.12,53.40,,
126,128.55,53.42,,
123,137.12,53.44,,
121,128.55,53.45,,
119,128.55,53.47,,
116,119.98,53.49,,
114,119.98,53.51,,
111,119.98,53.53,,
109,111.41,53.55,,
107,111.41,53.57,,
104,111.41,53.59,,
102,111.41,53.60,,
100,102.82,53.62,,
97,102.86,53.64,,
95,99.81,53.66,,
93,106.05,53.68,,
91,90.74,53.69,,
89,96.41,53.71,,
87,96.41,53.73,,
85,86.77,53.74,,
83,86.77,53.76,,
81,86.77,53.78,,
79,86.77,53.79,,
77,77.13,53.81,,
75,77.13,53.83,,
73,77.13,53.84,,
71,77.13,53.86,,
69,77.13,53.88,,
67,67.49,53.89,,
66,67.49,53.91,,
64,77.13,53.93,,
62,57.85,53.94,,
60,67.49,53.96,,
58,57.85,53.98,,
56,67.49,53.99,,
55,57.85,54.01,,
53,57.85,54.03,,
51,48.21,54.04,,
50,57.85,54.06,,
48,48.21,54.08,,
46,48.21,54.09,,
45,48.21,54.11,,
43,48.21,54.13,,
41,38.56,54.14,,
40,48.21,54.16,,
38,38.56,54.18,,
37,38.56,54.19,,
35,38.56,54.21,,
34,38.56,54.23,,
32,28.92,54.24,,
31,38.56,54.26,,
30,28.92,54.28,,
28,28.92,54.29,,
27,28.92,54.31,,
26,28.92,54.33,,
24,28.92,54.34,,
23,19.28,54.36,,
22,19.28,54.38,,
21,28.92,54.39,,
20,19.28,54.41,,
18,19.28,54.43,,
17,19.28,54.44,,
16,19.28,54.46,,
15,9.64,54.48,,
14,20.57,54.49,,
13,9.64,54.51,,
12,10.28,54.52,,
12,19.28,54.54,,
11,9.64,54.56,,
10,10.28,54.57,,
9,9.64,54.59,,
8,11.02,54.60,,
8,0.00,54.62,,
7,11.02,54.63,,
6,10.28,54.65,,
6,0.00,54.66,,
5,0.00,54.68,,
5,11.02,54.69,,
4,0.00,54.71,,
4,0.00,54.72,,
3,0.00,54.74,,
3,11.02,54.75,,
2,0.00,54.77,,
2,0.00,54.78,,
2,0.00,54.80,,
1,0.00,54.81,,
1,0.00,54.83,,
1,0.00,54.84,,
0,0.00,54.86,,
0,0.00,54.87,,
0,0.00,54.89,,
0,0.00,54.90,,
0,0.00,54.91,,
0,0.00,54.93,,
0,0.00,54.94,,
0,0.00,54.96,,
0,0.00,54.97,,
0,0.00,54.99,,
0,0.00,55.00,,
0,0.00,55.02,,
0,0.00,55.03,,
0,0.00,55.05,,
0,0.00,55.06,,
0,0.00,55.07,,
0,0.00,55.09,,
1,0.00,55.10,,
1,0.00,55.12,,
1,0.00,55.13,,
1,0.00,55.15,,
2,0.00,55.16,,
2,0.00,55.18,,
2,0.00,55.19,,
3,0.00,55.21,,
3,0.00,55.22,,
4,0.00,55.23,,
4,0.00,55.25,,
5,0.00,55.26,,
5,0.00,55.28,,
6,0.00,55.29,,
6,0.00,55.31,,
7,0.00,55.32,,
8,0.00,55.34,,
8,0.00,55.35,,
9,11.02,55.37,,
10,0.00,55.38,,
11,10.28,55.40,,
11,9.64,55.41,,
12,0.00,55.43,,
13,10.28,55.44,,
14,9.64,55.46,,
15,10.28,55.48,,
16,19.28,55.49,,
17,9.64,55.51,,
18,10.28,55.53,,
19,19.28,55.54,,
20,9.64,55.56,,
22,20.57,55.57,,
23,19.28,55.59,,
24,19.28,55.61,,
25,19.28,55.62,,
27,19.28,55.64,,
28,28.92,55.66,,
29,19.28,55.67,,
31,28.92,55.69,,
32,28.92,55.71,,
33,28.92,55.72,,
35,28.92,55.74,,
36,28.92,55.76,,
38,38.55,55.77,,
39,28.94,55.79,,
41,38.56,55.81,,
43,38.56,55.82,,
44,38.56,55.84,,
46,38.56,55.86,,
47,38.56,55.87,,
49,48.21,55.89,,
51,38.56,55.91,,
52,48.21,55.92,,
54,48.21,55.94,,
56,48.21,55.96,,
58,57.85,55.97,,
60,48.21,55.99,,
61,57.85,56.01,,
63,57.85,56.02,,
65,57.85,56.04,,
67,67.49,56.06,,
"                                                                                                                  127",0.00,28
127,0.00,760
127,0.00,1568
127,0.00,2416
127,0.00,3268
128,0.00,7664
130,0.00,23264
132,0.00,39904
134,0.00,56544
136,0.00,73184
138,0.00,89824
141,0.00,106464
143,0.00,124144
145,0.00,141824
147,0.00,159504
149,0.00,177184
152,0.00,194864
154,0.00,212544
156,0.00,230224
158,0.00,247904
160,0.00,265584
163,0.00,283264
165,0.00,300944
167,0.00,318624
169,0.00,336304
171,0.00,353984
173,0.00,371664
175,0.00,389344
177,0.00,407024
180,0.00,424704
182,0.00,442388
184,0.00,460064
186,0.00,477744
188,0.00,495424
190,0.00,513104
192,0.00,530784
193,0.00,548464
195,0.00,566144
197,0.00,583824
199,0.00,601504
201,0.00,619184
203,0.00,636864
205,0.00,654544
206,0.00,672224
208,0.00,689904
210,0.00,707588
212,0.00,725264
213,0.00,742944
215,0.00,760624
217,0.00,778304
218,0.00,795984
220,0.00,813664
221,0.00,831344
223,0.00,849024
224,0.00,866704
226,0.00,884384
227,0.00,902064
228,0.00,919744
230,0.00,937424
231,0.00,955104
232,0.00,972784
234,0.00,990464
235,0.00,1008144
236,0.00,1026864
237,0.00,1045584
238,0.00,1064304
240,0.00,1083024
241,0.00,1101744
242,0.00,1120464
243,0.00,1139184
244,0.00,1157904
245,0.00,1176624
246,0.00,1195344
246,0.00,1214064
247,0.00,1232784
248,0.00,1251504
249,0.00,1270224
249,0.00,1288944
250,0.00,1307668
251,0.00,1326384
251,0.00,1345104
252,0.00,1363824
252,0.00,1382544
253,0.00,1401264
253,0.00,1419984
253,0.00,1438704
254,0.00,1457424
254,0.00,1476144
254,0.00,1494864
254,0.00,1513584
254,0.00,1532304
254,0.00,1551024
254,0.00,1569744
254,0.00,1588464
254,0.00,1607184
254,0.00,1625904
254,0.00,1644624
254,0.00,1663344
254,0.00,1682064
253,0.00,1700784
253,0.00,1719504
253,0.00,1738224
252,0.00,1756944
252,0.00,1775664
251,0.00,1794384
251,0.00,1813104
250,0.00,1831824
250,0.00,1850544
249,0.00,1869264
248,0.00,1887984
247,0.00,1906708
247,0.00,1925424
246,0.00,1944144
245,0.00,1962864
244,0.00,1981584
243,0.00,2000304
242,0.00,2019024
241,0.00,2037744
240,0.00,2056464
239,0.00,2075184
237,0.00,2093904
236,0.00,2112624
235,0.00,2131344
234,0.00,2150064
232,0.00,2168784
231,0.00,2187504
230,0.00,2206224
228,0.00,2224944
227,0.00,2243664
225,0.00,2262384
224,0.00,2281104
222,0.00,2299824
220,0.00,2318544
219,0.00,2337264
217,0.00,2355984
215,0.00,2374704
214,0.00,2393424
212,0.00,2412144
210,0.00,2430864
208,0.00,2449584
207,0.00,2468304
205,0.00,2487024
203,0.00,2505748
201,0.00,2524464
199,0.00,2543184
197,0.00,2561904
195,0.00,2580624
193,0.00,2599344
191,0.00,2618064
189,0.00,2636784
187,0.00,2655504
184,0.00,2674224
182,0.00,2692944
180,0.00,2711664
178,0.00,2730384
176,0.00,2749104
174,0.00,2767824
171,0.00,2786544
169,0.00,2805264
167,0.00,2823984
165,0.00,2842704
162,0.00,2861424
160,0.00,2880144
158,0.00,2898864
155,0.00,2917584
153,0.00,2936304
151,0.00,2955024
148,0.00,2973744
146,0.00,2992464
144,0.00,3011184
141,0.00,3029904
139,0.00,3048624
136,0.00,3067344
134,0.00,3086064
132,0.00,3104788
129,0.00,3123504
127,0.00,3142224
125,0.00,3160944
122,0.00,3179664
120,0.00,3198384
117,0.00,3217104
115,0.00,3235824
113,0.00,3254544
110,0.00,3273264
108,0.00,3291984
106,17.14,3310704
103,64.95,3330464
101,81.19,3350224
98,89.29,3369988
96,94.29,3388704
94,94.27,3407424
91,94.27,3426144
89,94.27,3444864
87,94.27,3463584
84,85.70,3482304
82,85.70,3501024
80,85.70,3519744
78,77.13,3538464
76,85.70,3557184
73,77.13,3575904
71,77.13,3594624
69,68.56,3613344
67,77.13,3632064
65,68.56,3650784
63,59.99,3669504
61,68.56,3688224
59,59.99,3706944
57,59.99,3725664
55,59.99,3744384
53,59.99,3763104
51,51.42,3781824
49,51.42,3800544
47,51.42,3819264
45,51.42,3837984
43,42.85,3856704
42,42.85,3875424
40,42.85,3894144
38,42.85,3912864
36,34.28,3931584
35,42.85,3950304
33,34.28,3969024
32,34.28,3987744
30,25.71,4006464
28,34.28,4025184
27,25.71,4043904
25,25.71,4062624
24,25.71,4081344
23,25.71,4100064
21,25.71,4118784
20,17.14,4137504
19,25.71,4156224
17,17.14,4174944
16,17.14,4193664
15,17.14,4212384
14,8.57,4231104
13,18.15,4248784
12,8.57,4267504
11,9.07,4285184
10,9.07,4302868
9,9.08,4320544
8,9.64,4337184
8,9.64,4353824
7,9.64,4370464
6,9.64,4387104
6,0.00,4403744
5,0.00,4420384
4,9.64,4437024
4,0.00,4453664
3,0.00,4470304
3,0.00,4486944
2,0.00,4503584
2,0.00,4520224
1,0.00,4536864
1,0.00,4553504
1,0.00,4570144
1,0.00,4586784
0,0.00,4603424
0,0.00,4620064
0,0.00,4636704
0,0.00,4653344
0,0.00,4669984
0,0.00,4686624
0,0.00,4703264
0,0.00,4719904
0,0.00,4736544
0,0.00,4753184
0,0.00,4769824
0,0.00,4786464
0,0.00,4803104
0,0.00,4819744
0,0.00,4836384
1,0.00,4853024
1,0.00,4869664
1,0.00,4886304
2,0.00,4902944
2,0.00,4919584
3,0.00,4936224
3,0.00,4952864
4,0.00,4969504
4,0.00,4986144
5,0.00,5002784
5,0.00,5019424
6,0.00,5036064
7,0.00,5052704
8,0.00,5069344
8,0.00,5085984
9,9.64,5102624
10,0.00,5119264
11,0.00,5136944
12,9.07,5154624
13,9.07,5172304
14,9.07,5189984
15,9.07,5207664
16,18.15,5225344
17,8.57,5244064
18,18.15,5261744
20,8.57,5280464
21,18.15,5298144
22,17.14,5316864
23,17.14,5335584
25,25.71,5354304
26,17.14,5373024
28,25.71,5391744
29,17.14,5410464
31,25.71,5429184
32,25.71,5447904
34,34.28,5466624
36,25.71,5485344
37,34.28,5504064
39,34.28,5522784
41,34.28,5541504
43,34.28,5560224
44,42.85,5578944
46,34.28,5597664
48,42.85,5616384
50,42.85,5635104
52,51.42,5653824
54,42.85,5672544
56,51.42,5691264
58,51.42,5709984
60,51.42,5728704
62,59.99,5747424
64,51.41,5766148
66,60.00,5784864
68,68.56,5803584
70,59.99,5822304
72,68.56,5841024
75,68.56,5859744
77,68.56,5878464
79,68.56,5897184
81,77.13,5915904
83,77.13,5934624
86,77.13,5953344
88,77.13,5972064
90,85.70,5990784
93,85.70,6009504
95,85.70,6028224
97,94.27,6046944
99,94.27,6065664
102,94.27,6084384
104,97.43,6104144
107,97.43,6123904
109,97.43,6143664
112,105.54,6163424
114,107.98,6184224
117,107.98,6205024
120,115.69,6225824
122,115.69,6246624
125,115.69,6267424
128,123.41,6288224
130,123.41,6309024
133,123.41,6329824
136,123.41,6350624
138,131.12,6371424
141,138.83,6392224
144,131.12,6413024
146,138.83,6433824
149,138.83,6454624
151,146.54,6475424
154,146.54,6496224
157,146.54,6517024
159,154.26,6537824
162,154.26,6558624
164,154.26,6579424
167,161.97,6600224
169,161.97,6621024
172,169.68,6641824
174,161.97,6662624
177,169.68,6683424
179,177.40,6704224
182,169.68,6725024
184,177.40,6745824
186,185.11,6766624
189,177.40,6787424
191,185.11,6808224
193,185.11,6829024
195,192.82,6849824
198,192.82,6870624
200,192.82,6891424
202,192.82,6912224
204,200.53,6933024
206,200.53,6953824
208,200.53,6974624
210,208.25,6995424
212,208.25,7016224
214,208.25,7037024
216,208.25,7057824
218,215.96,7078624
220,208.25,7099424
222,223.67,7120224
223,215.96,7141024
225,215.96,7161824
227,223.67,7182624
228,223.67,7203424
230,223.67,7224224
232,231.39,7245024
233,231.39,7265824
235,231.39,7286624
236,231.39,7307424
237,231.39,7328224
239,239.10,7349024
240,231.39,7369824
241,239.10,7390624
242,239.10,7411424
243,239.10,7432224
244,246.81,7453024
245,239.10,7473824
246,246.81,7494624
247,246.72,7515432
248,239.19,7536224
249,246.81,7557024
250,254.52,7577824
250,246.81,7598624
251,246.81,7619424
252,254.52,7640224
252,246.81,7661024
253,254.52,7681824
253,254.52,7702624
253,254.52,7723424
254,254.52,7744224
254,254.52,7765024
254,254.52,7785824
254,254.52,7806624
254,254.52,7827424
254,254.52,7848224
254,254.52,7869024
254,254.52,7889824
254,262.24,7910624
254,254.52,7931424
254,254.52,7952224
254,254.52,7973024
253,254.52,7993824
253,262.24,8014624
252,254.52,8035424
252,254.52,8056224
251,254.52,8077024
251,254.52,8097824
250,254.52,8118624
249,254.52,8139424
249,254.52,8160224
248,246.81,8181024
247,254.52,8201824
246,246.81,8222624
245,254.52,8243424
244,246.81,8264224
243,246.81,8285024
242,254.52,8305824
241,239.10,8326624
239,246.81,8347424
238,246.81,8368224
237,246.81,8389024
235,239.10,8409824
234,239.10,8430624
232,239.10,8451424
231,239.10,8472224
229,239.10,8493024
228,231.39,8513824
226,239.01,8534632
224,231.48,8555424
223,231.39,8576224
221,223.67,8597024
219,231.39,8617824
217,223.67,8638624
215,223.67,8659424
213,223.67,8680224
211,215.96,8701024
209,223.67,8721824
207,215.96,8742624
205,208.25,8763424
203,215.96,8784224
201,208.25,8805024
199,208.25,8825824
197,200.53,8846624
194,208.25,8867424
192,200.53,8888224
190,200.53,8909024
188,192.82,8929824
185,192.82,8950624
183,192.82,8971424
180,185.11,8992224
178,192.82,9013024
176,185.11,9033824
173,177.40,9054624
171,177.40,9075424
168,177.40,9096224
166,177.40,9117024
163,169.68,9137824
161,169.68,9158624
158,169.68,9179424
155,161.97,9200224
153,161.97,9221024
150,154.26,9241824
148,161.94,9262628
145,146.57,9283424
142,154.26,9304224
140,146.54,9325024
137,146.54,9345824
134,138.83,9366624
132,138.83,9387424
129,138.83,9408224
126,131.12,9429024
124,138.83,9449824
121,123.41,9470624
119,131.12,9491424
116,123.36,9512232
113,115.74,9533024
111,115.69,9553824
108,115.69,9574624
105,115.69,9595424
103,107.98,9616224
100,107.98,9637024
98,100.27,9657824
95,105.54,9677584
93,97.43,9697344
90,94.27,9716064
88,94.27,9734784
86,94.27,9753504
84,85.70,9772224
81,85.70,9790944
79,85.70,9809664
77,77.13,9828384
75,85.70,9847104
73,77.13,9865824
70,68.56,9884544
68,77.13,9903264
66,68.56,9921984
64,68.56,9940704
62,68.54,9959428
60,60.00,9978144
58,59.99,9996864
56,59.99,10015584
54,56.83,10035344
52,56.83,10055104
50,56.83,10074864
48,48.71,10094624
46,48.71,10114384
44,48.71,10134144
42,40.59,10153904
40,48.71,10173664
38,40.59,10193424
37,40.59,10213184
35,32.48,10232944
33,40.59,10252704
31,32.48,10272464
30,32.47,10292228
28,24.36,10311984
27,32.48,10331744
25,24.36,10351504
24,24.36,10371264
22,24.36,10391024
21,24.36,10410784
19,16.24,10430544
18,24.36,10450304
17,16.24,10470064
15,16.24,10489824
14,16.24,10509584
13,8.12,10529344
12,17.14,10548064
11,8.12,10567824
10,8.57,10586544
9,17.14,10605264
8,0.00,10623984
7,9.07,10641664
7,9.07,10659344
6,9.07,10677024
5,0.00,10694704
5,9.07,10712384
4,0.00,10730064
3,0.00,10747744
3,0.00,10765424
2,0.00,10783104
2,0.00,10800784
1,0.00,10818464
1,0.00,10836144
1,0.00,10853824
0,0.00,10871504
0,0.00,10889184
0,0.00,10906864
0,0.00,10924544
0,0.00,10942224
0,0.00,10959904
0,0.00,10977584
0,0.00,10995264
0,0.00,11012944
0,0.00,11030624
0,0.00,11048304
0,0.00,11065984
0,0.00,11083664
0,0.00,11101344
0,0.00,11119024
1,0.00,11136704
1,0.00,11154384
1,0.00,11172064
2,0.00,11189744
2,0.00,11207424
3,0.00,11225108
3,0.00,11242784
4,0.00,11260464
5,0.00,11278144
5,0.00,11295824
6,9.07,11313504
7,0.00,11331184
7,0.00,11348864
8,0.00,11366544
9,0.00,11384224
10,0.00,11401904
11,8.57,11420624
12,8.57,11439344
13,8.57,11458064
14,8.57,11476784
15,8.57,11495504
16,8.57,11514224
17,17.14,11532944
19,16.24,11552704
20,8.12,11572464
21,17.14,11591184
23,24.36,11610944
24,16.24,11630704
26,16.24,11650464
27,24.36,11670224
29,24.36,11689984
31,24.36,11709744
32,24.36,11729504
34,32.48,11749264
36,32.48,11769024
38,24.36,11788784
39,40.59,11808544
41,32.48,11828304
43,40.59,11848064
45,32.48,11867824
47,40.59,11887584
49,48.71,11907344
51,40.59,11927104
53,48.71,11946864
55,48.71,11966624
57,48.71,11986384
59,56.83,12006144
61,48.71,12025904
64,56.83,12045664
66,64.95,12065424
68,56.83,12085184
70,64.95,12104944
73,64.95,12124704
75,73.07,12144464
77,64.95,12164224
79,73.07,12183984
82,81.19,12203744
84,73.05,12223508
87,81.20,12243264
89,81.19,12263024
91,81.19,12282784
94,89.31,12302544
96,89.31,12322304
99,97.43,12342064
101,89.31,12361824
104,100.27,12382624
106,95.49,12404464
109,107.98,12425264
112,102.84,12447104
115,102.84,12468944
117,110.18,12490784
120,117.53,12512624
123,117.49,12534472
126,117.55,12556308
129,117.55,12578144
131,124.88,12599984
134,124.88,12621824
137,132.22,12643664
140,132.22,12665504
142,132.22,12687344
145,139.57,12709184
148,139.57,12731024
151,146.91,12752864
153,146.91,12774704
156,146.91,12796544
159,154.26,12818384
161,154.26,12840224
164,154.26,12862064
167,161.60,12883904
169,161.60,12905744
172,168.95,12927584
175,168.95,12949424
177,168.95,12971264
180,168.95,12993104
182,176.29,13014944
185,183.64,13036784
187,176.29,13058624
190,183.64,13080464
192,190.99,13102304
194,183.64,13124144
197,190.99,13145984
199,190.99,13167824
201,198.33,13189664
204,198.33,13211504
206,198.33,13233344
208,198.33,13255184
210,205.68,13277024
212,205.68,13298864
214,213.02,13320704
216,213.02,13342544
218,213.02,13364384
220,213.02,13386224
222,220.37,13408064
224,220.37,13429904
226,220.37,13451744
227,227.71,13473584
229,220.37,13495424
231,227.71,13517264
232,235.06,13539104
234,227.71,13560944
235,235.06,13582784
237,235.06,13604624
238,235.06,13626464
240,235.06,13648304
241,242.40,13670144
242,242.40,13691984
243,242.40,13713824
244,242.40,13735664
245,242.40,13757504
246,242.40,13779344
247,249.75,13801184
248,249.75,13823024
249,249.66,13844872
250,242.49,13866704
251,257.10,13888544
251,249.75,13910384
252,249.75,13932224
252,257.05,13954068
253,249.80,13975904
253,257.10,13997744
254,256.95,14019596
254,249.89,14041424
254,257.10,14063264
254,257.10,14085104
254,257.10,14106944
254,257.10,14128784
254,257.10,14150624
254,257.10,14172464
254,257.10,14194304
254,257.10,14216144
254,257.10,14237984
254,257.10,14259824
253,257.10,14281664
253,257.10,14303504
252,257.10,14325344
252,257.10,14347184
251,257.10,14369024
250,249.75,14390864
250,257.10,14412704
249,257.10,14434544
248,249.75,14456384
247,257.10,14478224
246,249.75,14500064
245,249.75,14521904
244,249.75,14543744
243,249.75,14565584
242,249.75,14587424
241,249.66,14609272
239,242.49,14631104
238,242.40,14652944
237,249.75,14674784
235,242.40,14696624
234,235.06,14718464
232,242.40,14740304
230,242.36,14762148
229,235.10,14783984
227,235.06,14805824
225,235.06,14827664
223,227.71,14849504
222,235.06,14871344
220,227.71,14893184
218,227.71,14915024
216,220.37,14936864
214,227.71,14958704
212,220.37,14980544
210,220.37,15002384
208,213.02,15024224
205,213.02,15046064
203,213.02,15067904
201,213.02,15089744
199,205.68,15111584
196,205.68,15133424
194,205.68,15155264
192,205.68,15177104
189,198.33,15198944
187,190.99,15220784
184,198.33,15242624
182,190.99,15264464
179,190.99,15286304
177,183.64,15308144
174,183.64,15329984
171,183.61,15351828
169,183.67,15373664
166,168.95,15395504
164,176.29,15417344
161,168.95,15439184
158,168.95,15461024
155,161.60,15482864
153,161.60,15504704
150,161.60,15526544
147,154.26,15548384
145,154.26,15570224
142,146.91,15592064
139,146.91,15613904
136,146.91,15635744
133,139.57,15657584
131,139.57,15679424
128,132.22,15701264
125,139.52,15723112
122,124.92,15744944
120,132.22,15766784
117,124.88,15788624
114,117.53,15810464
111,117.53,15832304
108,117.53,15854144
106,117.53,15875984
103,110.18,15897824
100,102.84,15919664
97,102.84,15941504
95,107.98,15962304
92,92.55,15983104
90,97.43,16002864
88,97.43,16022624
85,89.31,16042384
83,89.31,16062144
80,81.19,16081904
78,81.19,16101664
76,81.19,16121424
73,81.19,16141184
71,73.07,16160944
69,73.07,16180704
67,73.07,16200464
65,64.95,16220224
62,73.07,16239984
60,64.95,16259744
58,56.83,16279504
56,64.95,16299264
54,56.83,16319024
52,56.83,16338784
50,48.71,16358544
48,56.83,16378304
46,48.71,16398064
44,48.71,16417824
42,40.59,16437584
40,40.59,16457344
38,48.71,16477104
37,32.48,16496864
35,40.59,16516624
33,32.48,16536384
31,32.48,16556144
30,32.48,16575904
28,32.48,16595664
27,32.47,16615428
25,24.36,16635184
24,24.36,16654944
22,24.36,16674704
21,24.36,16694464
19,16.24,16714224
18,24.36,16733984
17,16.24,16753744
15,16.24,16773504
14,16.24,16793264
13,8.12,16813024
12,17.14,16831744
11,8.12,16851504
10,8.57,16870224
9,8.57,16888944
8,9.07,16906624
7,9.07,16924304
7,9.07,16941984
6,9.07,16959664
5,0.00,16977344
5,9.07,16995024
4,0.00,17012704
3,0.00,17030384
3,0.00,17048064
2,0.00,17065744
2,0.00,17083424
2,0.00,17101104
1,0.00,17118784
1,0.00,17136464
0,0.00,17154144
0,0.00,17171824
0,0.00,17189504
0,0.00,17207184
0,0.00,17224864
0,0.00,17242544
0,0.00,17260224
0,0.00,17277904
0,0.00,17295584
0,0.00,17313264
0,0.00,17330944
0,0.00,17348628
0,0.00,17366304
0,0.00,17383984
0,0.00,17401664
1,0.00,17419344
1,0.00,17437024
1,0.00,17454704
2,0.00,17472384
2,0.00,17490064
3,0.00,17507744
3,0.00,17525424
4,0.00,17543104
5,0.00,17560784
5,0.00,17578464
6,0.00,17596144
7,0.00,17613824
7,0.00,17631504
8,0.00,17649184
9,0.00,17666864
10,0.00,17684544
11,0.00,17703264
12,8.57,17721984
13,0.00,17740704
14,8.57,17759424
15,17.14,17778144
16,8.12,17797904
18,17.14,17816624
19,8.12,17836384
20,17.14,17855104
21,16.24,17874864
23,16.24,17894624
24,24.36,17914384
26,16.24,17934144
27,24.36,17953904
29,24.36,17973664
31,24.36,17993424
32,24.36,18013184
34,32.48,18032944
36,32.48,18052704
38,24.36,18072464
39,40.59,18092224
41,32.48,18111984
43,40.59,18131744
45,32.48,18151504
47,40.59,18171264
49,48.71,18191024
51,40.59,18210784
53,48.71,18230544
55,48.71,18250304
57,48.71,18270064
59,56.83,18289824
61,48.71,18309584
64,56.83,18329344
66,64.95,18349104
68,56.83,18368864
70,64.95,18388624
73,64.95,18408384
75,73.07,18428144
77,64.95,18447904
79,73.07,18467664
82,73.07,18487424
84,81.19,18507184
87,81.19,18526944
89,81.17,18546708
91,81.20,18566464
94,89.31,18586224
96,89.31,18605984
99,89.31,18625744
101,97.43,18645504
104,92.55,18666304
106,100.27,18687104
109,102.84,18708944
112,102.84,18730784
115,102.84,18752624
117,110.18,18774464
120,117.53,18796304
123,117.53,18818144
126,117.53,18839984
129,117.53,18861824
131,124.88,18883664
134,132.22,18905504
137,124.88,18927344
140,132.22,18949184
142,139.57,18971024
145,139.57,18992864
148,139.57,19014704
151,139.57,19036544
153,146.91,19058384
156,154.26,19080224
159,146.91,19102064
162,154.26,19123904
164,161.57,19145748
167,161.63,19167584
170,161.60,19189424
172,161.60,19211264
175,168.95,19233104
177,168.95,19254944
180,176.29,19276784
182,176.29,19298624
185,176.29,19320464
187,183.64,19342304
190,183.64,19364144
192,183.64,19385984
195,190.99,19407824
197,190.99,19429664
199,198.33,19451504
201,190.99,19473344
204,198.33,19495184
206,205.68,19517024
208,198.33,19538864
210,205.68,19560704
212,213.02,19582544
214,205.68,19604384
216,213.02,19626224
218,213.02,19648064
220,213.02,19669904
222,220.37,19691744
224,220.37,19713584
226,220.37,19735424
227,227.71,19757264
229,220.37,19779104
231,227.71,19800944
232,235.06,19822784
234,227.71,19844624
235,235.06,19866464
237,235.06,19888304
238,235.06,19910144
240,235.06,19931984
241,242.40,19953824
242,235.06,19975664
243,242.40,19997504
244,242.40,20019344
245,249.75,20041184
246,242.40,20063024
247,249.70,20084868
248,242.45,20106704
249,249.75,20128544
250,249.75,20150384
251,249.75,20172224
251,249.75,20194064
252,249.75,20215904
252,257.10,20237744
253,249.75,20259584
253,257.10,20281424
254,257.10,20303264
254,249.75,20325104
254,257.10,20346944
254,257.10,20368784
254,257.10,20390624
254,257.10,20412464
254,257.10,20434304
254,257.10,20456144
254,257.00,20477992
254,249.84,20499824
254,257.10,20521664
254,257.05,20543508
253,257.14,20565344
253,257.10,20587184
252,257.10,20609024
252,257.10,20630864
251,257.00,20652712
250,249.84,20674544
250,257.10,20696384
249,249.75,20718224
248,257.10,20740064
247,249.75,20761904
246,249.75,20783744
245,249.75,20805584
244,249.75,20827424
243,249.75,20849264
242,249.75,20871104
241,242.40,20892944
239,249.75,20914784
238,242.40,20936624
236,242.40,20958464
235,242.40,20980304
234,242.40,21002144
232,235.06,21023984
230,242.40,21045824
229,235.06,21067664
227,235.06,21089504
225,227.71,21111344
223,235.06,21133184
222,227.71,21155024
220,227.71,21176864
218,227.71,21198704
216,220.37,21220544
214,220.37,21242384
212,220.37,21264224
210,220.37,21286064
207,213.02,21307904
205,213.02,21329744
203,213.02,21351584
201,205.68,21373424
199,205.68,21395264
196,205.68,21417104
194,198.33,21438944
191,198.33,21460784
189,198.33,21482624
187,198.33,21504464
184,190.99,21526304
182,183.64,21548144
179,190.99,21569984
177,183.64,21591824
174,183.64,21613664
171,176.29,21635504
169,176.29,21657344
166,176.29,21679184
163,168.95,21701024
161,168.95,21722864
158,168.95,21744704
155,161.60,21766544
153,161.60,21788384
150,154.26,21810224
147,154.26,21832064
144,154.26,21853904
142,146.91,21875744
139,146.91,21897584
136,139.57,21919424
133,139.54,21941268
131,139.59,21963104
128,132.22,21984944
125,132.22,22006784
122,132.22,22028624
119,124.88,22050464
117,124.88,22072304
114,117.53,22094144
111,117.53,22115984
108,117.53,22137824
106,110.18,22159664
103,102.84,22181504
100,110.18,22203344
97,102.84,22225184
95,100.27,22245984
92,100.27,22266784
90,92.55,22287584
87,97.43,22307344
85,89.31,22327104
83,89.31,22346864
80,81.19,22366624
78,81.19,22386384
76,81.19,22406144
73,81.19,22425904
71,73.07,22445664
69,73.07,22465424
67,73.07,22485184
64,64.95,22504944
62,64.95,22524704
60,64.95,22544464
58,64.95,22564224
56,56.83,22583984
54,56.83,22603744
52,56.83,22623504
50,48.71,22643264
48,56.83,22663024
46,48.71,22682784
44,48.71,22702544
42,40.59,22722304
40,40.59,22742064
38,40.59,22761824
36,40.59,22781584
35,40.59,22801344
33,32.48,22821104
31,32.48,22840864
30,32.48,22860624
28,32.48,22880384
26,24.36,22900144
25,24.36,22919904
23,24.35,22939668
22,24.36,22959424
21,24.36,22979184
19,16.24,22998944
18,24.36,23018704
17,16.24,23038464
15,16.24,23058224
14,8.12,23077984
13,17.14,23096704
12,16.24,23116464
11,8.12,23136224
10,8.57,23154944
9,8.57,23173664
8,9.07,23191344
7,9.07,23209024
7,0.00,23226704
6,9.07,23244384
5,0.00,23262064
5,9.07,23279744
4,0.00,23297424
3,9.07,23315104
3,0.00,23332784
2,0.00,23350464
2,0.00,23368144
1,0.00,23385824
1,0.00,23403504
1,0.00,23421184
0,0.00,23438864
0,0.00,23456544
0,0.00,23474224
0,0.00,23491904
0,0.00,23509584
0,0.00,23527264
0,0.00,23544944
0,0.00,23562624
0,0.00,23580304
0,0.00,23597984
0,0.00,23615664
0,0.00,23633344
0,0.00,23651024
0,0.00,23668704
0,0.00,23686384
1,0.00,23704064
1,0.00,23721744
2,0.00,23739424
2,0.00,23757104
2,0.00,23774784
3,0.00,23792464
3,0.00,23810144
4,0.00,23827824
5,0.00,23845504
5,0.00,23863184
6,0.00,23880864
7,0.00,23898544
7,0.00,23916224
8,9.07,23933904
9,0.00,23951584
10,9.07,23969264
11,0.00,23987984
12,8.57,24006704
13,8.57,24025424
14,8.57,24044144
15,8.57,24062864
16,17.14,24081584
18,8.12,24101344
19,17.14,24120064
20,16.24,24139824
22,16.24,24159584
23,16.24,24179344
25,16.24,24199104
26,24.36,24218864
28,24.36,24238624
29,24.36,24258384
31,24.36,24278144
32,24.36,24297904
34,24.36,24317664
36,32.47,24337428
38,32.48,24357184
40,32.48,24376944
41,32.48,24396704
43,40.59,24416464
45,40.59,24436224
47,40.59,24455984
49,40.59,24475744
51,40.59,24495504
53,48.71,24515264
55,48.71,24535024
57,48.71,24554784
59,56.83,24574544
62,56.83,24594304
64,56.83,24614064
66,56.83,24633824
68,56.83,24653584
70,64.95,24673344
73,64.95,24693104
75,73.07,24712864
77,64.95,24732624
80,73.07,24752384
82,73.07,24772144
84,81.19,24791904
87,81.19,24811664
89,81.19,24831424
92,81.19,24851184
94,89.31,24870944
96,89.31,24890704
99,89.31,24910464
101,97.43,24930224
104,92.55,24951024
107,100.27,24971824
109,102.84,24993664
112,102.84,25015504
115,110.18,25037344
118,110.18,25059184
120,110.18,25081024
123,117.53,25102864
126,117.53,25124704
129,117.53,25146544
132,124.88,25168384
134,124.88,25190224
137,132.22,25212064
140,132.22,25233904
143,132.22,25255744
145,139.57,25277584
148,139.57,25299424
151,146.91,25321264
154,146.91,25343104
156,146.91,25364944
159,154.26,25386784
162,154.26,25408624
164,154.26,25430464
167,161.60,25452304
170,161.60,25474144
172,161.60,25495984
175,168.95,25517824
177,168.95,25539664
180,176.29,25561504
183,176.29,25583344
185,176.29,25605184
187,176.29,25627024
190,183.64,25648864
192,183.64,25670704
195,190.99,25692544
197,190.99,25714384
199,198.29,25736228
202,191.02,25758064
204,198.33,25779904
206,198.29,25801748
208,205.71,25823584
210,205.68,25845424
212,205.64,25867268
215,205.71,25889104
217,213.02,25910944
218,213.02,25932784
220,213.02,25954624
222,220.37,25976464
224,213.02,25998304
226,220.37,26020144
228,227.71,26041984
229,220.37,26063824
231,227.71,26085664
233,227.71,26107504
234,227.71,26129344
236,235.06,26151184
237,235.06,26173024
238,235.06,26194864
240,235.06,26216704
241,235.06,26238544
242,242.40,26260384
243,235.06,26282224
244,242.40,26304064
246,242.40,26325904
247,249.75,26347744
247,242.40,26369584
248,249.75,26391424
249,242.40,26413264
250,249.75,26435104
251,249.75,26456944
251,249.75,26478784
252,257.10,26500624
252,249.75,26522464
253,257.10,26544304
253,249.75,26566144
254,257.10,26587984
254,257.10,26609824
254,257.10,26631664
254,257.10,26653504
254,257.10,26675344
254,264.44,26697184
254,257.10,26719024
254,257.10,26740864
254,257.10,26762704
254,264.44,26784544
254,257.10,26806384
254,257.10,26828224
253,257.10,26850064
253,264.44,26871904
252,257.10,26893744
252,257.10,26915584
251,257.10,26937424
250,257.10,26959264
250,257.10,26981104
249,257.00,27002952
248,249.84,27024784
247,257.10,27046624
246,249.75,27068464
245,257.10,27090304
244,249.75,27112144
243,249.75,27133984
242,249.75,27155824
240,249.75,27177664
239,242.36,27199508
238,249.80,27221344
236,242.40,27243184
235,249.57,27265040
233,235.23,27286864
232,242.40,27308704
230,242.40,27330544
229,235.06,27352384
227,235.06,27374224
225,235.06,27396064
223,235.06,27417904
221,227.71,27439744
220,227.71,27461584
218,227.71,27483424
216,227.71,27505264
214,220.37,27527104
212,220.37,27548944
209,220.37,27570784
207,220.37,27592624
205,213.02,27614464
203,213.02,27636304
201,213.02,27658144
198,205.68,27679984
196,205.68,27701824
194,205.68,27723664
191,198.33,27745504
189,198.33,27767344
186,198.33,27789184
184,190.99,27811024
181,198.33,27832864
179,190.99,27854704
176,183.64,27876544
174,190.99,27898384
171,176.29,27920224
169,183.64,27942064
166,176.29,27963904
163,168.95,27985744
161,176.29,28007584
158,161.60,28029424
155,168.95,28051264
152,161.60,28073104
150,154.26,28094944
147,161.60,28116784
144,146.91,28138624
141,154.26,28160464
139,146.91,28182304
136,139.57,28204144
133,146.91,28225984
130,139.57,28247824
128,132.22,28269664
125,132.22,28291504
122,132.22,28313344
119,124.88,28335184
116,124.88,28357024
114,124.88,28378864
111,117.53,28400704
108,110.18,28422544
105,117.53,28444384
103,102.84,28466224
100,110.18,28488064
97,102.84,28509904
95,100.25,28530708
92,100.29,28551504
90,92.55,28572304
87,97.43,28592064
85,89.31,28611824
82,89.31,28631584
80,81.19,28651344
78,89.31,28671104
75,73.07,28690864
73,81.19,28710624
71,73.05,28730388
69,73.08,28750144
66,73.07,28769904
64,73.07,28789664
62,64.95,28809424
60,64.95,28829184
58,56.83,28848944
56,64.95,28868704
54,56.83,28888464
51,56.83,28908224
49,48.71,28927984
47,56.83,28947744
46,48.71,28967504
44,40.59,28987264
42,48.71,29007024
40,40.59,29026784
38,40.59,29046544
36,40.59,29066304
35,40.59,29086068
33,32.48,29105824
31,32.48,29125584
29,32.48,29145344
28,32.48,29165104
26,24.36,29184864
25,24.36,29204624
23,24.36,29224384
22,24.36,29244144
20,24.36,29263904
19,16.24,29283664
18,24.36,29303424
16,16.24,29323184
15,16.24,29342944
14,16.24,29362704
13,8.12,29382464
12,17.14,29401184
11,8.12,29420944
10,8.57,29439664
9,8.57,29458384
8,9.07,29476064
7,9.07,29493744
7,9.07,29511424
6,0.00,29529108
5,9.08,29546784
4,0.00,29564464
4,9.07,29582144
3,0.00,29599824
3,0.00,29617504
2,9.07,29635184
2,0.00,29652864
1,0.00,29670544
1,0.00,29688224
1,0.00,29705904
0,0.00,29723584
0,0.00,29741264
0,0.00,29758944
0,0.00,29776624
0,0.00,29794308
0,0.00,29811984
0,0.00,29829664
0,0.00,29847344
0,0.00,29865024
0,0.00,29882704
0,0.00,29900384
0,0.00,29918064
0,0.00,29935744
0,0.00,29953424
1,0.00,29971104
1,0.00,29988784
1,0.00,30006464
2,0.00,30024144
2,0.00,30041824
2,0.00,30059504
3,0.00,30077184
3,0.00,30094864
4,0.00,30112544
5,0.00,30130224
5,0.00,30147904
6,0.00,30165584
7,0.00,30183264
7,9.07,30200944
8,0.00,30218624
9,0.00,30236304
10,9.07,30253984
11,0.00,30272704
12,8.57,30291424
13,8.57,30310144
14,17.14,30328864
15,8.12,30348624
16,8.57,30367344
18,17.14,30386064
19,8.12,30405824
20,17.14,30424544
22,16.24,30444304
23,24.36,30464064
25,16.24,30483824
26,24.36,30503584
28,16.24,30523344
29,24.36,30543104
31,24.36,30562864
33,32.48,30582624
34,24.36,30602384
36,32.48,30622144
38,32.48,30641904
40,32.48,30661664
42,40.59,30681424
43,32.48,30701184
45,40.59,30720944
47,40.59,30740704
49,48.71,30760464
51,40.59,30780224
53,48.71,30799984
55,48.71,30819744
58,48.71,30839504
60,56.83,30859264
62,56.83,30879024
64,56.83,30898784
66,56.83,30918544
68,64.95,30938304
71,64.95,30958064
73,64.95,30977824
75,64.95,30997584
78,73.07,31017344
80,73.07,31037104
82,81.19,31056864
85,73.07,31076624
87,81.19,31096384
89,89.31,31116144
92,81.19,31135904
94,89.31,31155664
97,89.31,31175424
99,89.31,31195184
102,97.43,31214944
104,100.27,31235744
107,95.49,31257584
110,107.98,31278384
112,102.84,31300224
115,110.18,31322064
118,110.18,31343904
121,110.18,31365744
123,117.53,31387584
126,117.53,31409424
129,124.88,31431264
132,124.88,31453104
135,124.88,31474944
137,132.22,31496784
140,132.22,31518624
143,139.57,31540464
146,139.57,31562304
148,139.57,31584144
151,146.91,31605984
154,146.91,31627824
157,146.91,31649664
159,154.26,31671504
162,154.26,31693344
165,161.60,31715184
167,161.60,31737024
170,161.60,31758864
172,168.95,31780704
175,168.95,31802544
178,168.95,31824384
180,176.29,31846224
183,176.29,31868064
185,183.64,31889904
188,183.64,31911744
190,183.64,31933584
192,183.64,31955424
195,190.99,31977264
197,198.33,31999104
200,190.99,32020944
202,198.33,32042784
204,198.33,32064624
206,205.68,32086464
208,205.68,32108304
211,205.68,32130144
213,205.68,32151984
215,213.02,32173824
217,213.02,32195664
219,220.37,32217504
221,220.37,32239344
222,220.37,32261184
224,220.37,32283024
226,220.37,32304864
228,227.71,32326704
229,227.71,32348544
231,227.71,32370384
233,235.06,32392224
234,227.71,32414064
236,235.06,32435904
237,242.36,32457748
238,235.10,32479584
240,242.32,32501432
241,235.10,32523268
242,242.45,32545104
243,242.40,32566944
245,242.40,32588784
246,249.75,32610624
247,242.40,32632464
248,249.75,32654304
248,249.75,32676144
249,249.75,32697984
250,249.75,32719824
251,249.75,32741664
251,257.10,32763504
252,249.75,32785344
252,257.10,32807184
253,249.75,32829024
253,257.10,32850864
254,257.10,32872704
254,257.10,32894544
254,257.10,32916384
254,257.10,32938224
254,257.10,32960064
254,257.10,32981904
254,257.10,33003744
254,257.10,33025584
254,257.10,33047424
254,257.10,33069264
254,257.10,33091104
253,257.10,33112944
253,257.10,33134784
253,257.10,33156624
252,257.10,33178464
252,257.10,33200304
251,257.10,33222144
250,257.10,33243984
250,249.75,33265824
249,257.10,33287664
248,257.10,33309504
247,249.75,33331344
246,257.10,33353184
245,249.75,33375024
244,249.75,33396864
243,249.75,33418704
242,249.75,33440544
240,249.66,33462392
239,242.49,33484224
238,249.66,33506072
236,242.49,33527904
235,242.40,33549744
233,242.40,33571584
232,242.40,33593424
230,235.06,33615264
228,242.40,33637104
227,235.06,33658944
225,235.06,33680784
223,227.71,33702624
221,235.06,33724464
219,227.71,33746304
218,227.71,33768144
216,227.71,33789984
214,220.37,33811824
211,220.37,33833664
209,220.33,33855508
207,220.41,33877344
205,213.02,33899184
203,212.98,33921028
201,213.06,33942864
198,205.68,33964704
196,205.68,33986544
194,205.68,34008384
191,198.33,34030224
189,198.33,34052064
186,198.33,34073904
184,190.99,34095744
181,190.99,34117584
179,190.99,34139424
176,183.64,34161264
174,183.64,34183104
171,176.29,34204944
168,183.64,34226784
166,176.29,34248624
163,168.95,34270464
160,168.95,34292304
158,168.95,34314144
155,161.60,34335984
152,161.60,34357824
150,161.60,34379664
147,154.26,34401504
144,154.26,34423344
141,146.91,34445184
139,146.91,34467024
136,146.91,34488864
133,139.57,34510704
130,139.57,34532544
127,132.22,34554384
125,132.22,34576224
122,132.22,34598064
119,124.88,34619904
116,124.88,34641744
114,124.88,34663584
111,117.53,34685424
108,110.18,34707264
105,117.53,34729104
102,110.18,34750944
100,110.18,34772784
97,102.84,34794624
94,100.27,34815424
92,100.27,34836224
89,92.55,34857024
87,89.31,34876784
85,89.31,34896544
82,89.31,34916304
80,89.31,34936064
78,81.19,34955824
75,81.19,34975584
73,81.19,34995344
71,73.07,35015104
68,73.07,35034864
