00.00,0.00,8.86
100.00,0.00,8.88
100.00,0.00,8.90
100.00,0.00,0.00
100.00,0.00,0.00
100.00,0.00,0.00
100.00,0.00,0.00
100.00,0.00,0.01
100.00,0.00,0.03
100.00,0.00,0.05
100.00,0.00,0.06
100.00,0.00,0.08
100.00,0.00,0.10
100.00,0.00,0.12
100.00,0.00,0.14
100.00,0.00,0.16
100.00,0.00,0.18
100.00,0.00,0.19
100.00,0.00,0.21
100.00,0.00,0.23
100.00,0.00,0.25
100.00,0.00,0.27
100.00,0.00,0.29
100.00,0.00,0.31
100.00,0.00,0.33
100.00,0.00,0.34
100.00,0.00,0.36
100.00,0.00,0.38
100.00,0.00,0.40
100.00,0.00,0.42
100.00,0.00,0.44
100.00,0.00,0.46
100.00,0.00,0.48
100.00,0.00,0.49
100.00,4.99,0.51
100.00,18.61,0.53
100.00,37.07,0.55
100.00,55.30,0.57
100.00,69.69,0.59
100.00,79.02,0.61
100.00,83.44,0.63
100.00,84.85,0.65
100.00,84.88,0.67
100.00,85.49,0.69
100.00,87.19,0.71
100.00,88.06,0.73
100.00,88.20,0.75
100.00,88.33,0.77
100.00,88.43,0.79
100.00,88.53,0.81
100.00,88.61,0.83
100.00,88.67,0.85
100.00,89.32,0.87
100.00,89.87,0.89
100.00,89.16,0.91
100.00,88.56,0.93
100.00,88.63,0.95
100.00,89.29,0.97
100.00,89.84,0.99
100.00,89.73,1.01
100.00,89.63,1.03
100.00,89.55,1.05
100.00,89.48,1.07
100.00,89.42,1.09
100.00,89.37,1.10
100.00,89.91,1.12
100.00,90.38,1.14
100.00,90.19,1.16
100.00,90.02,1.18
100.00,89.88,1.20
100.00,89.76,1.22
100.00,89.66,1.24
100.00,89.57,1.26
100.00,90.09,1.28
100.00,90.53,1.30
100.00,90.32,1.32
100.00,90.13,1.34
100.00,90.57,1.36
100.00,90.94,1.38
100.00,90.66,1.40
100.00,90.43,1.42
100.00,90.23,1.44
100.00,90.65,1.46
100.00,91.01,1.48
100.00,90.73,1.50
100.00,90.48,1.52
100.00,90.87,1.54
100.00,91.19,1.56
100.00,90.88,1.58
100.00,90.62,1.60
100.00,90.98,1.62
100.00,91.29,1.64
100.00,90.97,1.66
100.00,91.28,1.68
100.00,91.55,1.70
100.00,91.18,1.72
100.00,90.87,1.74
100.00,91.20,1.76
100.00,91.48,1.78
100.00,91.13,1.80
100.00,91.42,1.82
100.00,91.66,1.84
100.00,91.28,1.86
100.00,91.55,1.88
100.00,91.78,1.90
100.00,91.38,1.92
100.00,91.63,1.93
100.00,91.85,1.95
100.00,92.03,1.97
100.00,92.19,1.99
100.00,91.73,2.01
100.00,91.34,2.03
100.00,91.60,2.05
100.00,92.41,2.07
100.00,92.51,2.09
100.00,92.01,2.11
100.00,92.17,2.13
100.00,92.31,2.15
100.00,91.84,2.17
100.00,92.02,2.19
100.00,92.77,2.21
100.00,92.82,2.23
100.00,92.27,2.25
100.00,91.80,2.27
100.00,91.99,2.29
100.00,92.75,2.31
100.00,92.80,2.33
100.00,92.85,2.35
100.00,92.88,2.37
100.00,92.33,2.39
100.00,92.44,2.41
100.00,92.54,2.43
100.00,92.62,2.45
100.00,92.69,2.47
100.00,92.75,2.49
100.00,93.39,2.51
100.00,93.35,2.53
100.00,92.73,2.55
100.00,92.79,2.57
100.00,92.83,2.59
100.00,92.87,2.61
100.00,92.91,2.63
100.00,92.94,2.65
100.00,92.96,2.67
100.00,92.98,2.69
100.00,93.59,2.71
100.00,93.52,2.73
100.00,92.87,2.75
100.00,92.91,2.76
100.00,93.53,2.78
100.00,93.47,2.80
100.00,93.41,2.82
100.00,93.37,2.84
100.00,93.33,2.86
100.00,93.30,2.88
100.00,93.27,2.90
100.00,93.84,2.92
100.00,93.73,2.94
100.00,93.64,2.96
100.00,94.16,2.98
100.00,94.00,3.00
100.00,93.87,3.02
100.00,93.76,3.04
100.00,93.67,3.06
100.00,93.59,3.08
100.00,93.52,3.10
100.00,94.05,3.12
100.00,94.50,3.14
100.00,94.30,3.16
100.00,94.13,3.18
100.00,93.98,3.20
100.00,93.85,3.22
100.00,94.33,3.24
100.00,94.16,3.26
100.00,94.00,3.28
100.00,94.46,3.30
100.00,94.26,3.32
100.00,94.10,3.34
100.00,94.54,3.36
100.00,94.34,3.38
100.00,94.16,3.40
100.00,94.59,3.42
100.00,94.38,3.44
100.00,94.19,3.46
100.00,94.63,3.48
100.00,95.00,3.50
100.00,94.72,3.52
100.00,94.49,3.54
100.00,94.28,3.56
100.00,94.11,3.57
100.00,94.56,3.59
100.00,94.94,3.61
100.00,94.67,3.63
100.00,94.44,3.65
100.00,94.84,3.67
100.00,94.59,3.69
100.00,94.37,3.71
100.00,94.78,3.73
100.00,95.13,3.75
100.00,94.83,3.77
100.00,94.58,3.79
100.00,94.96,3.81
100.00,95.28,3.83
100.00,95.55,3.85
100.00,95.20,3.87
100.00,94.89,3.89
100.00,95.22,3.91
100.00,94.91,3.93
100.00,94.65,3.95
100.00,95.02,3.97
100.00,95.33,3.99
100.00,95.01,4.01
100.00,94.73,4.03
100.00,95.08,4.05
100.00,95.39,4.07
100.00,95.65,4.09
100.00,95.28,4.11
100.00,94.96,4.13
100.00,95.28,4.15
100.00,95.55,4.17
100.00,95.79,4.19
100.00,95.40,4.21
100.00,95.06,4.23
100.00,95.37,4.25
100.00,95.63,4.27
100.00,95.85,4.29
100.00,95.45,4.31
100.00,95.11,4.33
100.00,95.41,4.35
100.00,95.67,4.37
100.00,95.88,4.39
100.00,95.48,4.40
100.00,95.13,4.42
100.00,95.43,4.44
100.00,95.68,4.46
100.00,95.90,4.48
100.00,96.08,4.50
100.00,95.64,4.52
100.00,95.28,4.54
100.00,95.55,4.56
100.00,95.79,4.58
100.00,95.99,4.60
100.00,96.16,4.62
100.00,95.71,4.64
100.00,95.33,4.66
100.00,95.60,4.68
100.00,95.83,4.70
100.00,96.02,4.72
100.00,96.19,4.74
100.00,96.33,4.76
100.00,96.45,4.78
100.00,95.96,4.80
100.00,95.55,4.82
100.00,95.78,4.84
100.00,95.98,4.86
100.00,96.15,4.88
100.00,96.30,4.90
100.00,96.43,4.92
100.00,95.94,4.94
100.00,95.53,4.96
100.00,95.77,4.98
100.00,96.56,5.00
100.00,96.65,5.02
100.00,96.13,5.04
100.00,96.28,5.06
100.00,96.41,5.08
100.00,96.52,5.10
100.00,96.02,5.12
100.00,95.60,5.14
100.00,95.83,5.16
100.00,96.02,5.18
100.00,96.19,5.20
100.00,96.33,5.22
100.00,96.45,5.23
100.00,96.55,5.25
100.00,96.64,5.27
100.00,96.72,5.29
100.00,96.78,5.31
100.00,96.24,5.33
100.00,95.79,5.35
100.00,95.99,5.37
100.00,96.75,5.39
100.00,97.40,5.41
100.00,96.78,5.43
100.00,96.24,5.45
100.00,96.37,5.47
100.00,96.49,5.49
100.00,96.59,5.51
100.00,96.67,5.53
100.00,96.74,5.55
100.00,96.80,5.57
100.00,96.85,5.59
100.00,96.90,5.61
100.00,96.94,5.63
100.00,96.97,5.65
100.00,97.00,5.67
100.00,97.02,5.69
100.00,97.04,5.71
100.00,97.06,5.73
100.00,97.07,5.75
100.00,97.09,5.77
100.00,97.10,5.79
100.00,97.11,5.81
100.00,97.11,5.83
100.00,96.53,5.85
100.00,96.03,5.87
100.00,96.78,5.89
100.00,97.43,5.91
100.00,97.39,5.93
100.00,97.36,5.95
100.00,97.33,5.97
100.00,97.30,5.99
100.00,97.28,6.01
100.00,96.67,6.03
100.00,96.74,6.04
100.00,97.39,6.06
100.00,97.36,6.08
100.00,97.33,6.10
100.00,96.72,6.12
100.00,96.19,6.14
100.00,96.92,6.16
100.00,97.55,6.18
100.00,97.49,6.20
100.00,97.44,6.22
100.00,96.81,6.24
100.00,96.27,6.26
100.00,96.40,6.28
100.00,97.10,6.30
100.00,97.70,6.32
100.00,97.62,6.34
100.00,97.55,6.36
100.00,97.50,6.38
100.00,97.45,6.40
100.00,97.41,6.42
100.00,97.37,6.44
100.00,97.34,6.46
100.00,97.31,6.48
100.00,97.29,6.50
100.00,97.27,6.52
100.00,97.25,6.54
100.00,97.24,6.56
100.00,97.23,6.58
100.00,97.22,6.60
100.00,97.80,6.62
100.00,98.30,6.64
100.00,97.54,6.66
100.00,96.89,6.68
100.00,97.52,6.70
100.00,98.06,6.72
100.00,97.93,6.74
100.00,97.82,6.76
100.00,97.72,6.78
100.00,97.64,6.80
100.00,97.57,6.82
100.00,97.51,6.84
100.00,97.46,6.86
100.00,97.41,6.87
100.00,97.38,6.89
100.00,97.94,6.91
100.00,98.41,6.93
100.00,97.64,6.95
100.00,96.98,6.97
100.00,97.60,6.99
100.00,98.12,7.01
100.00,97.98,7.03
100.00,97.86,7.05
100.00,97.76,7.07
100.00,97.67,7.09
100.00,97.59,7.11
100.00,97.53,7.13
100.00,97.48,7.15
100.00,97.43,7.17
100.00,97.98,7.19
100.00,98.45,7.21
100.00,98.26,7.23
100.00,97.51,7.25
100.00,97.46,7.27
100.00,98.01,7.29
100.00,97.88,7.31
100.00,97.78,7.33
100.00,97.69,7.35
100.00,97.61,7.37
100.00,98.14,7.39
100.00,98.58,7.41
100.00,97.78,7.43
100.00,97.10,7.45
100.00,97.70,7.47
100.00,98.21,7.49
100.00,98.06,7.51
100.00,97.93,7.53
100.00,97.82,7.55
100.00,97.72,7.57
100.00,97.64,7.59
100.00,97.57,7.61
100.00,98.10,7.63
100.00,98.55,7.65
100.00,98.35,7.67
100.00,98.18,7.69
100.00,98.03,7.70
100.00,97.90,7.72
100.00,97.79,7.74
100.00,97.70,7.76
100.00,98.21,7.78
100.00,98.65,7.80
100.00,98.43,7.82
100.00,98.24,7.84
100.00,98.09,7.86
100.00,97.95,7.88
100.00,97.84,7.90
100.00,98.32,7.92
100.00,98.74,7.94
100.00,98.52,7.96
100.00,98.32,7.98
100.00,98.15,8.00
100.00,98.01,8.02
100.00,97.88,8.04
100.00,97.78,8.06
100.00,98.28,8.08
100.00,98.70,8.10
100.00,98.48,8.12
100.00,98.29,8.14
100.00,98.12,8.16
100.00,97.98,8.18
100.00,97.86,8.20
100.00,97.76,8.22
100.00,98.26,8.24
100.00,98.69,8.26
100.00,98.47,8.28
100.00,98.28,8.30
100.00,98.11,8.32
100.00,98.57,8.34
100.00,98.95,8.36
100.00,98.69,8.38
100.00,98.47,8.40
100.00,98.28,8.42
100.00,98.11,8.44
100.00,97.97,8.46
100.00,98.45,8.48
100.00,98.85,8.50
100.00,98.60,8.51
100.00,98.39,8.53
100.00,98.21,8.55
100.00,98.06,8.57
100.00,98.52,8.59
100.00,98.91,8.61
100.00,98.65,8.63
100.00,98.44,8.65
100.00,98.25,8.67
100.00,98.68,8.69
100.00,99.05,8.71
100.00,98.77,8.73
100.00,98.54,8.75
100.00,98.34,8.77
100.00,98.16,8.79
100.00,98.61,8.81
100.00,98.99,8.83
100.00,98.72,8.85
100.00,98.49,8.87
100.00,98.30,8.89
100.00,98.72,8.91
100.00,99.09,8.93
100.00,98.80,8.95
100.00,98.56,8.97
100.00,98.36,8.99
100.00,98.18,9.01
100.00,98.63,9.03
100.00,99.00,9.05
100.00,98.73,9.07
100.00,98.50,9.09
100.00,98.31,9.11
100.00,98.73,9.13
100.00,99.09,9.15
100.00,98.81,9.17
100.00,98.57,9.19
100.00,98.36,9.21
100.00,98.19,9.23
100.00,98.63,9.25
100.00,99.01,9.27
100.00,98.74,9.29
100.00,98.51,9.31
100.00,98.90,9.33
100.00,99.24,9.34
100.00,98.93,9.36
100.00,98.67,9.38
100.00,98.45,9.40
100.00,98.86,9.42
100.00,99.20,9.44
100.00,98.90,9.46
100.00,98.65,9.48
100.00,98.43,9.50
100.00,98.24,9.52
100.00,98.68,9.54
100.00,99.05,9.56
100.00,98.77,9.58
100.00,98.54,9.60
100.00,98.92,9.62
100.00,99.26,9.64
100.00,98.95,9.66
100.00,98.69,9.68
100.00,98.47,9.70
100.00,98.87,9.72
100.00,99.21,9.74
100.00,98.91,9.76
100.00,98.65,9.78
100.00,99.03,9.80
100.00,99.34,9.82
100.00,99.03,9.84
100.00,98.75,9.86
100.00,98.52,9.88
100.00,98.32,9.90
100.00,98.74,9.92
100.00,99.10,9.94
100.00,99.41,9.96
100.00,99.67,9.98
100.00,99.30,10.00
100.00,98.63,10.02
100.00,98.27,10.04
100.00,98.53,10.06
100.00,98.74,10.08
100.00,98.92,10.10
100.00,99.08,10.12
100.00,99.21,10.14
100.00,99.33,10.16
100.00,98.86,10.18
100.00,98.46,10.20
100.00,98.69,10.23
100.00,99.44,10.25
100.00,99.52,10.27
100.00,99.03,10.29
100.00,99.17,10.31
100.00,99.29,10.33
100.00,98.83,10.35
100.00,98.44,10.37
100.00,98.67,10.39
100.00,98.86,10.41
100.00,99.03,10.43
100.00,99.16,10.45
100.00,99.29,10.48
100.00,99.39,10.50
100.00,98.92,10.52
100.00,98.51,10.54
100.00,98.73,10.56
100.00,98.91,10.58
100.00,99.07,10.60
100.00,99.21,10.62
100.00,99.32,10.64
100.00,99.42,10.66
100.00,98.94,10.68
100.00,98.53,10.70
100.00,98.74,10.72
100.00,99.49,10.75
100.00,99.56,10.77
100.00,99.06,10.79
100.00,99.20,10.81
100.00,99.32,10.83
100.00,99.41,10.85
100.00,98.93,10.87
100.00,98.53,10.89
100.00,98.74,10.91
100.00,98.93,10.93
100.00,99.08,10.95
100.00,99.22,10.97
100.00,99.33,11.00
100.00,99.43,11.02
100.00,99.51,11.04
100.00,99.58,11.06
100.00,99.08,11.08
100.00,98.65,11.10
100.00,98.85,11.12
100.00,99.01,11.14
100.00,99.16,11.16
100.00,99.28,11.18
100.00,99.38,11.20
100.00,99.47,11.22
100.00,99.55,11.24
100.00,99.05,11.27
100.00,98.63,11.29
100.00,98.83,11.31
100.00,99.56,11.33
100.00,100.18,11.35
100.00,99.81,11.37
100.00,98.93,11.39
100.00,98.52,11.41
100.00,99.30,11.43
100.00,99.96,11.45
100.00,99.40,11.47
100.00,98.93,11.50
100.00,99.08,11.52
100.00,99.22,11.54
100.00,99.33,11.56
100.00,99.43,11.58
100.00,99.51,11.60
100.00,99.58,11.62
100.00,99.08,11.64
100.00,98.65,11.66
100.00,99.41,11.68
100.00,100.05,11.70
100.00,99.70,11.73
100.00,99.39,11.75
100.00,98.92,11.77
100.00,99.08,11.79
100.00,99.77,11.81
100.00,99.24,11.83
100.00,98.79,11.85
100.00,98.97,11.87
100.00,99.12,11.89
100.00,99.24,11.91
100.00,99.35,11.93
100.00,99.45,11.95
100.00,99.53,11.98
100.00,99.59,12.00
100.00,99.65,12.02
100.00,99.70,12.04
100.00,99.75,12.06
100.00,99.22,12.08
100.00,98.77,12.10
100.00,98.95,12.12
100.00,99.10,12.14
100.00,99.79,12.16
100.00,99.82,12.18
100.00,99.29,12.20
100.00,99.39,12.22
100.00,99.48,12.25
100.00,99.55,12.27
100.00,99.62,12.29
100.00,99.11,12.31
100.00,98.68,12.33
100.00,99.43,12.35
100.00,100.07,12.37
100.00,99.71,12.39
100.00,99.41,12.41
100.00,99.49,12.43
100.00,99.00,12.45
100.00,98.59,12.48
100.00,99.35,12.50
100.00,100.01,12.52
100.00,99.66,12.54
100.00,99.36,12.56
100.00,99.45,12.58
100.00,99.53,12.60
100.00,99.60,12.62
100.00,99.09,12.64
100.00,98.66,12.66
100.00,99.42,12.68
100.00,100.06,12.71
100.00,99.71,12.73
100.00,99.40,12.75
100.00,99.49,12.77
100.00,99.56,12.79
100.00,99.62,12.81
100.00,99.12,12.83
100.00,98.68,12.85
100.00,99.44,12.87
100.00,100.08,12.89
100.00,99.72,12.92
100.00,99.41,12.94
100.00,99.50,12.96
100.00,99.57,12.98
100.00,99.63,13.00
100.00,99.68,13.02
100.00,99.17,13.04
100.00,98.73,13.06
100.00,99.47,13.08
100.00,100.11,13.10
100.00,99.75,13.12
100.00,99.43,13.15
100.00,99.51,13.17
100.00,99.58,13.19
100.00,99.64,13.21
100.00,99.70,13.23
100.00,99.18,13.25
100.00,98.74,13.27
100.00,99.48,13.29
100.00,100.12,13.31
100.00,99.75,13.33
100.00,99.44,13.35
100.00,99.52,13.37
100.00,99.59,13.40
100.00,99.65,13.42
100.00,99.14,13.44
100.00,99.26,13.46
100.00,99.93,13.48
100.00,99.94,13.50
100.00,99.39,13.52
100.00,98.91,13.54
100.00,99.63,13.56
100.00,100.24,13.58
100.00,99.86,13.60
100.00,99.53,13.63
100.00,99.60,13.65
100.00,99.66,13.67
100.00,99.15,13.69
100.00,99.27,13.71
100.00,99.94,13.73
100.00,99.94,13.75
100.00,99.39,13.77
100.00,98.92,13.79
100.00,99.64,13.81
100.00,100.25,13.83
100.00,99.86,13.86
100.00,99.54,13.88
100.00,99.60,13.90
100.00,99.66,13.92
100.00,99.71,13.94
100.00,99.75,13.96
100.00,99.78,13.98
100.00,99.82,14.00
100.00,99.28,14.02
100.00,98.82,14.04
100.00,99.55,14.06
100.00,100.18,14.08
100.00,99.81,14.11
100.00,99.48,14.13
100.00,99.56,14.15
100.00,99.62,14.17
100.00,99.68,14.19
100.00,99.72,14.21
100.00,99.76,14.23
100.00,99.80,14.25
100.00,99.83,14.27
100.00,99.85,14.29
100.00,99.31,14.31
100.00,98.85,14.33
100.00,99.58,14.36
100.00,100.20,14.38
100.00,99.82,14.40
100.00,99.50,14.42
100.00,99.57,14.44
100.00,99.63,14.46
100.00,99.68,14.48
100.00,99.73,14.50
100.00,99.77,14.52
100.00,99.80,14.54
100.00,99.83,14.56
100.00,99.85,14.59
100.00,99.87,14.61
100.00,99.89,14.63
100.00,99.34,14.65
100.00,98.88,14.67
100.00,99.60,14.69
100.00,100.22,14.71
100.00,99.84,14.73
100.00,99.51,14.75
100.00,99.58,14.77
100.00,99.64,14.79
100.00,99.69,14.82
100.00,99.74,14.84
100.00,99.78,14.86
100.00,99.81,14.88
100.00,99.83,14.90
100.00,99.86,14.92
100.00,99.88,14.94
100.00,99.89,14.96
100.00,99.91,14.98
100.00,99.36,15.00
100.00,98.89,15.02
100.00,99.61,15.04
100.00,100.23,15.06
100.00,99.85,15.09
100.00,99.52,15.11
100.00,99.59,15.13
100.00,99.65,15.15
100.00,99.70,15.17
100.00,99.74,15.19
100.00,99.78,15.21
100.00,99.81,15.23
100.00,99.84,15.25
100.00,99.86,15.27
100.00,99.88,15.29
100.00,99.90,15.32
100.00,99.91,15.34
100.00,99.92,15.36
100.00,99.93,15.38
100.00,99.94,15.40
100.00,99.39,15.42
100.00,98.91,15.44
100.00,99.63,15.46
100.00,100.25,15.48
100.00,99.86,15.50
100.00,99.53,15.52
100.00,99.60,15.55
100.00,99.66,15.57
100.00,99.71,15.59
100.00,99.75,15.61
100.00,99.79,15.63
100.00,99.81,15.65
100.00,99.84,15.67
100.00,99.86,15.69
100.00,99.88,15.71
100.00,99.90,15.73
100.00,99.91,15.75
100.00,99.92,15.77
100.00,99.93,15.79
100.00,99.94,15.82
100.00,99.95,15.84
100.00,99.96,15.86
100.00,99.96,15.88
100.00,99.40,15.90
100.00,98.93,15.92
100.00,99.64,15.94
100.00,100.26,15.96
100.00,99.87,15.98
100.00,99.54,16.00
100.00,99.61,16.02
100.00,99.66,16.05
100.00,99.71,16.07
100.00,99.75,16.09
100.00,99.79,16.11
100.00,99.82,16.13
100.00,99.84,16.15
100.00,99.87,16.17
100.00,99.88,16.19
100.00,99.90,16.21
100.00,99.91,16.23
100.00,99.92,16.25
100.00,99.93,16.27
100.00,99.94,16.30
100.00,99.95,16.32
100.00,99.96,16.34
100.00,99.96,16.36
100.00,99.97,16.38
100.00,99.97,16.40
100.00,99.41,16.42
100.00,99.50,16.44
100.00,100.13,16.46
100.00,99.76,16.48
100.00,99.45,16.50
100.00,100.09,16.53
100.00,100.29,16.55
100.00,99.55,16.57
100.00,99.27,16.59
100.00,99.93,16.61
100.00,100.50,16.63
100.00,100.08,16.65
100.00,99.38,16.67
100.00,99.12,16.70
100.00,99.81,16.72
100.00,100.40,16.74
100.00,99.99,16.76
100.00,99.64,16.78
100.00,99.69,16.80
100.00,99.74,16.82
100.00,99.77,16.84
100.00,99.81,16.86
100.00,99.83,16.88
100.00,99.86,16.90
100.00,99.88,16.93
100.00,99.89,16.95
100.00,99.34,16.97
100.00,99.44,16.99
100.00,100.08,17.01
100.00,99.72,17.03
100.00,99.41,17.05
100.00,99.50,17.07
100.00,99.57,17.09
100.00,99.63,17.11
100.00,100.25,17.13
100.00,100.42,17.16
100.00,99.67,17.18
100.00,99.37,17.20
100.00,99.46,17.22
100.00,100.10,17.24
100.00,100.30,17.26
100.00,100.09,17.28
100.00,99.92,17.31
100.00,99.58,17.33
100.00,99.64,17.35
100.00,99.69,17.37
100.00,99.74,17.39
100.00,99.77,17.41
100.00,99.81,17.43
100.00,99.83,17.45
100.00,99.86,17.47
100.00,99.88,17.49
100.00,99.89,17.51
100.00,99.91,17.53
100.00,99.92,17.56
100.00,99.93,17.58
100.00,99.94,17.60
100.00,99.95,17.62
100.00,99.95,17.64
100.00,99.96,17.66
100.00,99.40,17.68
100.00,99.49,17.70
100.00,100.12,17.72
100.00,99.76,17.74
100.00,99.44,17.76
100.00,99.52,17.79
100.00,100.15,17.81
100.00,100.34,17.83
100.00,100.13,17.85
100.00,99.95,17.87
100.00,99.61,17.89
100.00,99.67,17.91
100.00,99.71,17.93
100.00,99.76,17.96
100.00,99.79,17.98
100.00,99.82,18.00
100.00,99.84,18.02
100.00,99.87,18.04
100.00,99.88,18.06
100.00,99.90,18.08
100.00,99.91,18.10
100.00,99.92,18.12
100.00,99.94,18.14
100.00,99.94,18.16
100.00,99.95,18.18
100.00,99.96,18.20
100.00,99.96,18.23
100.00,99.97,18.25
100.00,99.97,18.27
100.00,99.97,18.29
100.00,99.98,18.31
100.00,99.98,18.33
100.00,99.98,18.35
100.00,99.98,18.37
100.00,99.98,18.39
100.00,99.99,18.41
100.00,99.99,18.43
100.00,99.99,18.45
100.00,99.43,18.48
100.00,99.51,18.50
100.00,100.14,18.52
100.00,99.77,18.54
100.00,99.46,18.56
100.00,99.53,18.58
100.00,99.60,18.60
100.00,99.66,18.62
100.00,99.71,18.64
100.00,100.31,18.66
100.00,100.48,18.69
100.00,100.25,18.71
100.00,100.05,18.73
100.00,99.88,18.75
100.00,100.08,18.77
100.00,99.72,18.79
100.00,99.41,18.81
100.00,99.50,18.83
100.00,100.13,18.86
100.00,100.33,18.88
100.00,100.11,18.90
100.00,99.94,18.92
100.00,99.60,18.94
100.00,99.66,18.96
100.00,99.71,18.98
100.00,99.75,19.00
100.00,99.78,19.03
100.00,99.81,19.05
100.00,99.84,19.07
100.00,99.86,19.09
100.00,99.88,19.11
100.00,99.90,19.13
100.00,99.91,19.15
100.00,99.92,19.17
100.00,99.93,19.19
100.00,99.94,19.21
100.00,99.95,19.23
100.00,99.96,19.25
100.00,99.96,19.27
100.00,99.97,19.30
100.00,99.97,19.32
100.00,99.97,19.34
100.00,99.98,19.36
100.00,99.98,19.38
100.00,99.98,19.40
100.00,99.98,19.42
100.00,99.98,19.44
100.00,99.99,19.46
100.00,99.98,19.48
100.00,99.98,19.50
100.00,99.99,19.52
100.00,99.99,19.55
100.00,99.99,19.57
100.00,99.99,19.59
100.00,99.99,19.61
100.00,99.99,19.63
100.00,99.99,19.65
100.00,99.99,19.67
100.00,99.99,19.69
100.00,99.99,19.71
100.00,99.99,19.73
100.00,99.99,19.75
100.00,99.99,19.77
100.00,99.99,19.79
100.00,99.99,19.82
100.00,99.99,19.84
100.00,99.99,19.86
100.00,99.99,19.88
100.00,99.99,19.90
100.00,99.99,19.92
100.00,99.99,19.94
100.00,99.99,19.96
100.00,99.99,19.98
100.00,99.99,20.00
100.00,99.99,20.02
100.00,99.99,20.04
100.00,99.99,20.07
100.00,99.99,20.09
100.00,99.99,20.11
100.00,99.99,20.13
100.00,99.99,20.15
100.00,99.99,20.17
100.00,99.99,20.19
100.00,99.99,20.21
100.00,99.99,20.23
100.00,99.99,20.25
100.00,99.99,20.27
100.00,99.99,20.29
100.00,99.99,20.31
100.00,99.99,20.34
100.00,99.99,20.36
100.00,99.99,20.38
100.00,99.99,20.40
100.00,99.99,20.42
100.00,99.99,20.44
100.00,99.99,20.46
100.00,99.99,20.48
100.00,99.99,20.50
100.00,99.99,20.52
100.00,99.99,20.54
100.00,99.99,20.56
100.00,99.99,20.59
100.00,99.99,20.61
100.00,99.99,20.63
100.00,99.99,20.65
100.00,99.99,20.67
100.00,99.99,20.69
100.00,99.99,20.71
100.00,99.99,20.73
100.00,99.99,20.75
100.00,99.99,20.77
100.00,99.99,20.79
100.00,99.99,20.81
100.00,99.99,20.83
100.00,99.99,20.86
100.00,99.99,20.88
100.00,99.99,20.90
100.00,99.99,20.92
100.00,99.99,20.94
100.00,99.99,20.96
100.00,99.99,20.98
100.00,99.99,21.00
100.00,99.99,21.02
100.00,99.99,21.04
100.00,99.99,21.06
100.00,99.99,21.08
100.00,99.99,21.11
100.00,99.99,21.13
100.00,99.99,21.15
100.00,99.99,21.17
100.00,99.99,21.19
100.00,99.99,21.21
100.00,99.99,21.23
100.00,99.99,21.25
100.00,99.99,21.27
100.00,99.99,21.29
100.00,99.99,21.31
100.00,99.99,21.33
100.00,99.99,21.35
100.00,99.99,21.38
100.00,99.99,21.40
100.00,99.99,21.42
100.00,99.99,21.44
100.00,99.99,21.46
100.00,99.99,21.48
100.00,99.99,21.50
100.00,99.99,21.52
100.00,99.99,21.54
100.00,99.99,21.56
100.00,99.99,21.58
100.00,99.99,21.60
100.00,99.99,21.63
100.00,99.99,21.65
100.00,99.99,21.67
100.00,99.99,21.69
100.00,99.99,21.71
100.00,99.99,21.73
100.00,99.99,21.75
100.00,99.99,21.77
100.00,99.99,21.79
100.00,99.99,21.81
100.00,99.99,21.83
100.00,99.99,21.85
100.00,99.99,21.87
100.00,99.99,21.90
100.00,99.99,21.92
100.00,99.99,21.94
100.00,99.99,21.96
100.00,99.99,21.98
100.00,99.99,22.00
100.00,99.99,22.02
100.00,99.99,22.04
100.00,99.99,22.06
100.00,99.99,22.08
100.00,99.99,22.10
100.00,99.99,22.12
100.00,99.99,22.15
100.00,99.99,22.17
100.00,99.99,22.19
100.00,99.99,22.21
100.00,99.99,22.23
100.00,99.99,22.25
100.00,99.99,22.27
100.00,99.43,22.29
100.00,99.51,22.31
100.00,100.15,22.33
100.00,99.78,22.35
100.00,99.46,22.38
100.00,99.54,22.40
100.00,100.17,22.42
100.00,100.35,22.44
100.00,100.14,22.46
100.00,99.96,22.48
100.00,99.62,22.50
100.00,99.67,22.52
100.00,99.72,22.54
100.00,100.32,22.57
100.00,100.49,22.59
100.00,100.25,22.61
100.00,100.06,22.63
100.00,99.89,22.65
100.00,100.09,22.67
100.00,99.73,22.70
100.00,99.42,22.72
100.00,100.06,22.74
100.00,100.27,22.76
100.00,100.07,22.78
100.00,99.90,22.80
100.00,99.56,22.82
100.00,100.19,22.84
100.00,100.37,22.87
100.00,100.16,22.89
100.00,99.97,22.91
100.00,99.63,22.93
100.00,99.68,22.95
100.00,99.73,22.97
100.00,100.33,22.99
100.00,100.49,23.01
100.00,100.25,23.04
100.00,100.06,23.06
100.00,99.89,23.08
100.00,100.09,23.10
100.00,99.73,23.12
100.00,99.42,23.14
100.00,99.50,23.16
100.00,100.14,23.19
100.00,100.33,23.21
100.00,100.12,23.23
100.00,99.94,23.25
100.00,99.60,23.27
100.00,100.22,23.29
100.00,100.40,23.31
100.00,100.18,23.34
100.00,99.99,23.36
100.00,99.65,23.38
100.00,99.69,23.40
100.00,99.74,23.42
100.00,99.78,23.44
100.00,100.37,23.46
100.00,100.53,23.48
100.00,99.76,23.51
100.00,99.44,23.53
100.00,100.08,23.55
100.00,100.28,23.57
100.00,100.08,23.59
100.00,100.44,23.61
100.00,100.22,23.63
100.00,100.02,23.66
100.00,99.86,23.68
100.00,99.53,23.70
100.00,99.60,23.72
100.00,100.22,23.74
100.00,100.40,23.76
100.00,100.18,23.78
100.00,99.99,23.81
100.00,99.64,23.83
100.00,99.70,23.85
100.00,99.74,23.87
100.00,100.34,23.89
100.00,100.50,23.91
100.00,100.27,23.93
100.00,100.07,23.95
100.00,99.89,23.98
100.00,100.10,24.00
100.00,99.73,24.02
100.00,99.42,24.04
100.00,99.51,24.06
100.00,100.14,24.08
100.00,100.33,24.10
100.00,100.12,24.13
100.00,99.94,24.15
100.00,99.60,24.17
100.00,100.22,24.19
100.00,100.40,24.21
100.00,100.18,24.23
100.00,99.99,24.25
100.00,99.65,24.28
100.00,99.70,24.30
100.00,99.74,24.32
100.00,99.78,24.34
100.00,100.37,24.36
100.00,100.53,24.38
100.00,100.29,24.40
100.00,100.09,24.42
100.00,99.91,24.45
100.00,100.11,24.47
100.00,99.75,24.49
100.00,99.43,24.51
100.00,99.52,24.53
100.00,100.15,24.55
100.00,100.34,24.57
100.00,100.13,24.59
100.00,99.95,24.62
100.00,99.61,24.64
100.00,100.22,24.66
100.00,100.40,24.68
100.00,100.18,24.70
100.00,99.99,24.72
100.00,99.65,24.74
100.00,99.70,24.76
100.00,99.74,24.79
100.00,99.78,24.81
100.00,100.37,24.83
100.00,100.53,24.85
100.00,100.29,24.87
100.00,100.09,24.89
100.00,99.91,24.91
100.00,100.11,24.94
100.00,99.74,24.96
100.00,99.43,24.98
100.00,100.08,25.00
100.00,100.28,25.02
100.00,100.08,25.04
100.00,99.90,25.06
100.00,99.57,25.09
100.00,99.63,25.11
100.00,100.25,25.13
100.00,100.42,25.15
100.00,100.20,25.17
100.00,100.01,25.19
100.00,99.85,25.21
100.00,100.05,25.24
100.00,99.70,25.26
100.00,99.39,25.28
100.00,99.48,25.30
100.00,100.12,25.32
100.00,100.31,25.34
100.00,100.11,25.36
100.00,99.93,25.38
100.00,99.59,25.41
100.00,100.21,25.43
100.00,100.39,25.45
100.00,100.17,25.47
100.00,99.99,25.49
100.00,99.64,25.51
100.00,99.69,25.53
100.00,99.74,25.55
100.00,99.77,25.58
100.00,100.36,25.60
100.00,100.52,25.62
100.00,99.75,25.64
100.00,99.44,25.66
100.00,100.08,25.68
100.00,100.28,25.70
100.00,100.08,25.72
100.00,99.91,25.75
100.00,99.57,25.77
100.00,100.20,25.79
100.00,100.38,25.81
100.00,100.16,25.83
100.00,99.98,25.85
100.00,99.63,25.87
100.00,99.68,25.90
100.00,99.73,25.92
100.00,99.77,25.94
100.00,100.36,25.96
100.00,100.52,25.98
100.00,100.28,26.00
100.00,100.08,26.02
100.00,99.91,26.05
100.00,100.11,26.07
100.00,99.74,26.09
100.00,99.43,26.11
100.00,100.08,26.13
100.00,100.28,26.15
100.00,100.08,26.17
100.00,99.90,26.19
100.00,99.57,26.22
100.00,100.19,26.24
100.00,100.38,26.26
100.00,100.16,26.28
100.00,99.98,26.30
100.00,99.63,26.32
100.00,99.68,26.34
100.00,99.73,26.36
100.00,100.33,26.39
100.00,100.49,26.41
100.00,100.26,26.43
100.00,100.06,26.45
100.00,99.89,26.47
100.00,100.09,26.49
100.00,99.73,26.52
100.00,99.42,26.54
100.00,99.51,26.56
100.00,100.14,26.58
100.00,100.33,26.60
100.00,100.12,26.62
100.00,99.94,26.64
100.00,100.16,26.66
100.00,100.35,26.69
100.00,100.14,26.71
100.00,99.96,26.73
100.00,99.62,26.75
100.00,99.67,26.77
100.00,99.72,26.79
100.00,99.76,26.81
100.00,100.35,26.83
100.00,100.51,26.86
100.00,100.28,26.88
100.00,100.07,26.90
100.00,99.90,26.92
100.00,100.10,26.94
100.00,99.74,26.96
100.00,99.43,26.98
100.00,99.51,27.01
100.00,100.14,27.03
100.00,100.34,27.05
100.00,100.12,27.07
100.00,99.95,27.09
100.00,99.60,27.11
100.00,100.22,27.13
100.00,100.40,27.15
100.00,100.18,27.18
100.00,99.99,27.20
100.00,99.65,27.22
100.00,99.70,27.24
100.00,99.74,27.26
100.00,100.34,27.28
100.00,100.50,27.30
100.00,100.27,27.33
100.00,100.07,27.35
100.00,99.90,27.37
100.00,100.10,27.39
100.00,99.73,27.41
100.00,99.42,27.43
100.00,100.07,27.45
100.00,100.27,27.48
100.00,100.07,27.50
100.00,99.90,27.52
100.00,99.57,27.54
100.00,100.19,27.56
100.00,100.37,27.58
100.00,100.16,27.60
100.00,99.97,27.63
100.00,99.63,27.65
100.00,99.68,27.67
100.00,100.29,27.69
100.00,100.46,27.71
100.00,100.23,27.73
100.00,100.03,27.75
100.00,99.87,27.78
100.00,100.07,27.80
100.00,99.71,27.82
100.00,99.41,27.84
100.00,100.06,27.86
100.00,100.26,27.88
100.00,100.06,27.90
100.00,99.89,27.93
100.00,99.56,27.95
100.00,99.62,27.97
100.00,100.24,27.99
100.00,100.42,28.01
100.00,100.19,28.03
100.00,100.00,28.05
100.00,99.84,28.08
100.00,100.05,28.10
100.00,100.23,28.12
100.00,100.03,28.14
100.00,99.87,28.16
100.00,100.07,28.18
100.00,100.25,28.20
100.00,100.05,28.23
100.00,99.88,28.25
100.00,100.09,28.27
100.00,100.26,28.29
100.00,100.06,28.31
100.00,99.89,28.33
100.00,100.09,28.36
100.00,100.26,28.38
100.00,100.06,28.40
100.00,99.89,28.42
100.00,100.10,28.44
100.00,99.73,28.46
100.00,99.98,28.48
100.00,100.54,28.50
100.00,100.12,28.53
100.00,99.94,28.55
100.00,100.13,28.57
100.00,99.76,28.59
100.00,99.45,28.61
100.00,100.09,28.63
100.00,100.29,28.65
100.00,100.09,28.68
100.00,99.91,28.70
100.00,99.58,28.72
100.00,99.64,28.74
100.00,100.25,28.76
100.00,100.43,28.78
100.00,100.20,28.80
100.00,100.01,28.83
100.00,99.85,28.85
100.00,100.06,28.87
100.00,100.23,28.89
100.00,100.04,28.91
100.00,99.87,28.93
100.00,100.08,28.96
100.00,99.72,28.98
100.00,99.41,29.00
100.00,100.06,29.02
100.00,100.26,29.04
100.00,100.06,29.06
100.00,100.43,29.08
100.00,100.20,29.11
100.00,100.01,29.13
100.00,99.85,29.15
100.00,99.52,29.17
100.00,100.15,29.19
100.00,100.34,29.21
100.00,100.13,29.23
100.00,99.95,29.26
100.00,100.16,29.28
100.00,100.36,29.30
100.00,100.15,29.32
100.00,99.96,29.34
100.00,99.62,29.36
100.00,99.67,29.38
100.00,100.28,29.41
100.00,100.45,29.43
100.00,100.23,29.45
100.00,100.03,29.47
100.00,99.87,29.49
100.00,100.07,29.51
100.00,100.25,29.54
100.00,100.05,29.56
100.00,99.88,29.58
100.00,100.08,29.60
100.00,99.72,29.62
100.00,99.97,29.64
100.00,100.54,29.66
100.00,100.11,29.69
100.00,99.94,29.71
100.00,100.13,29.73
100.00,99.76,29.75
100.00,99.45,29.77
100.00,100.09,29.79
100.00,100.29,29.81
100.00,100.09,29.83
100.00,100.45,29.86
100.00,100.22,29.88
100.00,100.03,29.90
100.00,99.86,29.92
100.00,99.53,29.94
100.00,100.16,29.96
100.00,100.35,29.99
100.00,100.14,30.01
100.00,99.96,30.03
100.00,99.62,30.05
100.00,99.67,30.07
100.00,100.28,30.09
100.00,100.45,30.11
100.00,100.22,30.14
100.00,100.03,30.16
100.00,99.86,30.18
100.00,100.07,30.20
100.00,100.25,30.22
100.00,100.05,30.24
100.00,99.88,30.27
100.00,100.08,30.29
100.00,100.26,30.31
100.00,100.06,30.33
100.00,99.89,30.35
100.00,100.09,30.37
100.00,99.73,30.39
100.00,99.42,30.42
100.00,99.50,30.44
100.00,99.57,30.46
100.00,100.20,30.48
100.00,100.38,30.50
100.00,100.16,30.52
100.00,99.98,30.54
100.00,99.63,30.56
100.00,99.68,30.58
100.00,99.73,30.61
100.00,100.33,30.63
100.00,100.50,30.65
100.00,100.26,30.67
100.00,100.06,30.69
100.00,99.89,30.71
100.00,100.09,30.73
100.00,100.27,30.76
100.00,100.07,30.78
100.00,99.89,30.80
100.00,100.10,30.82
100.00,99.73,30.84
100.00,99.98,30.86
100.00,100.54,30.88
100.00,100.12,30.91
100.00,99.94,30.93
100.00,100.14,30.95
100.00,99.77,30.97
100.00,99.45,30.99
100.00,100.09,31.01
100.00,100.29,31.03
100.00,100.09,31.06
100.00,100.45,31.08
100.00,100.22,31.10
100.00,100.03,31.12
100.00,99.86,31.14
100.00,99.53,31.16
100.00,99.60,31.18
100.00,100.22,31.21
100.00,100.93,31.23
100.00,100.63,31.25
100.00,99.85,31.27
100.00,99.52,31.29
100.00,99.59,31.31
100.00,99.65,31.33
100.00,100.26,31.35
100.00,100.44,31.38
100.00,100.21,31.40
100.00,100.02,31.42
100.00,99.85,31.44
100.00,100.06,31.46
100.00,99.70,31.48
100.00,99.96,31.51
100.00,100.52,31.53
100.00,100.10,31.55
100.00,99.93,31.57
100.00,100.12,31.59
100.00,99.75,31.61
100.00,99.44,31.63
100.00,100.09,31.65
100.00,100.29,31.68
100.00,100.08,31.70
100.00,100.44,31.72
100.00,100.21,31.74
100.00,100.02,31.76
100.00,99.86,31.78
100.00,99.53,31.81
100.00,100.16,31.83
100.00,100.35,31.85
100.00,100.14,31.87
100.00,99.96,31.89
100.00,99.61,31.91
100.00,99.67,31.93
100.00,99.72,31.95
100.00,99.76,31.98
100.00,100.35,32.00
100.00,100.51,32.02
100.00,99.74,32.04
100.00,99.43,32.06
100.00,99.51,32.08
100.00,100.14,32.10
100.00,100.34,32.12
100.00,100.13,32.15
100.00,99.95,32.17
100.00,99.61,32.19
100.00,100.22,32.21
100.00,100.40,32.23
100.00,100.18,32.25
100.00,99.99,32.27
100.00,99.65,32.30
100.00,99.70,32.32
100.00,99.74,32.34
100.00,100.33,32.36
100.00,100.50,32.38
100.00,100.27,32.40
100.00,100.07,32.42
100.00,99.90,32.45
100.00,100.10,32.47
100.00,99.73,32.49
100.00,99.42,32.51
100.00,100.07,32.53
100.00,100.27,32.55
100.00,100.07,32.57
100.00,99.90,32.60
100.00,100.12,32.62
100.00,100.31,32.64
100.00,100.11,32.66
100.00,99.93,32.68
100.00,99.59,32.70
100.00,99.65,32.72
100.00,100.27,32.74
100.00,100.44,32.77
100.00,100.21,32.79
100.00,100.02,32.81
100.00,99.86,32.83
100.00,100.06,32.85
100.00,100.24,32.87
100.00,100.04,32.90
100.00,99.87,32.92
100.00,100.08,32.94
100.00,99.72,32.96
100.00,99.41,32.98
100.00,100.06,33.00
100.00,100.26,33.02
100.00,100.06,33.05
100.00,100.42,33.07
100.00,100.20,33.09
100.00,100.01,33.11
100.00,99.85,33.13
100.00,99.52,33.15
100.00,99.59,33.17
100.00,100.21,33.20
100.00,100.39,33.22
100.00,100.17,33.24
100.00,99.99,33.26
100.00,99.64,33.28
100.00,99.69,33.30
100.00,100.30,33.32
100.00,100.47,33.34
100.00,100.24,33.37
100.00,100.04,33.39
100.00,99.87,33.41
100.00,100.08,33.43
100.00,100.25,33.45
100.00,100.05,33.47
100.00,99.88,33.50
100.00,100.09,33.52
100.00,99.72,33.54
100.00,99.98,33.56
100.00,100.54,33.58
100.00,100.12,33.60
100.00,99.94,33.62
100.00,100.13,33.65
100.00,99.76,33.67
100.00,99.45,33.69
100.00,99.53,33.71
100.00,100.16,33.73
100.00,100.35,33.75
100.00,100.14,33.77
100.00,99.95,33.80
100.00,99.61,33.82
100.00,99.67,33.84
100.00,100.28,33.86
100.00,100.45,33.88
100.00,100.22,33.90
100.00,100.03,33.92
100.00,99.86,33.95
100.00,100.07,33.97
100.00,100.24,33.99
100.00,100.05,34.01
100.00,99.88,34.03
100.00,100.08,34.05
100.00,99.72,34.07
100.00,99.98,34.09
100.00,100.54,34.12
100.00,100.11,34.14
100.00,99.93,34.16
100.00,100.13,34.18
100.00,99.76,34.20
100.00,100.01,34.22
100.00,100.22,34.24
100.00,100.03,34.27
100.00,99.86,34.29
100.00,99.53,34.31
100.00,99.60,34.33
100.00,100.22,34.35
100.00,100.40,34.37
100.00,100.18,34.39
100.00,99.99,34.42
100.00,99.64,34.44
100.00,99.69,34.46
100.00,99.74,34.48
100.00,99.78,34.50
100.00,99.81,34.52
100.00,99.83,34.54
100.00,99.86,34.56
100.00,99.88,34.58
100.00,99.89,34.60
100.00,99.91,34.62
100.00,99.92,34.64
100.00,99.93,34.67
100.00,99.94,34.69
100.00,99.95,34.71
100.00,99.95,34.73
100.00,99.96,34.75
100.00,99.96,34.77
100.00,99.97,34.79
100.00,99.97,34.81
100.00,99.98,34.83
100.00,99.98,34.85
100.00,99.98,34.87
100.00,99.98,34.89
100.00,99.98,34.92
100.00,99.99,34.94
100.00,99.99,34.96
100.00,99.99,34.98
100.00,99.99,35.00
100.00,99.99,35.02
100.00,99.99,35.04
100.00,100.55,35.06
100.00,100.68,35.08
100.00,99.89,35.10
100.00,99.56,35.13
100.00,99.62,35.15
100.00,100.24,35.17
100.00,100.41,35.19
100.00,100.19,35.21
100.00,100.00,35.23
100.00,99.84,35.25
100.00,100.05,35.28
100.00,99.69,35.30
100.00,99.39,35.32
100.00,100.04,35.34
100.00,100.25,35.36
100.00,100.05,35.38
100.00,99.88,35.40
100.00,99.55,35.42
100.00,100.18,35.45
100.00,100.36,35.47
100.00,100.15,35.49
100.00,99.96,35.51
100.00,99.62,35.53
100.00,99.67,35.55
100.00,100.28,35.57
100.00,100.46,35.60
100.00,100.23,35.62
100.00,100.03,35.64
100.00,99.87,35.66
100.00,100.07,35.68
100.00,99.71,35.70
100.00,99.97,35.72
100.00,100.53,35.75
100.00,100.11,35.77
100.00,99.93,35.79
100.00,99.56,35.81
100.00,99.63,35.83
100.00,100.24,35.85
100.00,99.86,35.87
100.00,99.53,35.89
100.00,100.16,35.91
100.00,100.35,35.94
100.00,100.14,35.96
100.00,99.95,35.98
100.00,99.61,36.00
100.00,99.67,36.02
100.00,99.72,36.04
100.00,100.32,36.06
100.00,100.48,36.09
100.00,100.25,36.11
100.00,100.05,36.13
100.00,99.88,36.15
100.00,100.09,36.17
100.00,99.72,36.19
100.00,99.42,36.21
100.00,100.06,36.24
100.00,100.27,36.26
100.00,100.07,36.28
100.00,100.43,36.30
100.00,100.21,36.32
100.00,100.01,36.34
100.00,99.85,36.37
100.00,99.52,36.39
100.00,99.59,36.41
100.00,100.21,36.43
100.00,100.39,36.45
100.00,100.17,36.47
100.00,99.99,36.49
100.00,99.64,36.51
100.00,99.69,36.54
100.00,100.30,36.56
100.00,100.46,36.58
100.00,100.24,36.60
100.00,100.04,36.62
100.00,99.87,36.64
100.00,100.08,36.66
100.00,100.25,36.69
100.00,100.05,36.71
100.00,99.89,36.73
100.00,100.09,36.75
100.00,99.73,36.77
100.00,99.42,36.79
100.00,100.06,36.81
100.00,100.27,36.84
100.00,100.07,36.86
100.00,100.43,36.88
100.00,100.20,36.90
100.00,100.01,36.92
100.00,99.85,36.95
100.00,99.52,36.97
100.00,100.15,36.99
100.00,100.34,37.01
100.00,100.13,37.03
100.00,99.95,37.05
100.00,99.61,37.07
100.00,99.67,37.09
100.00,100.28,37.11
100.00,100.45,37.14
100.00,100.22,37.16
100.00,100.03,37.18
100.00,99.86,37.20
100.00,100.07,37.22
100.00,100.24,37.24
100.00,100.05,37.27
100.00,99.88,37.29
100.00,100.08,37.31
100.00,100.26,37.33
100.00,100.06,37.35
100.00,99.89,37.37
100.00,100.09,37.40
100.00,100.26,37.42
100.00,100.06,37.44
100.00,99.89,37.46
100.00,100.09,37.48
100.00,99.73,37.50
100.00,99.42,37.52
100.00,100.07,37.55
100.00,100.27,37.57
100.00,100.07,37.59
100.00,100.43,37.61
100.00,100.21,37.63
100.00,100.02,37.65
100.00,99.85,37.68
100.00,99.52,37.70
100.00,99.59,37.72
100.00,100.21,37.74
100.00,100.40,37.76
100.00,100.18,37.78
100.00,99.99,37.80
100.00,99.64,37.83
100.00,99.69,37.85
100.00,100.30,37.87
100.00,100.47,37.89
100.00,100.24,37.91
100.00,100.04,37.93
100.00,99.87,37.95
100.00,100.08,37.98
100.00,100.25,38.00
100.00,100.05,38.02
100.00,99.89,38.04
100.00,100.09,38.06
100.00,100.26,38.08
100.00,100.06,38.11
100.00,99.89,38.13
100.00,100.09,38.15
100.00,99.73,38.17
100.00,99.42,38.19
100.00,100.06,38.21
100.00,100.27,38.23
100.00,100.07,38.25
100.00,100.43,38.28
100.00,100.21,38.30
100.00,100.02,38.32
100.00,99.85,38.34
100.00,99.52,38.36
100.00,99.59,38.38
100.00,100.21,38.40
100.00,100.40,38.43
100.00,100.18,38.45
100.00,99.99,38.47
100.00,99.64,38.49
100.00,99.69,38.51
100.00,100.30,38.53
100.00,100.47,38.55
100.00,100.24,38.58
100.00,100.04,38.60
100.00,99.87,38.62
100.00,100.08,38.64
100.00,100.25,38.66
100.00,100.05,38.68
100.00,99.89,38.71
100.00,100.09,38.73
100.00,100.26,38.75
100.00,100.06,38.77
100.00,99.89,38.79
100.00,100.09,38.81
100.00,99.73,38.84
100.00,99.42,38.86
100.00,100.07,38.88
100.00,100.27,38.90
100.00,100.07,38.92
100.00,100.43,38.94
100.00,100.21,38.96
100.00,100.02,38.99
100.00,99.85,39.01
100.00,99.52,39.03
100.00,99.59,39.05
100.00,100.21,39.07
100.00,100.40,39.09
100.00,100.18,39.11
100.00,99.99,39.14
100.00,99.64,39.16
100.00,99.69,39.18
100.00,99.74,39.20
100.00,99.77,39.22
100.00,99.81,39.24
100.00,100.39,39.26
100.00,100.55,39.28
100.00,99.77,39.30
100.00,99.46,39.32
100.00,100.10,39.35
100.00,100.30,39.37
100.00,100.09,39.39
100.00,99.92,39.41
100.00,99.58,39.43
100.00,99.64,39.45
100.00,100.25,39.47
100.00,100.43,39.50
100.00,99.67,39.52
100.00,99.37,39.54
100.00,100.02,39.56
100.00,100.23,39.58
100.00,100.04,39.60
100.00,99.87,39.62
100.00,99.54,39.65
100.00,100.17,39.67
100.00,100.35,39.69
100.00,100.14,39.71
100.00,99.96,39.73
100.00,99.62,39.75
100.00,99.67,39.77
100.00,100.28,39.79
100.00,100.45,39.82
100.00,100.22,39.84
100.00,100.03,39.86
100.00,99.87,39.88
100.00,100.07,39.90
100.00,99.71,39.92
100.00,99.97,39.94
100.00,99.97,39.97
100.00,99.41,39.99
100.00,100.06,40.01
100.00,100.26,40.03
100.00,100.06,40.05
100.00,99.89,40.07
100.00,99.56,40.09
100.00,100.18,40.11
100.00,100.37,40.14
100.00,100.15,40.16
100.00,99.97,40.18
100.00,99.63,40.20
100.00,99.68,40.22
100.00,99.73,40.24
100.00,99.76,40.26
100.00,100.36,40.28
100.00,100.51,40.31
100.00,99.75,40.33
100.00,99.44,40.35
100.00,100.08,40.37
100.00,100.28,40.39
100.00,100.08,40.41
100.00,99.91,40.43
100.00,99.57,40.46
100.00,100.19,40.48
100.00,100.38,40.50
100.00,100.16,40.52
100.00,99.97,40.54
100.00,99.63,40.56
100.00,99.68,40.58
100.00,99.73,40.60
100.00,100.33,40.62
100.00,100.49,40.65
100.00,100.26,40.67
100.00,100.06,40.69
100.00,99.89,40.71
100.00,100.09,40.73
100.00,99.73,40.75
100.00,99.42,40.78
100.00,100.07,40.80
100.00,100.27,40.82
100.00,100.07,40.84
100.00,99.90,40.86
100.00,99.56,40.88
100.00,100.19,40.90
100.00,100.37,40.93
100.00,100.16,40.95
100.00,99.97,40.97
100.00,99.63,40.99
100.00,99.68,41.01
100.00,100.29,41.03
100.00,100.46,41.05
100.00,100.23,41.08
100.00,100.04,41.10
100.00,99.87,41.12
100.00,100.07,41.14
100.00,100.25,41.16
100.00,100.05,41.18
100.00,99.88,41.21
100.00,100.09,41.23
100.00,99.72,41.25
100.00,99.42,41.27
100.00,100.06,41.29
100.00,100.27,41.31
100.00,100.07,41.33
100.00,100.43,41.36
100.00,100.21,41.38
100.00,100.01,41.40
100.00,99.85,41.42
100.00,99.52,41.44
100.00,100.15,41.46
100.00,100.34,41.48
100.00,100.13,41.51
100.00,99.95,41.53
100.00,99.61,41.55
100.00,99.67,41.57
100.00,100.28,41.59
100.00,100.45,41.61
100.00,100.22,41.63
100.00,100.03,41.66
100.00,99.86,41.68
100.00,100.07,41.70
100.00,100.24,41.72
100.00,100.05,41.74
100.00,99.88,41.76
100.00,100.08,41.78
100.00,99.72,41.81
100.00,99.98,41.83
100.00,100.54,41.85
100.00,100.11,41.87
100.00,99.93,41.89
100.00,100.13,41.91
100.00,100.30,41.93
100.00,100.09,41.96
100.00,99.92,41.98
100.00,100.12,42.00
100.00,99.75,42.02
100.00,100.00,42.04
100.00,100.21,42.06
100.00,100.02,42.09
100.00,99.86,42.11
100.00,99.53,42.13
100.00,99.60,42.15
100.00,100.21,42.17
100.00,100.39,42.19
100.00,100.18,42.21
100.00,99.99,42.23
100.00,99.64,42.26
100.00,99.69,42.28
100.00,99.74,42.30
100.00,99.77,42.32
100.00,99.81,42.34
100.00,99.83,42.36
100.00,99.86,42.38
100.00,99.88,42.40
100.00,99.89,42.42
100.00,99.91,42.44
100.00,99.92,42.46
100.00,99.93,42.48
100.00,99.94,42.51
100.00,99.95,42.53
100.00,99.95,42.55
100.00,99.96,42.57
100.00,99.96,42.59
100.00,99.97,42.61
100.00,99.97,42.63
100.00,99.98,42.65
100.00,99.98,42.67
100.00,99.98,42.69
100.00,99.98,42.71
100.00,99.98,42.73
100.00,99.98,42.75
100.00,99.99,42.78
100.00,99.99,42.80
100.00,99.99,42.82
100.00,99.99,42.84
100.00,99.99,42.86
100.00,99.99,42.88
100.00,99.99,42.90
100.00,99.99,42.92
100.00,99.99,42.94
100.00,99.99,42.96
100.00,99.99,42.98
100.00,99.99,43.00
100.00,99.99,43.03
100.00,99.99,43.05
100.00,99.99,43.07
100.00,99.99,43.09
100.00,99.99,43.11
100.00,99.99,43.13
100.00,99.99,43.15
100.00,99.99,43.17
100.00,99.99,43.19
100.00,99.99,43.21
100.00,99.99,43.23
100.00,99.99,43.25
100.00,99.99,43.27
100.00,99.99,43.30
100.00,99.99,43.32
100.00,99.99,43.34
100.00,99.99,43.36
100.00,99.99,43.38
100.00,99.99,43.40
100.00,99.99,43.42
100.00,99.99,43.44
100.00,99.99,43.46
100.00,99.99,43.48
100.00,99.99,43.50
100.00,99.99,43.52
100.00,99.99,43.55
100.00,99.99,43.57
100.00,99.99,43.59
100.00,99.99,43.61
100.00,99.99,43.63
100.00,99.99,43.65
100.00,99.99,43.67
100.00,99.99,43.69
100.00,99.99,43.71
100.00,99.99,43.73
100.00,99.99,43.75
100.00,99.99,43.77
100.00,99.99,43.79
100.00,99.99,43.82
100.00,99.99,43.84
100.00,99.99,43.86
100.00,99.99,43.88
100.00,99.99,43.90
100.00,99.99,43.92
100.00,100.55,43.94
100.00,100.69,43.96
100.00,99.89,43.98
100.00,99.56,44.00
100.00,99.62,44.03
100.00,100.24,44.05
100.00,100.42,44.07
100.00,100.19,44.09
100.00,100.00,44.11
100.00,99.84,44.13
100.00,100.05,44.15
100.00,100.23,44.18
100.00,100.03,44.20
100.00,99.87,44.22
100.00,100.07,44.24
100.00,99.71,44.26
100.00,99.41,44.28
100.00,100.05,44.30
100.00,100.26,44.33
100.00,100.06,44.35
100.00,100.42,44.37
100.00,100.20,44.39
100.00,100.01,44.41
100.00,99.85,44.44
100.00,99.52,44.46
100.00,99.59,44.48
100.00,100.21,44.50
100.00,100.39,44.52
100.00,100.17,44.54
100.00,99.99,44.56
100.00,99.64,44.58
100.00,99.69,44.61
