100,0,18900380
100,0.51,18923260
100,5.03,18946140
100,16.04,18969020
100,30.14,18992940
100,45.76,19016860
100,63,19040780
100,79.68,19064700
100,93.93,19088620
100,102.18,19112540
100,102.16,19137500
100,97.07,19162460
100,92.48,19186380
100,92.16,19210300
100,96.28,19234220
100,101.75,19258140
100,105.55,19283100
100,105.58,19308060
100,101.87,19333020
100,97.76,19357980
100,95.45,19381900
100,96.16,19405820
100,99.21,19429740
100,102.3,19453660
100,104.11,19478620
100,102.95,19503580
100,100.08,19528548
100,97.63,19553500
100,96.3,19577420
100,97.38,19601340
100,100.25,19625260
100,102.36,19650220
100,102.85,19675180
100,101.87,19700140
100,99.63,19725100
100,98,19749032
100,97.85,19772940
100,98.71,19796860
100,99.92,19820780
100,100.96,19844700
100,101.51,19869660
100,101.2,19894620
100,100.46,19919580
100,99.36,19944540
100,98.73,19968460
100,98.96,19992380
100,99.65,20016300
100,100.73,20040220
100,101.32,20065180
100,101.03,20090140
100,100.32,20115100
100,99.71,20140060
100,99.01,20163980
100,98.71,20187900
100,99.44,20211820
100,100.05,20235740
100,100.72,20260700
100,100.99,20285660
100,100.28,20310620
100,99.68,20335580
100,99.47,20359500
100,100.08,20383420
100,100.3,20408380
100,100.16,20433340
100,100.04,20458300
100,99.48,20483260
100,99.78,20507184
100,100.35,20531100
100,100.04,20556060
100,99.94,20581020
100,100.16,20604948
100,99.88,20629900
100,99.64,20653820
100,99.74,20677740
100,100.31,20701660
100,100.5,20726620
100,100.33,20751580
100,100.19,20776540
100,99.6,20801500
100,99.4,20825420
100,99.54,20849340
100,99.65,20873260
100,100.24,20897180
100,100.9,20922140
100,100.68,20947100
100,100.01,20972060
100,99.45,20997020
100,99.27,21020940
100,99.43,21044860
100,100.05,21068780
100,100.74,21093740
100,100.54,21118700
100,99.9,21143660
100,99.65,21167580
100,99.75,21191500
100,99.84,21215420
100,99.91,21239340
100,99.97,21263260
100,100.51,21287180
100,100.67,21312140
100,100,21337108
100,99.44,21362060
100,99.27,21385980
100,99.91,21409900
100,100.46,21433820
100,100.6,21458780
100,100.42,21483740
100,99.8,21508700
100,99.57,21532620
100,99.68,21556540
100,99.77,21580460
100,99.85,21604380
100,99.92,21628300
100,99.98,21652220
100,100.03,21676140
100,100.24,21701100
100,100.58,21726060
100,100.4,21751020
100,99.78,21775980
100,99.55,21799900
100,99.67,21823820
100,100.25,21847740
100,100.44,21872700
100,100.29,21897660
100,100.15,21922620
100,99.56,21947580
100,99.37,21971500
100,99.51,21995420
100,100.12,22019340
100,100.33,22044300
100,100.19,22069268
100,100.53,22094220
100,100.36,22119180
100,99.75,22144140
100,99.52,22168072
100,99.64,22191980
100,99.74,22215900
100,99.83,22239820
100,99.9,22263740
100,100.45,22287660
100,100.62,22312620
100,100.43,22337580
100,100.27,22362540
100,99.67,22387500
100,98.97,22411420
100,99.17,22435340
100,99.83,22459260
100,100.39,22483180
100,101.03,22508140
100,100.79,22533100
100,100.11,22558060
100,99.53,22583020
100,99.34,22606940
100,99.49,22630860
100,99.61,22654780
100,100.2,22678700
100,100.87,22703660
100,100.65,22728620
100,99.99,22753580
100,99.74,22777500
100,99.82,22801428
100,99.89,22825340
100,99.96,22849272
100,99.52,22873180
100,99.64,22897100
100,100.23,22921020
100,100.41,22945980
100,100.25,22970940
100,100.12,22995900
100,100.01,23020860
100,99.45,23045820
100,99.76,23069740
100,100.33,23093660
100,100.02,23118620
100,99.93,23143580
100,100.15,23167500
100,99.87,23192460
100,99.63,23216380
100,99.73,23240300
100,100.31,23264220
100,100.49,23289180
100,100.33,23314140
100,100.18,23339100
100,99.59,23364060
100,99.4,23387980
100,99.53,23411900
100,100.14,23435820
100,100.82,23460780
100,100.6,23485740
100,99.95,23510700
100,99.7,23534620
100,99.79,23558540
100,99.87,23582460
100,99.94,23606380
100,99.99,23630300
100,100.04,23654220
100,99.78,23679180
100,99.55,23703100
100,100.16,23727020
100,100.36,23751980
100,100.22,23776940
100,100.09,23801900
100,99.98,23826860
100,100.19,23850780
100,99.91,23875740
100,99.66,23899660
100,99.76,23923580
100,99.84,23947500
100,99.91,23971420
100,99.97,23995340
100,100.03,24019260
100,100.23,24044220
100,100.57,24069180
100,100.39,24094140
100,99.77,24119100
100,99.55,24143020
100,99.66,24166940
100,99.76,24190860
100,99.84,24214780
100,100.4,24238700
100,100.57,24263660
100,100.4,24288620
100,100.24,24313580
100,99.65,24338540
100,98.95,24362460
100,99.15,24386380
100,100.3,24410300
100,100.96,24435260
100,100.72,24460220
100,100.05,24485180
100,99.48,24510140
100,99.3,24534060
100,99.45,24557980
100,100.07,24581900
100,100.76,24606860
100,100.55,24631820
100,99.91,24656780
100,99.66,24680700
100,99.76,24704620
100,99.84,24728540
100,99.91,24752460
100,99.97,24776380
100,100.51,24800300
100,100.67,24825260
100,100.01,24850220
100,99.45,24875180
100,99.27,24899100
100,99.42,24923020
100,100.04,24946940
100,100.74,24971900
100,101,24996860
100,100.76,25021820
100,99.62,25046780
100,98.95,25070700
100,99.15,25094620
100,99.32,25118540
100,99.96,25142460
100,100.99,25166380
100,101.54,25191340
100,100.75,25216300
100,99.61,25241260
100,98.92,25265180
100,98.64,25289100
100,99.38,25313020
100,100.49,25336940
100,101.12,25361900
100,101.32,25386872
100,100.57,25411820
100,98.99,25436780
100,98.41,25460700
100,99.18,25484620
100,100.32,25508540
100,100.98,25533500
100,100.74,25558460
100,100.07,25583420
100,99.5,25608380
100,99.31,25632300
100,99.46,25656220
100,100.07,25680140
100,100.76,25705100
100,100.55,25730068
100,99.91,25755020
100,99.67,25778940
100,99.76,25802860
100,99.85,25826780
100,99.92,25850700
100,99.98,25874620
100,100.52,25898540
100,100.67,25923500
100,100.01,25948460
100,99.45,25973420
100,99.27,25997340
100,99.91,26021260
100,100.46,26045180
100,100.6,26070140
100,100.42,26095100
100,99.8,26120060
100,99.08,26143980
100,99.26,26167900
100,99.91,26191820
100,100.46,26215740
100,101.09,26240700
100,100.84,26265660
100,99.68,26290620
100,99,26314540
100,99.2,26338460
100,99.85,26362380
100,100.41,26386300
100,100.56,26411260
100,100.85,26436220
100,100.63,26461180
100,99.98,26486140
100,99.23,26510060
100,98.91,26533980
100,99.11,26557900
100,99.78,26581820
100,100.84,26605740
100,101.41,26630700
100,100.64,26655660
100,99.52,26680620
100,98.84,26704540
100,98.57,26728468
100,99.31,26752380
100,100.44,26776300
100,101.54,26801260
100,101.69,26826220
100,100.41,26851180
100,98.86,26876140
100,98.3,26900060
100,99.08,26923988
100,100.24,26947900
100,100.9,26972860
100,100.68,26997820
100,100.02,27022780
100,99.92,27047740
100,100.14,27071660
100,99.86,27096620
100,99.63,27120540
100,99.73,27144460
100,100.3,27168380
100,100.49,27193340
100,100.32,27218300
100,100.18,27243260
100,99.59,27268220
100,99.4,27292140
100,99.53,27316060
100,100.14,27339980
100,100.35,27364940
100,100.2,27389900
100,100.08,27414860
100,99.97,27439820
100,100.19,27463740
100,99.9,27488700
100,99.66,27512620
100,99.76,27536540
100,100.33,27560460
100,100.51,27585420
100,100.34,27610380
100,100.2,27635340
100,99.6,27660308
100,99.4,27684220
100,99.54,27708140
100,99.66,27732060
100,100.24,27755980
100,100.44,27780940
100,100.28,27805900
100,100.14,27830860
100,100.02,27855832
100,99.93,27880780
100,99.68,27904700
100,99.78,27928620
100,99.86,27952540
100,99.93,27976460
100,99.98,28000380
100,100.03,28024300
100,100.24,28049260
100,100.58,28074220
100,100.4,28099180
100,99.78,28124140
100,99.55,28148060
100,99.67,28171980
100,99.76,28195900
100,99.85,28219820
100,99.92,28243740
100,100.46,28267660
100,100.63,28292620
100,99.97,28317580
100,99.72,28341500
100,99.81,28365420
100,99.88,28389340
100,99.95,28413260
100,100,28437180
100,100.21,28462140
100,100.56,28487100
100,100.38,28512060
100,99.76,28537020
100,99.54,28560940
100,99.65,28584860
100,99.75,28608780
100,99.84,28632700
100,99.91,28656620
100,99.97,28680540
100,100.51,28704460
100,100.67,28729420
100,100.01,28754380
100,99.91,28779340
100,99.65,28803260
100,99.26,28827180
100,99.9,28851100
100,100.45,28875020
100,100.6,28899980
100,100.41,28924948
100,99.79,28949900
100,99.57,28973820
100,99.68,28997740
100,99.77,29021660
100,99.85,29045580
100,99.92,29069500
100,99.98,29093420
100,100.52,29117340
100,100.67,29142300
100,100.01,29167260
100,99.92,29192220
100,99.65,29216140
100,99.26,29240060
100,99.91,29263980
100,100.46,29287900
100,100.6,29312860
100,100.42,29337820
100,99.79,29362780
100,99.57,29386700
100,99.68,29410620
100,99.77,29434540
100,99.85,29458460
100,99.92,29482380
100,99.98,29506300
100,100.03,29530220
100,100.24,29555180
100,100.58,29580140
100,100.4,29605100
100,99.78,29630060
100,99.55,29653980
100,99.67,29677900
100,99.76,29701820
100,99.84,29725740
100,100.4,29749660
100,101.04,29774620
100,100.8,29799580
100,99.65,29824540
100,98.98,29848460
100,99.17,29872380
100,99.83,29896300
100,100.39,29920220
100,100.54,29945180
100,100.37,29970140
100,100.22,29995100
100,100.09,30020060
100,99.52,30045020
100,99.33,30068940
100,99.96,30092872
100,100.5,30116780
100,100.18,30141740
100,100.05,30166700
100,99.95,30191660
100,99.7,30215580
100,99.79,30239500
100,99.87,30263420
100,99.94,30287340
100,99.99,30311260
100,100.53,30335180
100,100.68,30360140
100,100.02,30385100
100,99.46,30410060
100,99.28,30433980
100,99.43,30457900
100,99.56,30481820
100,100.16,30505740
100,100.84,30530700
100,100.62,30555660
100,99.97,30580620
100,99.71,30604540
100,99.8,30628460
100,99.88,30652380
100,99.95,30676300
100,100.49,30700220
100,100.65,30725180
100,99.99,30750140
100,99.74,30774060
100,99.33,30797980
100,98.99,30821900
100,99.67,30845820
100,100.75,30869740
100,101.34,30894700
100,101.05,30919660
100,99.86,30944620
100,98.67,30968540
100,98.42,30992460
100,99.19,31016380
100,100.82,31040300
100,101.89,31065260
100,101.05,31090220
100,99.87,31115180
100,99.14,31139100
100,98.34,31163020
100,98.63,31186940
100,100.34,31210860
100,101.48,31235820
100,101.63,31260780
100,100.83,31285740
100,99.21,31310700
100,98.6,31334620
100,98.85,31358540
100,99.56,31382460
100,100.65,31406380
100,101.25,31431340
100,100.97,31456300
100,99.8,31481260
100,99.1,31505180
100,99.28,31529100
100,99.44,31553020
100,100.05,31576940
100,100.74,31601900
100,101.01,31626860
100,100.77,31651820
100,99.62,31676780
100,98.95,31700700
100,99.15,31724620
100,99.81,31748540
100,100.38,31772460
100,100.53,31797420
100,100.83,31822380
100,100.61,31847340
100,99.49,31872300
100,98.84,31896220
100,99.06,31920148
100,99.73,31944060
100,100.8,31967980
100,100.91,31992940
100,100.22,32017900
100,99.62,32042860
100,99.42,32066780
100,99.55,32090700
100,99.66,32114620
100,100.25,32138540
100,100.91,32163500
100,100.68,32188460
100,100.02,32213420
100,99.46,32238380
100,98.79,32262300
100,99.01,32286220
100,100.18,32310140
100,100.85,32335100
100,101.1,32360060
100,100.85,32385020
100,100.16,32409980
100,99.57,32434940
100,99.38,32458860
100,99.52,32482780
100,99.64,32506700
100,99.74,32530620
100,100.31,32554540
100,100.5,32579500
100,100.33,32604460
100,100.19,32629420
100,99.6,32654380
100,99.4,32678300
100,99.53,32702220
100,100.14,32726140
100,100.82,32751100
100,100.6,32776060
100,99.95,32801020
100,99.21,32824940
100,98.89,32848860
100,99.59,32872780
100,100.67,32896700
100,101.27,32921660
100,100.99,32946620
100,99.82,32971580
100,99.12,32995500
100,99.29,33019420
100,99.45,33043340
100,100.06,33067260
100,100.75,33092220
100,101.02,33117180
100,100.3,33142140
100,99.23,33167100
100,99.08,33191020
100,99.27,33214940
100,99.91,33238860
100,100.95,33262780
100,101.04,33287740
100,100.33,33312700
100,99.72,33337660
100,99.01,33361580
100,99.2,33385500
100,99.86,33409420
100,100.41,33433340
100,101.05,33458300
100,100.8,33483260
100,99.66,33508220
100,98.98,33532140
100,99.18,33556060
100,99.83,33579980
100,100.39,33603900
100,100.55,33628860
100,100.84,33653820
100,100.62,33678780
100,99.97,33703740
100,99.23,33727660
100,98.9,33751580
100,99.11,33775500
100,99.77,33799420
100,100.83,33823340
100,101.41,33848300
100,101.11,33873260
100,99.92,33898220
100,98.72,33922140
100,98.46,33946060
100,99.22,33969980
100,100.36,33993900
100,101.01,34018860
100,100.76,34043820
100,100.09,34068780
100,99.98,34093740
100,99.71,34117660
100,99.31,34141580
100,99.95,34165500
100,100.49,34189420
100,100.63,34214380
100,100.44,34239340
100,99.82,34264300
100,99.59,34288220
100,99.69,34312140
100,99.79,34336060
100,99.86,34359980
100,99.93,34383900
100,99.99,34407820
100,100.04,34431740
100,100.24,34456700
100,100.58,34481660
100,100.4,34506620
100,99.78,34531580
100,99.56,34555500
100,99.67,34579420
100,99.76,34603340
100,99.85,34627260
100,99.92,34651180
100,99.98,34675100
100,100.03,34699020
100,100.23,34723980
100,100.57,34748940
100,100.39,34773900
100,99.77,34798860
100,99.55,34822780
100,99.66,34846700
100,99.76,34870620
100,99.84,34894540
100,99.91,34918460
100,99.97,34942380
100,100.51,34966300
100,100.67,34991260
100,100.01,35016220
100,99.91,35041180
100,99.65,35065100
100,99.26,35089020
100,99.9,35112940
100,100.45,35136860
100,100.6,35161820
100,100.42,35186780
100,99.79,35211740
100,99.57,35235660
100,99.68,35259580
100,99.77,35283500
100,99.85,35307420
100,100.41,35331340
100,100.58,35356300
100,100.4,35381268
100,100.25,35406220
100,99.65,35431180
100,98.96,35455100
100,99.16,35479020
100,99.81,35502940
100,100.38,35526860
100,101.02,35551820
100,100.78,35576780
100,100.1,35601740
100,99.52,35626700
100,99.34,35650620
100,99.48,35674540
100,100.09,35698460
100,100.31,35723420
100,100.17,35748380
100,100.52,35773340
100,100.35,35798300
100,99.73,35823260
100,99.51,35847188
100,99.63,35871100
100,99.74,35895020
100,99.82,35918940
100,100.38,35942860
100,100.56,35967820
100,100.38,35992780
100,100.23,36017740
100,99.64,36042700
100,99.43,36066620
100,99.56,36090540
100,99.67,36114460
100,99.77,36138380
100,100.34,36162300
100,100.52,36187260
100,100.35,36212220
100,100.2,36237180
100,100.08,36262140
100,99.97,36287100
100,99.72,36311020
100,99.81,36334940
100,99.88,36358860
100,99.95,36382780
100,100,36406700
100,100.21,36431660
100,100.09,36456620
100,99.98,36481580
100,100.19,36505500
100,99.91,36530460
100,99.66,36554380
100,99.76,36578300
100,99.84,36602220
100,99.91,36626140
100,100.46,36650060
100,100.63,36675020
100,99.97,36699980
100,99.72,36723900
100,99.81,36747820
100,99.88,36771740
100,99.95,36795660
100,100,36819580
100,100.21,36844540
100,100.09,36869500
100,99.98,36894460
100,100.19,36918380
100,99.91,36943340
100,99.66,36967260
100,99.76,36991180
100,99.84,37015100
100,99.91,37039020
100,99.97,37062940
100,100.03,37086860
100,100.23,37111828
100,100.57,37136780
100,100.39,37161740
100,99.77,37186700
100,99.55,37210620
100,99.66,37234540
100,99.76,37258460
100,100.33,37282380
100,100.51,37307340
100,100.34,37332300
100,100.2,37357260
100,99.61,37382220
100,99.41,37406140
100,99.54,37430060
100,99.66,37453980
100,100.24,37477900
100,100.91,37502860
100,100.68,37527820
100,100.02,37552780
100,99.45,37577748
100,99.27,37601660
100,99.43,37625580
100,99.56,37649500
100,100.16,37673420
100,100.84,37698380
100,101.09,37723340
100,100.83,37748300
100,99.68,37773260
100,99,37797180
100,99.2,37821100
100,99.85,37845020
100,100.41,37868940
100,100.56,37893900
100,100.38,37918860
100,99.76,37943820
100,99.54,37967740
100,99.66,37991660
100,100.24,38015580
100,100.44,38040540
100,100.28,38065500
100,100.14,38090460
100,99.56,38115420
100,99.37,38139340
100,99.51,38163260
100,100.12,38187180
100,100.8,38212140
100,100.59,38237100
100,99.94,38262060
100,99.2,38285980
100,98.87,38309908
100,99.58,38333820
100,100.66,38357740
100,101.27,38382700
100,100.99,38407660
100,99.81,38432620
100,98.63,38456540
100,98.87,38480460
100,99.57,38504380
100,100.17,38528300
100,100.85,38553260
100,101.1,38578220
100,100.84,38603180
100,99.69,38628140
100,99.01,38652060
100,99.2,38675980
100,99.85,38699900
100,100.41,38723820
100,100.56,38748780
100,100.38,38773740
100,99.77,38798700
100,99.54,38822620
100,99.66,38846540
100,100.24,38870460
100,100.44,38895420
100,100.28,38920380
100,100.14,38945340
100,99.56,38970300
100,99.37,38994220
100,100,39018140
100,100.23,39043100
100,100.1,39068060
100,100.46,39093020
100,100.3,39117980
100,99.69,39142940
100,99.48,39166860
100,99.6,39190780
100,100.19,39214712
100,100.39,39239660
100,100.25,39264620
100,100.12,39289580
100,99.54,39314540
100,99.35,39338460
100,99.98,39362380
100,100.52,39386300
100,100.65,39411260
100,100.46,39436220
100,99.83,39461180
100,99.6,39485100
100,99.71,39509020
100,99.8,39532940
100,99.87,39556860
100,99.94,39580780
100,100,39604700
100,100.21,39629660
100,100.55,39654620
100,100.38,39679580
100,99.76,39704540
100,99.54,39728460
100,99.65,39752380
100,99.75,39776300
100,99.83,39800220
100,100.39,39824140
100,100.57,39849100
100,100.39,39874060
100,100.24,39899020
100,99.64,39923980
100,99.44,39947900
100,99.57,39971820
100,99.68,39995740
100,99.77,40019660
100,100.34,40043580
100,100.99,40068540
100,100.75,40093500
100,100.08,40118460
100,99.04,40143420
100,98.45,40167340
100,99.21,40191260
100,100.35,40215180
100,101,40240148
100,101.23,40265100
100,100.95,40290060
100,100.25,40315020
100,99.19,40339980
100,98.58,40363900
100,98.83,40387820
100,99.54,40411740
100,100.63,40435660
100,101.24,40460620
100,100.96,40485580
100,100.26,40510540
100,99.66,40535500
100,99.45,40559420
100,99.58,40583340
100,99.69,40607260
100,99.78,40631180
100,99.86,40655100
100,100.42,40679020
100,100.59,40703980
100,100.41,40728940
100,100.25,40753900
100,99.65,40778860
100,99.45,40802780
100,99.58,40826700
100,99.68,40850620
100,100.27,40874540
100,100.93,40899500
100,100.7,40924460
100,100.03,40949420
100,99.47,40974380
100,98.8,40998300
100,99.02,41022220
100,100.19,41046140
100,100.86,41071100
100,100.64,41096060
100,99.98,41121020
100,99.73,41144940
100,99.82,41168860
100,99.89,41192780
100,99.95,41216700
100,100.01,41240620
100,100.22,41265580
100,100.56,41290540
100,100.38,41315500
100,99.76,41340460
100,99.54,41364380
100,99.66,41388300
100,99.75,41412220
100,99.84,41436140
100,99.91,41460060
100,99.97,41483980
100,100.51,41507900
100,100.67,41532860
100,100.01,41557820
100,99.44,41582780
100,99.27,41606700
100,99.91,41630620
100,100.46,41654540
100,100.6,41679500
100,100.42,41704468
100,99.79,41729420
100,99.57,41753340
100,99.68,41777260
100,100.26,41801192
100,100.45,41826140
100,100.29,41851100
100,100.16,41876060
100,99.57,41901020
100,99.38,41924940
100,99.52,41948860
100,99.63,41972780
100,100.22,41996700
100,100.89,42021660
100,100.66,42046620
100,100.01,42071580
100,99.44,42096540
100,99.27,42120460
100,99.91,42144380
100,100.46,42168300
100,100.6,42193260
100,100.42,42218220
100,99.8,42243180
100,99.57,42267100
100,99.19,42291020
100,99.36,42314940
100,99.99,42338860
100,100.52,42362780
100,101.15,42387740
100,100.88,42412700
100,99.72,42437660
100,99.04,42461580
100,99.23,42485500
100,99.39,42509420
100,100.01,42533340
100,100.71,42558300
100,100.51,42583260
100,100.34,42608220
100,100.2,42633180
100,99.61,42658140
100,99.41,42682060
100,99.54,42705980
100,99.66,42729900
100,100.24,42753820
100,100.91,42778780
100,100.68,42803740
100,100.02,42828700
100,99.45,42853660
100,99.27,42877580
100,99.92,42901500
100,100.46,42925420
100,100.61,42950380
100,100.42,42975340
100,99.8,43000300
100,99.08,43024220
100,99.26,43048140
100,99.91,43072060
100,100.46,43095980
100,100.62,43120940
100,100.44,43145900
100,100.28,43170860
100,99.67,43195820
100,99.46,43219740
100,99.59,43243660
100,99.7,43267580
100,100.28,43291500
100,100.94,43316460
100,100.71,43341420
100,100.04,43366380
100,99,43391340
100,98.42,43415260
100,99.19,43439180
100,100.33,43463100
100,100.98,43488060
100,101.21,43513020
100,100.94,43537980
100,100.24,43562940
100,99.18,43587900
100,98.57,43611820
100,98.83,43635740
100,99.53,43659660
100,100.63,43683580
100,101.23,43708540
100,101.43,43733500
100,100.66,43758460
100,99.53,43783420
100,98.85,43807340
100,98.58,43831260
100,99.32,43855180
100,100.45,43879100
100,101.08,43904060
100,101.3,43929020
100,101.01,43953980
100,99.83,43978940
100,98.64,44002860
100,98.4,44026780
100,99.17,44050700
100,100.32,44074620
100,100.97,44099580
100,101.2,44124540
100,100.93,44149500
100,99.76,44174460
100,99.07,44198380
100,99.26,44222300
100,99.41,44246220
100,100.03,44270140
100,100.73,44295100
100,100.53,44320060
100,99.89,44345020
100,99.65,44368940
100,99.75,44392860
100,99.83,44416780
100,99.9,44440700
100,99.97,44464620
100,100.02,44488540
100,100.23,44513500
100,100.1,44538460
100,99.99,44563420
100,100.2,44587340
100,100.38,44612300
100,100.23,44637260
100,99.64,44662220
100,99.43,44686140
100,99.56,44710060
100,99.67,44733980
100,100.26,44757900
100,100.92,44782860
100,100.69,44807820
100,100.02,44832788
100,99.46,44857740
100,99.28,44881660
100,99.43,44905580
100,100.05,44929500
100,100.74,44954460
100,100.54,44979420
100,99.9,45004380
100,99.66,45028300
100,99.75,45052220
100,99.84,45076140
100,99.91,45100060
100,99.97,45123980
100,100.02,45147900
100,100.23,45172860
100,100.57,45197820
100,100.39,45222780
100,99.77,45247740
100,99.55,45271660
100,99.66,45295580
100,99.76,45319500
100,99.84,45343420
100,99.91,45367340
100,99.97,45391260
100,100.51,45415180
100,100.67,45440140
100,100.01,45465100
100,99.91,45490060
100,99.65,45513980
100,99.26,45537900
100,99.9,45561820
100,100.45,45585740
100,100.6,45610700
100,100.42,45635660
100,99.79,45660620
100,99.57,45684540
100,99.68,45708460
100,99.77,45732380
100,100.34,45756300
100,100.52,45781260
100,99.88,45806220
100,99.64,45830140
100,99.74,45854060
100,100.31,45877992
100,100.5,45902940
100,99.87,45927900
100,99.63,45951820
100,99.73,45975740
100,99.82,45999660
100,99.89,46023580
100,100.44,46047500
100,100.61,46072460
100,99.96,46097428
100,99.7,46121340
100,99.8,46145260
100,99.88,46169180
100,99.94,46193100
100,100,46217020
100,99.74,46241980
100,100.01,46265900
100,100.24,46290860
100,100.11,46315820
100,100,46340780
100,99.9,46365740
100,100.13,46389660
100,100.32,46414620
100,100.18,46439580
100,99.59,46464540
100,99.39,46488460
100,99.53,46512380
100,100.13,46536300
100,100.81,46561260
100,100.6,46586220
100,100.42,46611180
100,100.26,46636140
100,99.19,46661100
100,98.59,46685020
100,98.84,46708940
100,100.03,46732860
100,101.22,46757820
100,101.41,46782780
100,100.64,46807740
100,99.52,46832700
100,98.84,46856620
100,99.06,46880540
100,99.73,46904460
100,100.31,46928380
100,100.96,46953340
100,101.19,46978304
100,100.46,47003260
100,99.36,47028220
100,99.2,47052140
100,99.36,47076060
100,99.99,47099980
100,100.53,47123900
100,100.66,47148860
100,100.47,47173820
100,99.84,47198780
100,99.12,47222700
100,98.81,47246620
100,99.03,47270540
100,99.71,47294460
100,100.77,47318380
100,101.36,47343340
100,101.07,47368300
100,100.35,47393260
100,99.73,47418220
100,99.52,47442140
100,99.63,47466060
100,99.74,47489980
100,99.82,47513900
100,99.9,47537820
100,99.96,47561748
100,100.01,47585660
100,100.22,47610620
100,100.56,47635580
100,100.39,47660540
100,99.77,47685500
100,99.54,47709420
100,99.66,47733340
100,99.76,47757260
100,99.84,47781180
100,99.91,47805100
100,100.46,47829020
100,100.62,47853980
100,100.44,47878940
100,100.28,47903900
100,99.21,47928860
100,98.6,47952780
100,99.34,47976700
100,99.97,48000620
100,100.51,48024540
100,101.14,48049500
100,100.88,48074460
100,100.18,48099420
100,99.6,48124380
100,99.4,48148300
100,99.53,48172220
100,99.65,48196140
100,100.24,48220060
100,100.43,48245020
100,100.27,48269980
100,100.14,48294940
100,100.02,48319900
100,99.93,48344860
100,99.68,48368780
100,99.77,48392700
100,99.86,48416620
100,99.92,48440540
100,99.98,48464460
100,100.52,48488380
100,100.68,48513340
100,100.01,48538300
100,99.45,48563260
100,99.27,48587180
100,99.92,48611100
100,100.46,48635020
100,100.61,48659980
100,100.42,48684940
100,99.8,48709900
100,99.57,48733820
100,99.68,48757740
100,99.78,48781660
100,99.86,48805580
100,99.92,48829500
100,99.98,48853420
100,100.52,48877340
100,100.68,48902300
100,100.02,48927260
100,99.45,48952220
100,99.27,48976140
100,99.43,49000060
100,100.05,49023980
100,100.74,49048940
100,100.54,49073900
100,100.36,49098860
100,100.22,49123820
100,99.62,49148780
100,99.42,49172712
100,99.55,49196620
100,99.67,49220540
100,99.76,49244460
100,100.33,49268380
100,100.98,49293340
100,100.75,49318300
100,100.07,49343260
100,99.5,49368220
100,99.32,49392140
100,99.46,49416060
100,100.08,49439980
100,100.77,49464940
100,100.56,49489900
100,99.91,49514860
100,99.67,49538780
100,99.28,49562700
100,99.43,49586620
100,100.05,49610540
100,100.25,49635500
100,100.59,49660460
100,100.41,49685420
100,99.79,49710380
100,99.56,49734300
100,99.67,49758228
100,100.25,49782140
100,100.45,49807100
100,100.29,49832060
100,100.15,49857020
100,99.57,49881980
100,99.37,49905900
100,99.51,49929820
100,100.12,49953740
100,100.8,49978700
100,100.59,50003660
100,99.94,50028620
100,99.69,50052540
100,99.78,50076460
100,99.86,50100380
100,99.93,50124300
100,99.99,50148220
100,100.04,50172140
100,100.24,50197100
100,100.11,50222060
100,99.53,50247020
100,99.34,50270940
100,99.98,50294860
100,100.52,50318780
100,100.65,50343740
100,100.46,50368700
100,99.83,50393660
100,99.6,50417580
100,99.71,50441500
100,99.8,50465420
100,99.87,50489340
100,99.94,50513260
100,100,50537180
100,100.21,50562140
100,100.55,50587100
100,100.38,50612060
100,99.76,50637020
100,99.54,50660940
100,99.65,50684860
100,99.75,50708780
100,99.83,50732700
100,100.39,50756628
100,101.03,50781580
100,100.79,50806540
100,99.64,50831500
100,98.97,50855420
100,99.17,50879340
100,99.34,50903260
100,99.97,50927180
100,101,50951100
100,101.08,50976060
100,100.36,51001020
100,99.75,51025980
100,99.04,51049900
100,99.23,51073820
100,99.88,51097740
100,99.94,51121660
100,100.49,51145580
100,100.65,51170540
100,100.46,51195500
100,100.3,51220460
100,99.69,51245420
100,98.99,51269340
100,98.7,51293260
100,99.42,51317180
100,100.53,51341100
100,101.15,51366060
100,100.89,51391020
100,100.2,51415980
100,100.07,51440940
100,99.97,51465900
100,99.23,51489820
100,98.9,51513740
100,99.6,51537660
100,100.68,51561580
100,101.28,51586540
100,101,51611500
100,99.82,51636460
100,98.63,51660380
100,98.39,51684300
100,99.16,51708220
100,100.8,51732148
100,101.87,51757100
100,101.5,51782060
100,100.25,51807020
100,98.72,51831980
100,98.18,51855900
100,98.98,51879820
100,100.15,51903740
100,101.3,51928700
100,101.48,51953660
100,100.7,51978620
100,100.03,52003592
100,99,52028540
100,98.42,52052460
100,99.18,52076392
100,99.84,52100300
100,100.4,52124220
100,101.04,52149180
100,101.26,52174140
100,100.98,52199100
100,99.81,52224060
100,98.62,52247980
100,98.38,52271900
100,99.16,52295820
100,100.3,52319740
100,101.43,52344700
100,101.59,52369660
100,100.8,52394620
100,99.65,52419580
100,98.49,52443500
100,98.27,52467420
100,99.06,52491340
100,100.71,52515260
100,101.79,52540220
100,101.43,52565180
100,100.66,52590140
100,99.54,52615100
100,98.39,52639020
100,98.18,52662940
100,98.98,52686868
100,100.64,52710780
100,101.74,52735740
100,101.39,52760700
100,100.16,52785660
100,99.1,52810620
100,98.98,52834540
100,99.17,52858460
100,99.83,52882380
100,100.39,52906300
100,100.55,52931260
100,100.84,52956220
100,100.62,52981180
100,99.97,53006140
100,99.23,53030060
100,98.9,53053980
100,99.11,53077900
100,99.77,53101820
100,100.83,53125740
100,101.41,53150700
100,101.11,53175660
100,100.38,53200620
100,99.3,53225580
100,98.67,53249500
100,99.4,53273432
100,100.02,53297340
100,100.23,53322300
100,100.57,53347260
100,100.4,53372220
100,100.24,53397180
100,100.11,53422140
100,99.53,53447100
100,99.34,53471020
100,99.98,53494940
100,100.52,53518860
100,100.18,53543820
100,100.06,53568780
100,99.96,53593740
100,99.71,53617660
100,99.8,53641580
100,99.87,53665500
100,99.94,53689420
100,100,53713340
100,100.21,53738300
100,100.55,53763260
100,100.38,53788220
100,99.76,53813180
100,99.54,53837100
100,99.65,53861020
100,99.75,53884948
100,99.83,53908860
100,99.91,53932780
100,100.46,53956700
100,100.62,53981660
100,99.97,54006620
100,99.71,54030540
100,99.8,54054460
100,99.88,54078380
100,99.95,54102300
100,100,54126220
100,100.21,54151188
100,100.55,54176140
100,100.38,54201100
100,99.76,54226060
100,99.54,54249980
100,99.65,54273900
100,99.75,54297820
100,99.84,54321740
100,99.91,54345660
100,99.97,54369580
100,100.51,54393500
100,100.67,54418460
100,100.01,54443420
100,99.91,54468380
100,99.65,54492300
100,99.26,54516220
100,99.9,54540140
100,100.45,54564060
100,100.6,54589020
100,100.41,54613980
100,99.79,54638940
100,99.56,54662860
100,99.68,54686780
100,99.77,54710700
100,99.85,54734620
100,99.92,54758540
100,99.98,54782460
100,100.03,54806380
100,100.24,54831340
100,100.58,54856300
100,100.4,54881260
100,99.78,54906220
100,99.55,54930140
100,99.67,54954060
100,99.76,54977980
100,100.33,55001900
100,100.51,55026860
100,100.34,55051820
100,100.2,55076780
100,99.61,55101740
100,99.41,55125660
100,99.54,55149588
100,100.14,55173500
100,100.36,55198460
100,100.21,55223420
100,100.08,55248380
100,99.98,55273340
100,100.19,55297260
100,99.91,55322220
100,99.66,55346140
100,99.76,55370060
100,99.84,55393980
100,99.91,55417900
100,99.97,55441820
100,100.51,55465740
100,100.67,55490700
100,100.01,55515660
100,99.91,55540620
100,99.65,55564540
100,99.26,55588460
100,99.9,55612380
100,100.45,55636300
100,100.6,55661260
100,100.42,55686220
100,99.79,55711180
100,99.57,55735100
100,99.68,55759020
100,99.77,55782940
100,99.85,55806860
100,99.92,55830780
100,100.47,55854700
100,100.63,55879660
100,99.98,55904620
100,99.72,55928540
100,99.81,55952460
100,99.89,55976380
100,100.44,56000300
100,100.61,56025260
100,100.42,56050220
100,100.27,56075180
100,99.66,56100140
100,99.46,56124060
100,99.58,56147988
100,99.69,56171900
100,99.79,56195820
100,100.35,56219740
100,101,56244700
100,100.76,56269660
100,99.62,56294620
100,98.95,56318540
100,99.15,56342460
100,99.81,56366380
100,100.86,56390300
100,100.97,56415260
100,100.26,56440220
100,99.66,56465180
100,98.97,56489100
100,98.68,56513020
100,99.41,56536940
100,100.52,56560860
100,101.61,56585820
100,101.75,56610780
100,100.46,56635740
100,98.9,56660700
100,98.33,56684620
100,98.62,56708540
100,99.85,56732460
100,101.38,56756380
100,101.41,56781340
100,100.64,56806300
100,99.99,56831260
100,99.24,56855180
100,98.91,56879116
100,99.12,56903020
100,99.3,56926940
100,99.94,56950860
100,100.97,56974780
100,101.53,56999740
100,101.21,57024712
100,100,57049660
100,98.5,57074620
100,98,57098540
100,98.83,57122460
100,100.51,57146388
100,101.62,57171340
100,101.29,57196300
100,100.54,57221260
100,99.43,57246220
100,98.79,57270140
100,99.01,57294060
100,99.2,57317980
100,99.86,57341900
100,100.9,57365820
100,101.47,57390780
100,101.16,57415740
100,99.96,57440700
100,98.75,57464620
100,98.49,57488540
100,98.76,57512460
100,99.48,57536380
100,100.58,57560300
100,101.66,57585260
100,101.79,57610220
100,100.5,57635180
100,98.93,57660140
100,98.36,57684060
100,98.65,57707980
100,99.87,57731900
100,100.91,57755820
100,100.99,57780780
100,101.22,57805740
100,100.95,57830700
100,99.78,57855660
100,99.08,57879580
100,98.78,57903500
100,99,57927420
100,100.17,57951340
100,100.85,57976300
100,100.63,58001260
100,100.44,58026220
100,99.82,58051180
100,99.12,58075100
100,99.29,58099020
100,99.93,58122940
100,100.48,58146860
100,100.62,58171820
100,100.43,58196780
100,100.27,58221752
100,100.14,58246700
100,99.56,58271660
100,99.37,58295580
100,99.51,58319500
100,99.63,58343420
100,99.73,58367340
100,100.3,58391260
100,100.96,58416220
100,100.72,58441180
100,100.06,58466140
100,99.48,58491100
100,99.3,58515020
100,99.45,58538940
100,99.58,58562860
100,100.18,58586780
100,100.85,58611740
100,100.63,58636700
100,99.98,58661660
100,99.72,58685580
100,99.81,58709500
100,99.89,58733420
100,99.95,58757340
100,100.01,58781260
100,100.22,58806220
100,100.09,58831180
100,99.98,58856140
100,100.19,58880060
100,99.91,58905020
100,99.66,58928940
100,99.76,58952860
100,99.84,58976780
100,100.4,59000700
100,100.57,59025660
100,100.4,59050620
100,100.24,59075580
100,99.65,59100540
100,99.44,59124460
100,99.57,59148380
100,99.68,59172300
100,99.77,59196220
100,99.86,59220140
100,100.41,59244060
100,100.58,59269020
100,100.4,59293980
100,100.25,59318940
100,99.65,59343900
100,99.44,59367820
100,99.57,59391740
100,99.68,59415660
100,100.27,59439580
100,100.93,59464540
100,100.7,59489500
100,100.03,59514460
100,99.46,59539420
100,99.29,59563340
100,99.44,59587260
100,100.06,59611180
100,100.75,59636140
100,100.54,59661100
100,99.9,59686060
100,99.66,59709980
100,99.76,59733900
100,99.84,59757820
100,99.91,59781740
100,99.97,59805660
100,100.02,59829580
100,100.23,59854540
100,100.57,59879500
100,100.39,59904460
100,99.77,59929420
100,99.55,59953340
100,99.66,59977260
100,99.76,60001180
100,99.84,60025100
100,99.91,60049020
100,100.46,60072940
100,100.62,60097900
100,99.97,60122860
100,99.72,60146780
100,99.81,60170700
100,99.88,60194620
100,99.95,60218540
100,100,60242460
100,100.21,60267420
100,100.09,60292380
100,99.98,60317340
100,99.7,60341268
100,99.31,60365180
100,99.95,60389100
100,100.49,60413020
100,100.63,60437980
100,100.44,60462940
100,100.28,60487900
100,100.15,60512860
100,99.56,60537820
100,99.37,60561740
100,99.51,60585660
100,99.63,60609580
100,99.73,60633500
100,100.31,60657420
100,100.96,60682380
100,100.73,60707340
100,100.06,60732300
100,99.49,60757260
100,99.3,60781180
100,99.45,60805100
100,99.58,60829020
100,100.18,60852940
100,100.85,60877900
100,100.63,60902860
100,99.98,60927820
100,99.72,60951740
100,99.81,60975660
100,99.89,60999580
100,99.95,61023500
100,100.01,61047420
100,99.75,61072380
100,99.53,61096300
100,100.13,61120220
100,100.81,61145180
100,100.6,61170140
100,99.95,61195100
100,99.7,61219020
100,99.3,61242940
100,98.96,61266860
100,99.65,61290780
100,100.73,61314700
100,100.85,61339668
100,100.63,61364620
100,100.45,61389580
100,99.82,61414540
100,99.1,61438460
100,98.79,61462380
100,99.5,61486300
100,100.6,61510220
100,101.21,61535180
100,100.94,61560140
100,100.24,61585100
100,99.64,61610060
100,98.95,61633980
100,98.66,61657900
100,99.39,61681820
100,100.51,61705740
100,101.13,61730700
100,101.34,61755660
100,100.58,61780620
100,99.46,61805588
100,99.28,61829500
100,99.44,61853420
100,99.57,61877340
100,100.17,61901260
100,100.37,61926220
100,100.22,61951180
100,100.1,61976140
100,99.99,62001100
100,99.71,62025020
100,99.31,62048940
100,99.95,62072860
100,100.49,62096780
100,100.63,62121740
100,100.44,62146700
100,99.82,62171660
100,99.1,62195580
100,98.79,62219500
100,99.5,62243420
100,100.6,62267340
100,101.21,62292300
100,100.94,62317260
100,100.24,62342220
100,99.64,62367180
100,98.95,62391100
100,99.15,62415020
100,99.81,62438940
100,100.37,62462860
100,101.02,62487820
100,100.77,62512780
100,100.1,62537748
100,99.52,62562700
100,99.33,62586620
100,99.48,62610540
100,99.6,62634460
100,100.2,62658380
100,100.87,62683340
100,100.65,62708300
100,99.99,62733260
100,99.73,62757180
100,99.82,62781100
100,99.89,62805020
100,99.96,62828940
100,100.01,62852860
100,99.75,62877820
100,99.53,62901740
100,100.14,62925660
100,100.35,62950620
100,100.2,62975580
100,100.55,63000540
100,100.37,63025500
100,99.75,63050460
100,99.53,63074380
100,99.65,63098300
100,99.75,63122220
100,99.83,63146140
100,99.9,63170060
100,99.97,63193980
100,100.51,63217900
100,100.66,63242860
100,100,63267820
100,99.91,63292792
100,99.64,63316700
100,99.26,63340620
100,99.9,63364540
100,100.45,63388460
100,100.6,63413420
100,100.41,63438380
100,99.79,63463340
100,99.56,63487260
100,99.19,63511180
100,99.35,63535100
100,100.47,63559020
100,101.1,63583980
100,100.85,63608940
100,99.69,63633900
100,99.01,63657820
100,99.2,63681740
100,99.37,63705660
100,100,63729580
100,100.7,63754540
100,100.97,63779500
100,100.73,63804460
100,100.06,63829420
100,99.49,63854380
100,99.31,63878300
100,99.94,63902228
100,100.49,63926140
100,100.16,63951100
100,100.04,63976060
100,99.94,64001020
100,99.69,64024940
100,99.79,64048860
100,99.86,64072780
100,99.93,64096700
100,99.99,64120620
100,100.04,64144540
100,100.24,64169500
100,100.58,64194460
100,100.4,64219420
100,99.78,64244380
100,99.06,64268308
100,99.25,64292232
100,99.89,64316140
100,99.96,64340060
100,100.5,64363980
100,101.13,64388940
100,100.87,64413900
100,99.71,64438860
100,99.03,64462780
100,99.22,64486700
100,99.38,64510620
100,100,64534552
100,100.7,64559500
100,100.51,64584460
100,100.34,64609420
100,100.19,64634380
100,99.6,64659340
100,99.4,64683260
100,99.54,64707180
100,100.14,64731100
100,100.82,64756060
100,100.61,64781020
100,99.95,64805980
100,99.22,64829900
100,98.89,64853820
100,99.59,64877740
100,100.18,64901660
100,100.84,64926620
100,101.09,64951580
100,100.37,64976540
100,99.75,65001500
100,99.04,65025420
100,99.23,65049340
100,99.88,65073260
100,99.94,65097180
100,100.49,65121100
100,101.11,65146060
100,100.86,65171020
100,99.7,65195980
100,99.02,65219900
100,99.21,65243820
100,99.37,65267740
100,100,65291660
100,100.7,65316620
100,100.97,65341580
100,100.73,65366540
100,100.06,65391500
100,99.49,65416460
100,99.31,65440380
100,99.46,65464300
100,100.07,65488220
100,100.76,65513180
100,100.56,65538140
100,99.91,65563100
100,99.67,65587024
100,99.27,65610940
100,98.94,65634860
100,99.63,65658780
100,100.71,65682700
100,101.3,65707660
100,101.02,65732628
100,99.84,65757580
100,99.14,65781500
100,99.31,65805420
100,99.46,65829340
100,99.59,65853260
100,100.18,65877180
100,100.86,65902140
100,100.64,65927100
100,99.98,65952060
100,99.73,65975980
100,99.81,65999900
100,99.89,66023820
100,99.95,66047740
100,100.01,66071660
100,99.75,66096620
100,100.02,66120540
100,100.24,66145500
100,100.11,66170460
100,100.47,66195420
100,100.31,66220380
100,99.7,66245340
100,99.49,66269260
100,99.61,66293180
100,99.71,66317100
100,99.8,66341020
100,100.37,66364940
100,100.55,66389900
100,100.37,66414860
100,100.22,66439820
100,99.62,66464788
100,99.42,66488700
100,99.56,66512620
100,99.67,66536540
100,100.25,66560460
100,100.92,66585420
100,100.69,66610380
100,100.02,66635340
100,99.46,66660300
100,99.28,66684220
100,99.43,66708140
100,99.56,66732060
100,100.16,66755980
100,100.84,66780940
100,100.62,66805900
100,100.44,66830860
100,100.28,66855820
100,99.67,66880780
100,98.98,66904700
100,98.69,66928620
100,99.41,66952540
100,100.52,66976460
100,101.15,67001420
100,101.35,67026380
100,101.06,67051340
100,99.87,67076300
100,98.68,67100220
100,98.43,67124140
100,99.2,67148060
100,100.34,67171980
100,101.45,67196948
100,101.61,67221900
100,100.82,67246860
100,99.67,67271820
100,98.5,67295740
100,98.28,67319660
100,99.07,67343580
100,100.23,67367500
100,100.89,67392460
100,100.67,67417420
100,100.48,67442380
100,100.31,67467340
100,99.7,67492300
100,99.49,67516220
100,99.61,67540140
100,99.72,67564060
100,100.29,67587980
100,100.48,67612940
100,100.32,67637900
100,100.17,67662868
100,100.05,67687820
100,99.95,67712780
100,99.7,67736700
100,99.79,67760632
100,99.38,67784540
100,99.52,67808460
100,100.13,67832380
100,100.32,67857340
100,100.65,67882300
100,100.46,67907260
100,99.83,67932220
100,99.6,67956140
100,99.7,67980060
100,99.79,68003980
100,99.87,68027900
100,99.94,68051820
100,99.99,68075740
100,100.04,68099660
100,100.25,68124620
100,100.58,68149580
100,100.4,68174540
100,99.78,68199500
100,99.56,68223420
100,99.67,68247340
100,99.77,68271260
100,100.34,68295180
100,100.52,68320140
100,100.35,68345100
100,100.2,68370060
100,99.61,68395028
100,99.41,68418940
100,99.54,68442860
100,99.66,68466780
100,100.24,68490712
100,100.44,68515660
100,100.28,68540620
100,100.15,68565580
100,100.03,68590540
100,99.93,68615500
100,99.68,68639420
100,99.78,68663340
100,99.86,68687260
100,99.93,68711180
100,100.47,68735100
100,100.63,68760060
100,99.98,68785020
100,99.73,68808940
100,99.81,68832860
100,99.89,68856780
100,99.95,68880700
100,100.01,68904620
100,100.22,68929580
100,100.09,68954540
100,99.98,68979500
100,100.2,69003420
100,99.91,69028380
100,99.67,69052300
100,99.76,69076220
100,99.84,69100140
100,99.91,69124060
100,99.98,69147980
100,100.03,69171900
100,100.23,69196860
100,100.57,69221820
100,100.39,69246780
100,99.77,69271740
100,99.55,69295660
100,99.66,69319580
100,99.76,69343500
100,99.84,69367420
100,100.4,69391340
100,100.57,69416300
100,100.4,69441260
100,100.24,69466220
100,99.65,69491180
100,99.44,69515100
100,99.57,69539020
100,99.68,69562940
100,99.77,69586860
100,100.34,69610780
100,100.99,69635740
100,100.75,69660700
100,100.08,69685660
100,99.51,69710620
100,99.32,69734552
100,99.46,69758460
100,99.59,69782380
100,99.7,69806300
100,100.28,69830220
100,100.94,69855180
100,100.71,69880140
100,100.04,69905100
100,99.47,69930060
100,99.29,69953980
100,99.44,69977900
100,99.57,70001820
100,100.17,70025740
100,100.84,70050700
100,100.63,70075660
100,100.44,70100620
100,100.28,70125588
100,99.68,70150540
100,98.98,70174460
100,98.69,70198380
100,99.42,70222300
100,100.53,70246220
100,101.15,70271180
100,100.89,70296140
100,100.19,70321100
100,99.6,70346060
100,99.4,70369980
100,99.54,70393900
100,99.65,70417820
100,100.24,70441740
100,100.9,70466700
100,100.68,70491660
100,100.02,70516620
100,99.45,70541580
100,99.27,70565500
100,99.43,70589420
100,100.04,70613348
100,100.74,70638300
100,100.54,70663260
100,99.9,70688220
100,99.65,70712140
100,99.75,70736060
100,99.84,70759980
100,99.91,70783900
100,100.46,70807820
100,100.62,70832780
100,99.97,70857748
100,99.71,70881660
100,99.81,70905580
100,99.88,70929500
100,99.95,70953420
100,100,70977340
100,100.21,71002300
100,100.09,71027260
100,99.98,71052220
100,100.19,71076140
100,99.91,71101100
100,99.66,71125020
100,99.76,71148940
100,99.84,71172860
100,99.91,71196780
100,99.97,71220700
100,100.51,71244620
100,100.67,71269580
100,100.01,71294540
100,99.45,71319500
100,99.27,71343420
100,99.91,71367340
100,100.46,71391260
100,100.6,71416220
100,100.42,71441180
100,99.8,71466140
100,99.57,71490060
100,99.68,71513980
100,99.77,71537900
100,99.86,71561820
100,99.92,71585740
100,99.98,71609660
100,100.03,71633580
100,100.24,71658540
100,100.58,71683500
100,100.4,71708460
100,100.25,71733420
100,100.11,71758380
100,99.54,71783340
100,99.35,71807260
100,99.49,71831180
100,99.61,71855100
100,100.2,71879020
100,100.87,71903980
100,100.65,71928940
100,99.99,71953900
100,99.74,71977820
100,99.33,72001740
100,99.48,72025664
100,100.09,72049580
100,100.29,72074540
100,100.62,72099508
100,100.43,72124460
100,99.81,72149420
100,99.58,72173340
100,99.69,72197260
100,99.78,72221180
100,99.86,72245100
100,99.93,72269020
100,99.99,72292940
100,100.04,72316860
100,100.24,72341820
100,100.58,72366780
100,100.4,72391740
100,99.78,72416700
100,99.55,72440620
100,99.67,72464540
100,99.76,72488460
100,99.85,72512380
100,100.4,72536300
100,100.58,72561260
100,100.4,72586220
100,100.24,72611180
100,99.65,72636140
100,99.44,72660060
100,99.57,72683980
100,99.68,72707900
100,99.78,72731820
100,100.34,72755740
100,100.99,72780700
100,100.75,72805660
100,100.08,72830620
100,99.51,72855580
100,98.83,72879500
100,98.56,72903420
100,99.31,72927340
100,100.43,72951260
100,101.07,72976220
100,101.29,73001180
100,101,73026140
100,100.29,73051100
100,99.69,73076060
100,98.99,73099980
100,98.7,73123900
100,99.42,73147820
100,100.53,73171740
100,101.15,73196700
100,100.89,73221660
100,99.73,73246620
100,99.04,73270540
100,99.23,73294460
100,99.39,73318380
100,100.02,73342300
100,100.71,73367260
100,100.98,73392220
100,100.74,73417180
100,100.07,73442140
100,99.5,73467100
100,98.83,73491020
100,98.55,73514952
100,99.3,73538860
100,100.92,73562780
100,101.97,73587740
100,101.59,73612700
100,100.33,73637660
100,98.78,73662620
100,98.23,73686540
100,98.54,73710460
100,99.78,73734380
100,101.32,73758300
100,101.83,73783260
100,101,73808220
100,99.35,73833180
100,98.72,73857100
100,98.96,73881020
100,99.65,73904940
100,100.23,73928860
100,100.41,73953820
100,100.72,73978780
100,100.99,74003740
100,100.75,74028700
100,100.08,74053660
100,99.51,74078620
100,98.83,74102540
100,99.05,74126460
100,99.72,74150380
100,100.3,74174300
100,100.96,74199260
100,100.72,74224220
100,100.05,74249180
100,99.48,74274140
100,99.3,74298060
100,99.45,74321980
100,100.07,74345900
100,100.76,74370860
100,100.55,74395820
100,99.91,74420780
100,99.66,74444700
100,99.76,74468620
100,99.84,74492540
100,99.91,74516460
100,99.97,74540380
100,100.03,74564300
100,100.23,74589260
100,100.1,74614220
100,99.99,74639180
100,99.72,74663100
100,99.32,74687020
100,99.95,74710940
100,100.5,74734860
100,100.63,74759820
100,100.44,74784788
100,99.82,74809740
100,99.1,74833660
100,99.28,74857580
100,99.92,74881500
100,99.98,74905420
100,100.52,74929340
100,100.67,74954300
100,100.48,74979260
100,100.32,75004220
100,99.71,75029180
100,99.49,75053100
100,99.61,75077020
100,99.72,75100940
100,99.81,75124860
100,99.88,75148780
100,99.95,75172700
100,100.49,75196620
100,100.65,75221580
100,100.46,75246540
100,100.3,75271500
100,99.69,75296460
100,98.99,75320380
100,99.19,75344300
100,99.84,75368220
100,100.4,75392140
100,100.57,75417100
100,100.39,75442060
100,100.24,75467020
100,100.11,75491980
100,100,75516948
100,99.44,75541900
100,99.26,75565820
100,99.91,75589740
100,100.46,75613660
100,100.6,75638620
100,100.42,75663580
100,99.79,75688540
100,99.57,75712460
100,99.68,75736380
100,99.77,75760300
100,100.34,75784220
100,100.52,75809180
100,100.35,75834140
100,100.21,75859100
100,99.61,75884060
100,99.41,75907980
100,99.55,75931900
100,99.66,75955820
100,99.76,75979740
100,100.33,76003660
100,100.98,76028620
100,100.74,76053580
100,100.07,76078540
100,99.5,76103500
100,99.31,76127420
100,99.46,76151340
100,100.08,76175260
100,100.3,76200220
100,100.16,76225180
100,100.51,76250140
100,100.34,76275100
100,99.73,76300060
100,99.51,76323980
100,99.63,76347900
100,99.73,76371820
100,100.31,76395740
100,100.49,76420700
100,100.33,76445660
100,100.18,76470620
100,99.59,76495580
100,99.4,76519500
100,99.53,76543420
100,100.14,76567340
100,100.82,76592300
100,100.6,76617260
100,99.95,76642220
100,99.21,76666140
100,99.38,76690060
100,100,76713980
100,100.21,76738940
100,100.55,76763900
100,100.38,76788860
100,99.76,76813820
100,99.54,76837740
100,99.65,76861660
100,99.75,76885580
100,100.32,76909500
100,100.51,76934460
100,100.34,76959420
100,100.19,76984380
100,99.6,77009340
100,99.4,77033260
100,99.54,77057180
100,100.14,77081100
100,100.82,77106060
100,100.61,77131020
100,99.95,77155980
100,99.7,77179900
100,99.31,77203820
100,99.46,77227740
100,100.07,77251660
100,100.27,77276620
100,100.6,77301580
100,100.42,77326540
100,99.8,77351500
100,99.57,77375420
100,99.68,77399340
100,99.77,77423260
100,99.85,77447188
100,100.41,77471100
100,100.58,77496060
100,100.4,77521020
100,100.25,77545980
100,99.65,77570940
100,99.44,77594860
100,99.57,77618780
100,99.68,77642700
100,99.78,77666620
100,100.35,77690540
100,100.53,77715500
100,100.35,77740460
100,100.21,77765420
100,99.62,77790380
100,99.41,77814300
100,99.55,77838220
100,100.15,77862140
100,100.83,77887100
100,100.61,77912060
100,99.96,77937020
100,99.71,77960940
100,99.31,77984860
100,99.46,78008780
100,100.07,78032700
100,100.27,78057660
100,100.61,78082620
100,100.42,78107580
100,99.8,78132540
100,99.57,78156460
100,99.68,78180380
100,99.78,78204300
100,99.86,78228220
100,99.92,78252140
100,100.47,78276060
100,100.63,78301020
100,99.98,78325980
100,99.72,78349900
100,99.81,78373820
100,99.89,78397740
100,99.95,78421660
100,100,78445588
100,100.21,78470540
100,100.09,78495500
100,99.98,78520460
100,100.2,78544380
100,99.91,78569340
100,99.67,78593260
100,99.76,78617180
100,99.84,78641100
100,99.92,78665020
100,99.98,78688940
100,100.51,78712860
100,100.67,78737820
100,100.01,78762780
100,99.45,78787740
100,99.27,78811660
100,99.91,78835580
100,100.46,78859500
100,100.6,78884460
100,100.42,78909420
100,99.8,78934380
100,99.57,78958300
100,99.68,78982220
100,99.77,79006140
100,99.86,79030060
100,99.92,79053980
100,99.98,79077900
100,100.03,79101820
100,100.24,79126780
100,100.58,79151740
100,100.4,79176700
100,100.25,79201660
100,100.11,79226620
100,99.54,79251580
100,99.35,79275500
100,99.49,79299420
100,99.61,79323340
100,100.2,79347260
100,100.87,79372220
100,100.65,79397180
100,99.99,79422140
100,99.25,79446060
100,98.92,79469980
100,99.61,79493900
100,100.69,79517820
100,101.29,79542780
100,101.01,79567740
100,99.83,79592700
100,99.13,79616620
100,99.3,79640540
100,99.45,79664460
100,100.07,79688380
100,100.76,79713340
100,101.02,79738300
100,100.31,79763260
100,99.23,79788220
100,99.09,79812140
100,99.27,79836060
100,99.91,79859980
100,100.46,79883900
100,100.6,79908860
100,100.89,79933820
100,100.66,79958780
100,99.54,79983740
100,98.88,80007660
100,99.09,80031580
100,99.76,80055500
100,100.33,80079420
100,100.49,80104380
100,100.79,80129340
100,100.58,80154300
100,99.94,80179260
100,99.2,80203180
100,98.88,80227100
100,99.58,80251020
100,100.66,80274940
100,101.26,80299900
100,100.99,80324860
100,99.81,80349820
100,99.11,80373740
100,99.29,80397672
100,99.44,80421580
100,99.57,80445500
100,100.17,80469420
100,100.84,80494380
100,100.63,80519340
100,100.44,80544312
100,100.28,80569260
100,99.21,80594220
100,98.6,80618140
100,99.34,80642068
100,100.46,80665980
100,101.09,80690940
100,100.84,80715900
100,100.15,80740860
100,99.57,80765820
100,99.37,80789740
100,99.51,80813660
100,100.12,80837580
100,100.8,80862540
100,100.59,80887500
100,99.94,80912460
100,99.2,80936380
100,98.88,80960300
100,99.58,80984220
100,100.18,81008140
100,100.36,81033100
100,100.68,81058060
100,100.96,81083020
100,100.72,81107988
100,100.05,81132940
100,99.48,81157912
100,98.81,81181820
100,98.55,81205740
100,99.3,81229660
100,100.91,81253580
100,101.96,81278540
100,101.12,81303500
100,99.92,81328460
100,99.19,81352380
100,98.38,81376300
100,98.66,81400220
100,99.88,81424140
100,100.92,81448060
100,101.49,81473020
100,101.18,81497980
100,99.97,81522940
100,99.25,81546860
100,98.92,81570780
100,99.13,81594700
100,99.79,81618620
100,100.36,81642540
100,101,81667500
100,100.76,81692460
100,100.09,81717420
100,99.98,81742380
100,99.71,81766300
100,99.31,81790220
100,99.46,81814140
100,100.07,81838060
100,100.76,81863020
100,100.55,81887980
100,99.91,81912940
100,99.67,81936860
100,99.76,81960792
100,99.84,81984700
100,99.92,82008620
100,99.98,82032540
100,100.03,82056460
100,99.77,82081420
100,99.54,82105340
100,100.15,82129260
100,100.82,82154220
100,100.61,82179180
100,99.96,82204140
100,99.22,82228060
100,98.89,82251980
100,99.59,82275900
100,100.19,82299820
100,100.37,82324780
100,100.69,82349740
100,100.96,82374700
100,100.73,82399660
100,99.59,82424620
100,98.92,82448540
100,99.13,82472460
100,99.79,82496380
100,100.36,82520300
100,100.52,82545260
100,100.81,82570220
100,100.6,82595180
100,99.95,82620140
100,99.21,82644060
100,98.89,82667980
100,99.1,82691900
100,99.76,82715820
100,100.82,82739740
100,101.4,82764700
100,101.1,82789660
100,100.38,82814620
100,99.29,82839580
100,98.67,82863500
100,98.91,82887420
100,99.61,82911340
100,100.2,82935260
100,100.38,82960220
100,100.7,82985180
100,100.97,83010140
100,100.73,83035100
100,99.6,83060060
100,98.93,83083980
100,99.13,83107900
100,99.31,83131820
100,99.95,83155740
100,100.98,83179660
100,101.07,83204620
100,100.35,83229580
100,99.73,83254540
100,99.52,83278460
100,99.15,83302380
100,99.32,83326300
100,99.95,83350220
100,100.5,83374140
100,101.12,83399100
100,100.86,83424060
100,100.18,83449020
100,99.12,83473980
100,98.52,83497900
100,99.27,83521820
100,100.4,83545740
100,101.04,83570708
100,100.79,83595660
100,100.12,83620620
100,100,83645592
100,99.91,83670540
100,99.67,83694460
100,99.76,83718380
100,99.85,83742300
100,99.92,83766220
100,99.98,83790140
100,100.03,83814060
100,100.23,83839020
100,100.11,83863980
100,100,83888940
100,99.9,83913900
100,99.66,83937820
100,99.76,83961740
100,99.84,83985660
100,100.4,84009580
100,100.57,84034540
100,100.39,84059500
100,100.24,84084460
100,99.64,84109420
100,98.95,84133340
100,99.15,84157260
100,99.81,84181180
100,100.37,84205100
100,101.02,84230060
100,100.78,84255020
100,100.1,84279980
100,99.52,84304940
100,99.33,84328860
100,99.48,84352780
100,100.09,84376700
100,100.78,84401660
100,100.57,84426620
100,99.92,84451580
100,99.68,84475500
100,99.28,84499420
100,99.44,84523340
100,100.05,84547260
100,100.26,84572220
100,100.59,84597180
100,100.41,84622140
100,99.79,84647100
100,99.56,84671020
100,99.67,84694940
100,99.77,84718860
100,99.85,84742780
100,100.41,84766700
100,100.58,84791660
100,100.4,84816620
100,100.25,84841580
100,99.65,84866540
100,99.44,84890460
100,99.57,84914380
100,99.68,84938300
100,99.78,84962220
100,100.34,84986140
100,100.99,85011100
100,100.75,85036060
100,100.08,85061020
100,99.51,85085980
100,99.32,85109900
100,99.47,85133820
100,99.59,85157740
100,99.7,85181660
100,100.28,85205580
100,100.94,85230540
100,100.71,85255500
100,100.04,85280460
100,99.47,85305420
100,99.29,85329340
100,99.44,85353260
100,100.06,85377188
100,100.75,85402140
100,100.55,85427100
100,99.9,85452060
100,99.66,85475980
100,99.76,85499900
100,99.84,85523820
100,99.91,85547740
100,99.97,85571660
100,100.51,85595580
100,100.67,85620540
100,100.01,85645500
100,99.44,85670460
100,99.27,85694380
100,99.91,85718300
100,100.46,85742220
100,100.13,85767188
100,100.02,85792140
100,99.92,85817100
100,99.68,85841020
100,100.26,85864940
100,100.45,85889900
100,100.29,85914860
100,100.16,85939820
100,99.57,85964780
100,99.38,85988700
100,99.51,86012620
100,100.12,86036540
100,100.8,86061500
100,100.59,86086460
100,99.94,86111420
100,99.69,86135340
100,99.3,86159260
100,99.45,86183180
100,100.06,86207100
100,100.27,86232060
100,100.6,86257020
100,100.42,86281980
100,99.79,86306940
100,99.57,86330860
100,99.68,86354780
100,99.77,86378700
100,100.34,86402620
100,100.52,86427580
100,100.35,86452540
100,100.21,86477500
100,99.61,86502460
100,99.41,86526380
100,99.55,86550300
100,99.66,86574220
100,100.25,86598140
100,100.91,86623100
100,100.68,86648060
100,100.02,86673020
100,99.45,86697980
100,98.79,86721900
100,99.01,86745820
100,100.18,86769740
100,100.85,86794700
100,101.1,86819660
100,100.85,86844620
100,99.69,86869580
100,99.01,86893500
100,99.2,86917420
100,99.37,86941340
100,99.99,86965268
100,100.53,86989180
100,100.67,87014140
100,100.94,87039100
100,100.71,87064060
100,100.04,87089020
100,99.01,87113980
100,98.43,87137900
100,99.19,87161820
100,100.33,87185740
100,100.98,87210700
100,101.21,87235660
100,100.94,87260620
100,100.24,87285580
100,99.18,87310540
100,98.57,87334460
100,99.32,87358380
100,100.44,87382300
100,101.07,87407260
100,100.82,87432220
100,100.14,87457180
100,99.56,87482140
100,99.36,87506060
100,99.5,87529980
100,99.62,87553900
100,99.73,87577820
100,100.3,87601740
100,100.49,87626700
100,100.32,87651660
100,100.18,87676620
100,99.59,87701580
100,99.39,87725500
100,100.02,87749420
100,100.72,87774380
100,100.52,87799340
100,99.88,87824300
100,99.64,87848220
100,99.74,87872140
100,99.82,87896060
100,99.9,87919980
100,99.96,87943900
100,100.01,87967820
100,100.22,87992780
100,100.1,88017740
100,99.99,88042700
100,100.2,88066632
100,99.91,88091580
100,99.67,88115500
100,99.76,88139420
100,99.84,88163348
100,99.91,88187260
100,99.98,88211180
100,100.52,88235100
100,100.67,88260060
100,100.01,88285020
100,99.92,88309980
100,99.65,88333900
100,99.26,88357820
100,99.42,88381740
100,100.04,88405660
100,100.73,88430620
100,101,88455580
100,100.76,88480540
100,99.62,88505500
100,98.95,88529420
100,99.15,88553340
100,99.32,88577260
100,99.96,88601180
100,100.99,88625100
100,101.07,88650060
100,100.35,88675020
100,99.74,88699980
100,99.03,88723900
100,99.22,88747820
100,99.87,88771740
100,100.43,88795660
100,100.59,88820620
100,100.41,88845580
100,100.26,88870540
100,99.66,88895508
100,99.45,88919420
100,99.58,88943340
100,100.18,88967260
100,100.85,88992220
100,100.63,89017180
100,99.98,89042140
100,99.23,89066060
100,98.91,89089980
100,99.6,89113900
100,100.68,89137820
100,101.28,89162780
100,101,89187740
100,99.82,89212700
100,98.64,89236620
100,98.39,89260540
100,99.17,89284460
100,100.31,89308380
100,101.43,89333340
100,101.6,89358300
100,100.8,89383260
100,99.65,89408220
100,98.49,89432140
100,98.27,89456060
100,99.06,89479980
100,100.71,89503900
100,101.79,89528860
100,101.44,89553820
100,100.2,89578780
100,99.14,89603740
100,98.51,89627668
100,98.78,89651580
100,99.98,89675500
100,101.01,89699420
100,101.09,89724380
100,100.37,89749340
100,99.76,89774300
100,99.53,89798220
100,99.65,89822140
100,99.75,89846060
100,100.32,89869980
100,100.51,89894940
100,100.34,89919900
100,100.19,89944860
100,99.6,89969820
100,99.4,89993740
100,99.54,90017660
100,100.14,90041580
100,100.35,90066540
100,100.21,90091500
100,100.08,90116460
100,99.97,90141420
100,100.19,90165340
100,99.9,90190300
100,99.66,90214220
100,99.76,90238140
100,99.84,90262060
100,99.91,90285980
100,99.97,90309900
100,100.51,90333820
100,100.67,90358780
100,100.01,90383740
100,99.44,90408700
100,99.27,90432620
100,99.91,90456540
100,100.46,90480460
100,100.6,90505420
100,100.42,90530380
100,99.8,90555340
100,99.57,90579260
100,99.68,90603180
100,99.77,90627100
100,99.85,90651020
100,99.92,90674940
100,99.98,90698860
100,100.52,90722792
100,100.67,90747740
100,100.01,90772700
100,99.45,90797660
100,99.27,90821580
100,99.92,90845500
100,100.46,90869420
100,100.61,90894380
100,100.42,90919340
100,99.8,90944300
100,99.57,90968220
100,99.68,90992140
100,99.78,91016060
100,99.86,91039980
100,100.41,91063912
100,100.58,91088860
100,99.94,91113820
100,99.69,91137740
100,99.78,91161660
100,99.86,91185580
100,99.93,91209500
100,100.48,91233420
100,100.64,91258380
100,99.98,91283340
100,99.73,91307260
100,99.81,91331180
100,99.89,91355100
100,99.95,91379020
100,100.01,91402940
100,99.75,91427900
100,99.53,91451820
100,100.13,91475740
100,100.81,91500700
100,100.6,91525660
100,99.95,91550620
100,99.21,91574540
100,98.89,91598460
100,99.1,91622380
100,99.76,91646300
100,100.82,91670220
100,101.4,91695180
100,101.1,91720140
100,100.38,91745100
100,99.76,91770060
100,99.05,91793980
100,98.75,91817900
100,99.47,91841820
100,100.57,91865740
100,101.18,91890708
100,100.91,91915660
100,100.22,91940620
100,99.16,91965580
100,98.56,91989500
100,98.81,92013420
100,99.52,92037340
100,100.62,92061260
100,101.69,92086220
100,101.82,92111180
100,100.52,92136140
100,98.95,92161100
100,98.38,92185020
100,98.66,92208940
100,99.88,92232860
100,101.41,92256780
100,101.44,92281740
100,100.66,92306700
100,99.54,92331660
100,98.39,92355580
100,98.67,92379500
100,99.89,92403420
100,100.93,92427340
100,101.03,92452300
100,100.78,92477260
100,100.11,92502220
100,99.06,92527180
100,98.94,92551100
100,99.63,92575020
100,100.22,92598940
100,100.4,92623900
100,100.71,92648860
100,100.51,92673820
100,99.88,92698780
100,99.64,92722700
100,99.74,92746620
100,99.82,92770540
100,99.9,92794460
100,99.96,92818380
100,100.01,92842300
100,100.22,92867260
100,100.56,92892220
100,100.39,92917180
100,99.77,92942140
100,99.54,92966060
100,99.66,92989980
100,99.76,93013900
100,100.33,93037820
100,100.51,93062780
100,100.34,93087740
100,100.2,93112700
100,99.61,93137660
100,99.41,93161580
100,99.54,93185500
100,99.66,93209420
100,100.24,93233340
100,100.91,93258300
100,100.68,93283260
100,100.02,93308220
100,98.98,93333180
100,98.41,93357100
100,99.18,93381020
100,100.32,93404940
100,101.44,93429900
100,101.6,93454860
100,100.81,93479820
100,99.66,93504780
100,98.49,93528700
100,98.76,93552620
100,99.48,93576540
100,100.09,93600460
100,100.78,93625420
100,101.04,93650380
100,100.79,93675340
100,100.11,93700300
100,99.53,93725260
100,99.34,93749180
100,99.49,93773100
100,99.61,93797020
100,99.71,93820948
100,100.29,93844860
100,100.48,93869820
100,100.32,93894780
100,100.18,93919740
100,100.06,93944700
100,99.95,93969660
100,99.7,93993580
100,99.79,94017500
100,99.87,94041420
100,99.94,94065340
100,99.99,94089260
100,100.04,94113180
100,100.25,94138140
100,100.12,94163100
100,100,94188060
100,100.38,94213020
100,100.23,94237980
100,99.63,94262940
100,99.43,94286868
100,99.56,94310780
100,100.16,94334700
100,100.84,94359660
100,100.62,94384620
100,99.97,94409580
100,99.23,94433500
100,98.9,94457420
100,99.59,94481340
100,100.19,94505260
100,100.84,94530220
100,101.09,94555180
100,100.37,94580140
100,99.75,94605100
100,99.53,94629020
100,99.65,94652940
100,99.75,94676860
100,99.83,94700780
100,99.9,94724700
100,99.97,94748620
100,100.02,94772540
100,100.23,94797500
100,100.57,94822460
100,100.39,94847420
100,99.77,94872380
100,99.55,94896300
100,99.66,94920220
100,99.76,94944140
100,99.84,94968060
100,99.91,94991980
100,100.46,95015900
100,100.62,95040860
100,100.44,95065820
100,100.28,95090780
100,99.21,95115740
100,98.6,95139660
100,99.34,95163580
100,99.97,95187500
100,100.51,95211420
100,101.14,95236380
100,100.88,95261340
100,100.19,95286300
100,99.6,95311260
100,99.4,95335180
100,99.53,95359100
100,99.65,95383020
100,99.75,95406940
100,100.32,95430860
100,100.97,95455820
100,100.74,95480780
100,100.07,95505740
100,99.49,95530700
100,98.82,95554620
100,99.04,95578540
100,99.72,95602460
100,100.29,95626380
100,100.95,95651340
100,101.19,95676300
100,100.92,95701260
100,100.22,95726220
100,99.62,95751188
100,98.93,95775100
100,98.65,95799020
100,99.38,95822940
100,100.5,95846860
100,101.12,95871820
100,100.87,95896780
100,100.18,95921740
100,99.59,95946700
100,99.39,95970620
100,99.53,95994540
100,99.64,96018460
100,99.74,96042380
100,100.32,96066300
100,100.5,96091260
100,100.33,96116220
100,100.19,96141180
100,99.6,96166140
100,99.4,96190060
100,100.02,96213980
100,100.72,96238940
100,100.52,96263900
100,99.88,96288860
100,99.64,96312780
100,99.25,96336700
100,99.41,96360620
100,100.03,96384540
100,100.24,96409500
100,100.58,96434460
100,100.4,96459420
100,100.24,96484380
100,100.11,96509340
100,99.54,96534300
100,99.35,96558220
100,99.98,96582140
100,100.52,96606060
100,100.18,96631020
100,100.06,96655980
100,99.96,96680940
100,99.71,96704860
100,99.8,96728780
100,99.87,96752700
100,100.43,96776620
100,100.6,96801580
100,99.95,96826540
100,99.7,96850460
100,99.79,96874380
100,99.87,96898300
100,99.94,96922220
100,99.99,96946140
100,100.04,96970060
100,100.25,96995020
100,100.12,97019980
100,99.54,97044940
100,99.35,97068860
100,99.98,97092780
100,100.52,97116700
100,100.65,97141660
100,100.46,97166620
100,99.83,97191580
100,99.6,97215508
100,99.7,97239420
100,99.8,97263340
100,99.87,97287260
100,99.94,97311180
100,100,97335100
100,100.21,97360060
100,100.55,97385020
100,100.38,97409980
100,99.76,97434940
100,99.54,97458860
100,99.65,97482780
100,99.75,97506700
100,100.32,97530620
100,100.51,97555580
100,100.34,97580540
100,100.19,97605500
100,99.6,97630460
100,99.4,97654380
100,99.54,97678300
100,99.65,97702220
100,100.24,97726140
100,100.9,97751100
100,100.68,97776060
100,100.02,97801020
100,99.45,97825980
100,99.27,97849900
100,99.92,97873820
100,100.46,97897740
100,100.61,97922700
100,100.42,97947668
100,99.8,97972620
100,99.08,97996540
100,99.26,98020460
100,99.91,98044380
100,100.46,98068300
100,100.62,98093260
100,100.44,98118220
100,100.28,98143180
100,99.67,98168140
100,99.46,98192060
100,99.59,98215980
100,99.7,98239900
100,99.79,98263820
100,100.36,98287740
100,100.54,98312700
100,100.36,98337660
100,100.22,98362620
100,99.62,98387580
100,99.42,98411500
100,99.55,98435420
100,100.15,98459340
100,100.83,98484300
100,100.61,98509260
100,99.96,98534220
100,99.22,98558140
100,98.89,98582060
100,99.59,98605980
100,100.68,98629900
100,100.81,98654860
100,100.59,98679828
100,100.41,98704780
100,99.79,98729740
100,99.08,98753660
100,98.77,98777580
100,99,98801500
100,99.68,98825420
100,100.75,98849340
100,101.81,98874300
100,101.92,98899260
100,100.61,98924220
100,99.02,98949180
100,97.95,98973100
100,98.3,98997020
100,99.57,99020940
100,101.14,99044860
100,102.16,99069820
100,101.29,99094780
100,99.6,99119740
100,98.93,99143660
100,98.65,99167580
100,98.89,99191500
100,100.08,99215420
100,101.23,99240380
100,101.43,99265340
100,100.66,99290300
100,99.53,99315260
100,98.87,99339180
100,99.09,99363100
100,99.27,99387020
100,99.91,99410940
100,100.95,99434860
100,101.04,99459820
100,100.33,99484780
100,99.72,99509740
100,99.5,99533660
100,99.13,99557580
100,99.31,99581500
100,99.94,99605420
100,100.49,99629340
100,101.12,99654300
100,100.86,99679260
100,100.17,99704220
100,99.11,99729180
100,98.52,99753100
100,99.27,99777020
100,100.4,99800940
100,101.04,99825900
100,101.26,99850860
100,100.52,99875820
100,99.41,99900780
100,99.24,99924700
100,99.4,99948620
100,100.02,99972540
100,100.72,99997500
100,100.52,100022460
100,100.05,100048460
100,99.37,100074460
100,99.08,100099420
100,99.59,100124380
100,100.02,100149340
100,100.54,100175340
100,100.69,100201340
100,100.36,100227340
100,100.08,100253340
100,99.85,100279340
100,99.94,100304300
100,99.86,100329260
100,99.78,100354220
100,99.72,100379180
100,99.67,100404140
100,100.09,100429100
100,100.59,100455112
100,100.73,100481100
100,99.95,100507100
100,99.11,100532072
100,99.15,100557020
100,100.12,100581980
100,100.64,100607980
100,100.77,100633980
100,100.43,100659980
100,99.7,100685980
100,99.35,100710940
100,99.35,100735900
100,99.82,100760860
100,100.22,100785820
100,100.71,100811820
100,100.83,100837820
100,100.48,100863820
100,99.74,100889820
100,98.93,100914780
100,98.99,100939740
100,99.51,100964700
100,100.43,100989660
100,100.9,101015660
100,100.55,101041660
100,100.24,101067660
100,99.98,101093660
100,99.59,101118620
100,99.09,101143580
100,99.13,101168540
100,100.09,101193500
100,101.07,101219500
100,101.14,101245500
100,100.3,101271500
100,99.13,101297500
100,98.88,101322460
100,99.42,101347420
100,99.88,101372380
100,100.27,101397340
100,100.75,101423340
100,100.87,101449340
100,100.51,101475348
100,99.76,101501340
100,98.96,101526300
100,99.01,101551260
100,99.53,101576220
100,100.44,101601180
100,100.92,101627180
100,100.56,101653180
100,100.25,101679180
100,99.99,101705180
100,99.6,101730140
100,99.09,101755100
100,99.13,101780060
100,99.63,101805020
100,100.53,101829980
100,101.44,101855980
100,101,101881980
100,100.18,101907980
100,99.48,101933980
100,99.18,101958940
100,99.67,101983900
100,100.09,102008860
100,100.15,102034860
100,99.91,102060860
100,99.99,102085820
100,99.9,102110780
100,99.82,102135740
100,100.22,102160700
100,100.26,102186700
100,100,102212700
100,99.77,102238700
100,99.88,102263660
100,100.27,102288620
100,100.3,102314620
100,100.03,102340628
100,99.8,102366620
100,99.44,102391580
100,99.43,102416540
100,99.88,102441500
100,100.27,102466460
100,100.76,102492460
100,100.87,102518460
100,100.52,102544460
100,99.77,102570460
100,98.96,102595420
100,99.01,102620380
100,99.53,102645340
100,100.44,102670300
100,100.92,102696300
100,100.56,102722300
100,100.25,102748300
100,99.99,102774300
100,99.6,102799260
100,99.09,102824220
100,99.13,102849180
100,99.63,102874140
100,100.53,102899100
100,100.99,102925100
100,100.62,102951100
100,100.3,102977100
100,100.03,103003100
100,99.8,103029100
100,99.44,103054060
100,99.43,103079020
100,99.88,103103980
100,99.81,103128940
100,99.74,103153900
100,100.15,103178860
100,100.65,103204860
100,100.78,103230860
100,100.44,103256860
100,100.15,103282860
100,99.45,103308860
100,98.69,103333820
100,98.79,103358780
100,99.8,103383740
100,100.67,103408700
100,101.1,103434700
100,101.16,103460700
100,100.32,103486700
100,99.6,103512700
100,99.26,103537660
100,99.27,103562620
100,99.75,103587580
100,100.16,103612540
100,100.21,103638540
100,100.41,103664540
100,100.57,103690540
100,100.26,103716540
100,99.55,103742540
100,99.24,103767500
100,99.72,103792460
100,100.14,103817420
100,100.19,103843420
100,99.94,103869420
100,100.02,103894380
100,100.09,103920380
100,100.3,103946380
100,100.48,103972380
100,100.18,103998380
100,99.93,104024380
100,99.55,104049340
100,99.52,104074300
100,99.49,104099260
100,99.47,104124220
100,100.39,104149180
100,100.88,104175180
100,100.52,104201180
100,100.22,104227180
100,99.96,104253180
100,99.57,104278140
100,99.07,104303100
100,99.11,104328060
100,100.08,104353020
100,101.06,104379020
100,101.13,104405020
100,100.29,104431020
100,99.57,104457020
100,99.24,104481980
100,99.26,104506948
100,99.74,104531900
100,100.15,104556860
100,100.2,104582860
100,100.4,104608860
100,100.56,104634860
100,100.25,104660860
100,99.99,104686860
100,99.6,104711820
100,99.56,104736788
100,100,104761740
100,100.07,104787740
100,100.29,104813740
100,100.47,104839740
100,100.17,104865740
