88,0,0,,,,,
88,0,0,,kp,ki,kd,Some overshoot
88,0,0,,3.63,41.55,0.21,
88,0,0,,,,,
88,0,0.01,,,,,
88,1.45,0.02,,,,,
88,5.32,0.04,,,,,
88,11.81,0.06,,,,,
88,19.7,0.08,,,,,
88,28.68,0.09,,,,,
88,38.22,0.11,,,,,
88,46.99,0.13,,,,,
88,55.73,0.15,,,,,
88,63.81,0.17,,,,,
88,70.72,0.19,,,,,
88,77.23,0.21,,,,,
88,82.8,0.23,,,,,
88,86.31,0.24,,,,,
88,89.31,0.26,,,,,
88,91.87,0.28,,,,,
88,93.43,0.3,,,,,
88,94.76,0.32,,,,,
88,95.9,0.34,,,,,
88,96.25,0.36,,,,,
88,95.92,0.37,,,,,
88,95.02,0.39,,,,,
88,93.62,0.41,,,,,
88,93.06,0.43,,,,,
88,92.57,0.45,,,,,
88,92.16,0.47,,,,,
88,91.8,0.49,,,,,
88,90.25,0.51,,,,,
88,88.93,0.52,,,,,
88,89.05,0.54,,,,,
88,89.15,0.56,,,,,
88,88.61,0.58,,,,,
88,88.15,0.6,,,,,
88,87.14,0.62,,,,,
88,86.89,0.64,,,,,
88,87.3,0.66,,,,,
88,87.04,0.67,,,,,
88,87.43,0.69,,,,,
88,87.77,0.71,,,,,
88,87.43,0.73,,,,,
88,87.14,0.75,,,,,
88,86.9,0.77,,,,,
88,87.31,0.79,,,,,
88,88.29,0.81,,,,,
88,88.5,0.82,,,,,
88,88.06,0.84,,,,,
88,87.68,0.86,,,,,
88,87.36,0.88,,,,,
88,87.7,0.9,,,,,
88,88,0.92,,,,,
88,87.63,0.94,,,,,
88,87.94,0.96,,,,,
88,88.2,0.97,,,,,
88,88.42,0.99,,,,,
88,88.62,1.01,,,,,
88,88.16,1.03,,,,,
88,87.76,1.05,,,,,
88,88.05,1.07,,,,,
88,88.3,1.09,,,,,
88,87.88,1.1,,,,,
88,88.15,1.12,,,,,
88,88.38,1.14,,,,,
88,87.96,1.16,,,,,
88,87.59,1.18,,,,,
88,87.91,1.2,,,,,
88,88.17,1.22,,,,,
88,87.78,1.24,,,,,
88,88.06,1.25,,,,,
88,88.31,1.27,,,,,
88,87.89,1.29,,,,,
88,87.54,1.31,,,,,
88,87.86,1.33,,,,,
88,88.13,1.35,,,,,
88,88.37,1.37,,,,,
88,88.57,1.39,,,,,
88,88.12,1.4,,,,,
88,87.73,1.42,,,,,
88,87.4,1.44,,,,,
88,87.74,1.46,,,,,
88,88.03,1.48,,,,,
88,88.28,1.5,,,,,
88,88.49,1.52,,,,,
88,88.05,1.54,,,,,
88,87.67,1.55,,,,,
88,87.97,1.57,,,,,
88,88.23,1.59,,,,,
88,87.83,1.61,,,,,
88,87.48,1.63,,,,,
88,87.81,1.65,,,,,
88,88.09,1.67,,,,,
88,88.33,1.69,,,,,
88,88.54,1.7,,,,,
88,88.09,1.72,,,,,
88,87.71,1.74,,,,,
88,87.38,1.76,,,,,
88,87.72,1.78,,,,,
88,88.02,1.8,,,,,
88,88.27,1.82,,,,,
88,88.48,1.84,,,,,
88,88.04,1.85,,,,,
88,87.67,1.87,,,,,
88,87.97,1.89,,,,,
88,88.23,1.91,,,,,
88,87.82,1.93,,,,,
88,87.48,1.95,,,,,
88,87.81,1.97,,,,,
88,88.71,1.98,,,,,
88,88.86,2,,,,,
88,88.37,2.02,,,,,
88,87.94,2.04,,,,,
88,87.58,2.06,,,,,
88,87.27,2.08,,,,,
88,87.63,2.1,,,,,
88,87.94,2.12,,,,,
88,88.2,2.13,,,,,
88,88.43,2.15,,,,,
88,87.99,2.17,,,,,
88,87.62,2.19,,,,,
88,87.31,2.21,,,,,
88,87.66,2.23,,,,,
88,87.97,2.25,,,,,
88,88.22,2.27,,,,,
88,88.45,2.28,,,,,
88,88.01,2.3,,,,,
88,88.26,2.32,,,,,
88,88.48,2.34,,,,,
88,88.04,2.36,,,,,
88,87.66,2.38,,,,,
88,87.96,2.4,,,,,
88,88.22,2.42,,,,,
88,87.82,2.43,,,,,
88,87.47,2.45,,,,,
88,87.81,2.47,,,,,
88,88.09,2.49,,,,,
88,88.33,2.51,,,,,
88,88.54,2.53,,,,,
88,88.09,2.55,,,,,
88,87.7,2.57,,,,,
88,87.38,2.58,,,,,
88,87.72,2.6,,,,,
88,88.02,2.62,,,,,
88,88.27,2.64,,,,,
88,88.48,2.66,,,,,
88,88.04,2.68,,,,,
88,87.66,2.7,,,,,
88,87.97,2.71,,,,,
88,88.23,2.73,,,,,
88,87.82,2.75,,,,,
88,88.1,2.77,,,,,
88,88.34,2.79,,,,,
88,87.92,2.81,,,,,
88,87.56,2.83,,,,,
88,87.88,2.85,,,,,
88,88.15,2.86,,,,,
88,87.76,2.88,,,,,
88,88.05,2.9,,,,,
88,88.29,2.92,,,,,
88,87.88,2.94,,,,,
88,88.15,2.96,,,,,
88,88.38,2.98,,,,,
88,87.96,3,,,,,
88,87.59,3.01,,,,,
88,87.9,3.03,,,,,
88,88.17,3.05,,,,,
88,87.78,3.07,,,,,
88,88.06,3.09,,,,,
88,88.31,3.11,,,,,
88,87.89,3.13,,,,,
88,87.54,3.15,,,,,
88,87.86,3.16,,,,,
88,88.13,3.18,,,,,
88,88.37,3.2,,,,,
88,88.57,3.22,,,,,
88,88.11,3.24,,,,,
88,87.73,3.26,,,,,
88,87.4,3.28,,,,,
88,87.11,3.3,,,,,
88,87.5,3.31,,,,,
88,88.45,3.33,,,,,
88,88.64,3.35,,,,,
88,88.17,3.37,,,,,
88,87.78,3.39,,,,,
88,87.44,3.41,,,,,
88,87.78,3.43,,,,,
88,88.06,3.44,,,,,
88,88.31,3.46,,,,,
88,88.52,3.48,,,,,
88,88.07,3.5,,,,,
88,87.69,3.52,,,,,
88,87.99,3.54,,,,,
88,88.24,3.56,,,,,
88,87.84,3.58,,,,,
88,88.12,3.59,,,,,
88,88.35,3.61,,,,,
88,87.93,3.63,,,,,
88,87.57,3.65,,,,,
88,87.89,3.67,,,,,
88,88.16,3.69,,,,,
88,87.76,3.71,,,,,
88,88.05,3.73,,,,,
88,88.3,3.74,,,,,
88,87.88,3.76,,,,,
88,88.15,3.78,,,,,
88,88.39,3.8,,,,,
88,87.96,3.82,,,,,
88,87.59,3.84,,,,,
88,87.91,3.86,,,,,
88,88.17,3.88,,,,,
88,87.78,3.89,,,,,
88,88.06,3.91,,,,,
88,88.31,3.93,,,,,
88,87.89,3.95,,,,,
88,87.54,3.97,,,,,
88,87.86,3.99,,,,,
88,88.13,4.01,,,,,
88,87.74,4.03,,,,,
88,88.03,4.04,,,,,
88,88.28,4.06,,,,,
88,87.87,4.08,,,,,
88,88.14,4.1,,,,,
88,88.38,4.12,,,,,
88,87.95,4.14,,,,,
88,87.59,4.16,,,,,
88,87.9,4.18,,,,,
88,88.17,4.19,,,,,
88,87.77,4.21,,,,,
88,88.06,4.23,,,,,
88,88.3,4.25,,,,,
88,87.89,4.27,,,,,
88,88.16,4.29,,,,,
88,88.39,4.31,,,,,
88,87.96,4.32,,,,,
88,87.6,4.34,,,,,
88,87.91,4.36,,,,,
88,88.18,4.38,,,,,
88,87.78,4.4,,,,,
88,88.07,4.42,,,,,
88,88.31,4.44,,,,,
88,87.9,4.46,,,,,
88,88.16,4.47,,,,,
88,88.39,4.49,,,,,
88,87.97,4.51,,,,,
88,87.6,4.53,,,,,
88,87.29,4.55,,,,,
88,87.65,4.57,,,,,
88,88.58,4.59,,,,,
88,88.74,4.61,,,,,
88,88.27,4.62,,,,,
88,87.86,4.64,,,,,
88,87.51,4.66,,,,,
88,87.21,4.68,,,,,
88,87.58,4.7,,,,,
88,88.52,4.72,,,,,
88,88.7,4.74,,,,,
88,88.22,4.76,,,,,
88,87.82,4.77,,,,,
88,87.48,4.79,,,,,
88,87.81,4.81,,,,,
88,88.09,4.83,,,,,
88,87.7,4.85,,,,,
88,88,4.87,,,,,
88,88.26,4.89,,,,,
88,87.85,4.91,,,,,
88,88.12,4.92,,,,,
88,88.36,4.94,,,,,
88,87.94,4.96,,,,,
88,87.58,4.98,,,,,
88,87.89,5,,,,,
88,88.16,5.02,,,,,
88,88.39,5.04,,,,,
88,88.59,5.05,,,,,
88,88.13,5.07,,,,,
88,87.74,5.09,,,,,
88,87.41,5.11,,,,,
88,87.75,5.13,,,,,
88,88.04,5.15,,,,,
88,88.29,5.17,,,,,
88,88.5,5.19,,,,,
88,88.06,5.2,,,,,
88,87.68,5.22,,,,,
88,87.98,5.24,,,,,
88,88.23,5.26,,,,,
88,87.83,5.28,,,,,
88,88.11,5.3,,,,,
88,88.35,5.32,,,,,
88,87.93,5.34,,,,,
88,87.57,5.35,,,,,
88,87.88,5.37,,,,,
88,88.15,5.39,,,,,
88,87.76,5.41,,,,,
88,88.05,5.43,,,,,
88,88.29,5.45,,,,,
88,87.88,5.47,,,,,
88,87.53,5.49,,,,,
88,87.85,5.5,,,,,
88,88.13,5.52,,,,,
88,88.36,5.54,,,,,
88,88.56,5.56,,,,,
88,88.11,5.58,,,,,
88,87.72,5.6,,,,,
88,87.39,5.62,,,,,
88,87.74,5.64,,,,,
88,88.03,5.65,,,,,
88,88.28,5.67,,,,,
88,88.49,5.69,,,,,
88,88.05,5.71,,,,,
88,87.67,5.73,,,,,
88,87.35,5.75,,,,,
88,87.7,5.77,,,,,
88,88,5.78,,,,,
88,88.25,5.8,,,,,
88,88.47,5.82,,,,,
88,88.03,5.84,,,,,
88,87.65,5.86,,,,,
88,87.96,5.88,,,,,
88,88.22,5.9,,,,,
88,88.44,5.92,,,,,
88,88.63,5.93,,,,,
88,88.17,5.95,,,,,
88,87.77,5.97,,,,,
88,87.44,5.99,,,,,
88,87.77,6.01,,,,,
88,88.05,6.03,,,,,
88,87.68,6.05,,,,,
88,87.98,6.07,,,,,
88,88.24,6.08,,,,,
88,87.83,6.1,,,,,
88,88.11,6.12,,,,,
88,88.35,6.14,,,,,
88,87.93,6.16,,,,,
88,87.57,6.18,,,,,
88,87.88,6.2,,,,,
88,88.15,6.22,,,,,
88,88.38,6.23,,,,,
88,88.58,6.25,,,,,
88,88.13,6.27,,,,,
88,87.74,6.29,,,,,
88,87.41,6.31,,,,,
88,87.12,6.33,,,,,
88,87.5,6.35,,,,,
88,88.45,6.37,,,,,
88,88.64,6.38,,,,,
88,88.18,6.4,,,,,
88,87.78,6.42,,,,,
88,88.07,6.44,,,,,
88,88.31,6.46,,,,,
88,87.9,6.48,,,,,
88,87.54,6.5,,,,,
88,87.86,6.52,,,,,
88,88.13,6.53,,,,,
88,88.37,6.55,,,,,
88,88.57,6.57,,,,,
88,88.12,6.59,,,,,
88,87.73,6.61,,,,,
88,87.39,6.63,,,,,
88,87.74,6.65,,,,,
88,88.03,6.66,,,,,
88,88.28,6.68,,,,,
88,88.49,6.7,,,,,
88,88.05,6.72,,,,,
88,87.67,6.74,,,,,
88,87.35,6.76,,,,,
88,87.7,6.78,,,,,
88,88.62,6.8,,,,,
88,88.78,6.81,,,,,
88,88.3,6.83,,,,,
88,87.89,6.85,,,,,
88,87.53,6.87,,,,,
88,87.23,6.89,,,,,
88,87.6,6.91,,,,,
88,88.53,6.93,,,,,
88,88.71,6.95,,,,,
88,88.23,6.96,,,,,
88,87.83,6.98,,,,,
88,87.48,7,,,,,
88,87.81,7.02,,,,,
88,88.09,7.04,,,,,
88,88.33,7.06,,,,,
88,88.54,7.08,,,,,
88,88.09,7.1,,,,,
88,87.71,7.11,,,,,
88,87.38,7.13,,,,,
88,87.72,7.15,,,,,
88,88.02,7.17,,,,,
88,88.27,7.19,,,,,
88,88.48,7.21,,,,,
88,88.04,7.23,,,,,
88,87.66,7.25,,,,,
88,87.97,7.26,,,,,
88,88.23,7.28,,,,,
88,87.82,7.3,,,,,
88,88.1,7.32,,,,,
88,88.34,7.34,,,,,
88,87.92,7.36,,,,,
88,87.56,7.38,,,,,
88,87.88,7.39,,,,,
88,88.15,7.41,,,,,
88,88.38,7.43,,,,,
88,88.58,7.45,,,,,
88,88.13,7.47,,,,,
88,87.74,7.49,,,,,
88,87.4,7.51,,,,,
88,87.75,7.53,,,,,
88,88.04,7.54,,,,,
88,88.28,7.56,,,,,
88,88.5,7.58,,,,,
88,88.05,7.6,,,,,
88,87.68,7.62,,,,,
88,87.35,7.64,,,,,
88,87.7,7.66,,,,,
88,88,7.68,,,,,
88,88.25,7.69,,,,,
88,88.47,7.71,,,,,
88,88.03,7.73,,,,,
88,87.66,7.75,,,,,
88,87.96,7.77,,,,,
88,88.22,7.79,,,,,
88,87.82,7.81,,,,,
88,88.09,7.83,,,,,
88,88.33,7.84,,,,,
88,87.92,7.86,,,,,
88,87.56,7.88,,,,,
88,87.88,7.9,,,,,
88,88.15,7.92,,,,,
88,88.38,7.94,,,,,
88,88.58,7.96,,,,,
88,88.12,7.98,,,,,
88,87.74,7.99,,,,,
88,87.4,8.01,,,,,
88,87.74,8.03,,,,,
88,88.04,8.05,,,,,
88,88.28,8.07,,,,,
88,88.5,8.09,,,,,
88,88.05,8.11,,,,,
88,87.68,8.12,,,,,
88,87.98,8.14,,,,,
88,88.23,8.16,,,,,
88,87.83,8.18,,,,,
88,87.48,8.2,,,,,
88,87.81,8.22,,,,,
88,88.09,8.24,,,,,
88,88.33,8.26,,,,,
88,88.54,8.27,,,,,
88,88.09,8.29,,,,,
88,87.71,8.31,,,,,
88,87.38,8.33,,,,,
88,87.72,8.35,,,,,
88,88.02,8.37,,,,,
88,88.27,8.39,,,,,
88,88.48,8.41,,,,,
88,88.04,8.42,,,,,
88,87.66,8.44,,,,,
88,87.34,8.46,,,,,
88,87.69,8.48,,,,,
88,88.62,8.5,,,,,
88,88.78,8.52,,,,,
88,88.3,8.54,,,,,
88,87.88,8.56,,,,,
88,87.53,8.57,,,,,
88,87.85,8.59,,,,,
88,88.13,8.61,,,,,
88,87.74,8.63,,,,,
88,88.03,8.65,,,,,
88,88.28,8.67,,,,,
88,87.87,8.69,,,,,
88,87.52,8.71,,,,,
88,87.84,8.72,,,,,
88,88.12,8.74,,,,,
88,88.35,8.76,,,,,
88,88.56,8.78,,,,,
88,88.1,8.8,,,,,
88,87.72,8.82,,,,,
88,87.39,8.84,,,,,
88,87.73,8.86,,,,,
88,88.03,8.87,,,,,
88,88.28,8.89,,,,,
88,88.49,8.91,,,,,
88,88.05,8.93,,,,,
88,87.67,8.95,,,,,
88,87.97,8.97,,,,,
88,88.23,8.99,,,,,
88,87.83,9,,,,,
88,88.1,9.02,,,,,
88,88.34,9.04,,,,,
88,87.92,9.06,,,,,
88,87.56,9.08,,,,,
88,87.88,9.1,,,,,
88,88.15,9.12,,,,,
88,87.76,9.14,,,,,
88,88.05,9.15,,,,,
88,88.3,9.17,,,,,
88,87.88,9.19,,,,,
88,88.15,9.21,,,,,
88,88.38,9.23,,,,,
88,87.96,9.25,,,,,
88,87.59,9.27,,,,,
88,87.91,9.29,,,,,
88,88.17,9.3,,,,,
88,87.78,9.32,,,,,
88,88.06,9.34,,,,,
88,88.31,9.36,,,,,
88,87.89,9.38,,,,,
88,88.16,9.4,,,,,
88,88.39,9.42,,,,,
88,87.96,9.44,,,,,
88,87.6,9.45,,,,,
88,87.29,9.47,,,,,
88,87.65,9.49,,,,,
88,88.57,9.51,,,,,
88,88.74,9.53,,,,,
88,88.27,9.55,,,,,
88,87.86,9.57,,,,,
88,87.51,9.59,,,,,
88,87.21,9.6,,,,,
88,87.57,9.62,,,,,
88,88.51,9.64,,,,,
88,88.7,9.66,,,,,
88,88.22,9.68,,,,,
88,87.82,9.7,,,,,
88,87.48,9.72,,,,,
88,87.81,9.73,,,,,
88,88.09,9.75,,,,,
88,87.71,9.77,,,,,
88,88,9.79,,,,,
88,88.26,9.81,,,,,
88,87.85,9.83,,,,,
88,87.5,9.85,,,,,
88,87.83,9.87,,,,,
88,88.11,9.88,,,,,
88,88.34,9.9,,,,,
88,88.55,9.92,,,,,
88,88.1,9.94,,,,,
88,87.71,9.96,,,,,
88,88.01,9.98,,,,,
88,88.26,10,,,,,
88,88.11,10.02,,,,,
88,87.66,10.04,,,,,
88,87.28,10.06,,,,,
88,88.13,10.08,,,,,
88,88.85,10.1,,,,,
88,88.29,10.12,,,,,
88,87.82,10.14,,,,,
88,87.4,10.16,,,,,
88,87.65,10.17,,,,,
88,88.45,10.19,,,,,
88,87.95,10.21,,,,,
88,87.52,10.23,,,,,
88,87.74,10.25,,,,,
88,87.94,10.27,,,,,
88,88.1,10.29,,,,,
88,88.24,10.31,,,,,
88,88.36,10.33,,,,,
88,87.87,10.35,,,,,
88,87.45,10.37,,,,,
88,87.69,10.39,,,,,
88,87.89,10.41,,,,,
88,88.65,10.43,,,,,
88,88.71,10.45,,,,,
88,88.17,10.47,,,,,
88,87.71,10.49,,,,,
88,87.32,10.51,,,,,
88,88.16,10.53,,,,,
88,88.89,10.55,,,,,
88,88.32,10.57,,,,,
88,87.84,10.59,,,,,
88,87.43,10.61,,,,,
88,87.66,10.63,,,,,
88,88.46,10.65,,,,,
88,88.55,10.67,,,,,
88,88.03,10.69,,,,,
88,87.59,10.71,,,,,
88,87.81,10.73,,,,,
88,87.99,10.75,,,,,
88,87.55,10.77,,,,,
88,87.18,10.79,,,,,
88,88.05,10.81,,,,,
88,88.79,10.83,,,,,
88,88.24,10.85,,,,,
88,87.77,10.87,,,,,
88,87.96,10.89,,,,,
88,88.12,10.91,,,,,
88,88.26,10.93,,,,,
88,87.78,10.95,,,,,
88,87.38,10.97,,,,,
88,88.21,10.98,,,,,
88,88.93,11,,,,,
88,88.36,11.02,,,,,
88,87.87,11.04,,,,,
88,87.45,11.06,,,,,
88,87.1,11.08,,,,,
88,87.97,11.1,,,,,
88,88.72,11.12,,,,,
88,88.77,11.14,,,,,
88,88.22,11.16,,,,,
88,87.17,11.18,,,,,
88,86.85,11.2,,,,,
88,87.76,11.22,,,,,
88,88.55,11.24,,,,,
88,88.62,11.26,,,,,
88,88.09,11.28,,,,,
88,87.64,11.3,,,,,
88,87.85,11.32,,,,,
88,88.03,11.34,,,,,
88,88.18,11.36,,,,,
88,88.31,11.38,,,,,
88,88.42,11.4,,,,,
88,88.51,11.42,,,,,
88,88,11.44,,,,,
88,87.57,11.46,,,,,
88,87.78,11.48,,,,,
88,87.97,11.5,,,,,
88,88.13,11.52,,,,,
88,88.27,11.54,,,,,
88,88.38,11.56,,,,,
88,87.89,11.58,,,,,
88,87.47,11.6,,,,,
88,87.7,11.62,,,,,
88,87.9,11.64,,,,,
88,88.07,11.66,,,,,
88,88.22,11.68,,,,,
88,88.34,11.7,,,,,
88,87.85,11.72,,,,,
88,87.44,11.74,,,,,
88,87.68,11.76,,,,,
88,87.88,11.78,,,,,
88,88.05,11.8,,,,,
88,88.2,11.81,,,,,
88,88.33,11.83,,,,,
88,88.43,11.85,,,,,
88,87.93,11.87,,,,,
88,87.51,11.89,,,,,
88,87.73,11.91,,,,,
88,87.93,11.93,,,,,
88,88.09,11.95,,,,,
88,88.24,11.97,,,,,
88,88.36,11.99,,,,,
88,87.87,12.01,,,,,
88,87.45,12.03,,,,,
88,87.69,12.05,,,,,
88,88.48,12.07,,,,,
88,88.56,12.09,,,,,
88,88.05,12.11,,,,,
88,88.19,12.13,,,,,
88,87.73,12.15,,,,,
88,87.33,12.17,,,,,
88,87.59,12.19,,,,,
88,88.39,12.21,,,,,
88,88.49,12.23,,,,,
88,87.98,12.25,,,,,
88,88.14,12.27,,,,,
88,88.27,12.29,,,,,
88,87.8,12.31,,,,,
88,87.39,12.33,,,,,
88,87.64,12.35,,,,,
88,88.44,12.37,,,,,
88,88.53,12.39,,,,,
88,88.01,12.41,,,,,
88,88.17,12.43,,,,,
88,87.71,12.45,,,,,
88,87.31,12.47,,,,,
88,87.57,12.49,,,,,
88,88.38,12.51,,,,,
88,89.07,12.53,,,,,
88,88.48,12.55,,,,,
88,87.38,12.57,,,,,
88,87.03,12.59,,,,,
88,87.92,12.61,,,,,
88,88.68,12.63,,,,,
88,88.74,12.64,,,,,
88,88.19,12.66,,,,,
88,87.73,12.68,,,,,
88,87.92,12.7,,,,,
88,88.09,12.72,,,,,
88,87.64,12.74,,,,,
88,87.26,12.76,,,,,
88,88.11,12.78,,,,,
88,88.84,12.8,,,,,
88,88.28,12.82,,,,,
88,87.81,12.84,,,,,
88,87.4,12.86,,,,,
88,87.64,12.88,,,,,
88,88.44,12.9,,,,,
88,88.53,12.92,,,,,
88,88.02,12.94,,,,,
88,87.58,12.96,,,,,
88,87.8,12.98,,,,,
88,87.98,13,,,,,
88,88.14,13.02,,,,,
88,87.68,13.04,,,,,
88,87.29,13.06,,,,,
88,87.55,13.08,,,,,
88,88.36,13.1,,,,,
88,89.06,13.12,,,,,
88,88.47,13.14,,,,,
88,87.96,13.16,,,,,
88,87.53,13.18,,,,,
88,87.16,13.2,,,,,
88,88.03,13.22,,,,,
88,88.77,13.24,,,,,
88,88.22,13.26,,,,,
88,87.76,13.28,,,,,
88,87.95,13.3,,,,,
88,88.11,13.32,,,,,
88,88.25,13.34,,,,,
88,87.78,13.36,,,,,
88,87.37,13.38,,,,,
88,88.21,13.4,,,,,
88,88.33,13.42,,,,,
88,87.85,13.44,,,,,
88,88.03,13.45,,,,,
88,88.18,13.47,,,,,
88,88.31,13.49,,,,,
88,87.83,13.51,,,,,
88,87.42,13.53,,,,,
88,87.66,13.55,,,,,
88,88.45,13.57,,,,,
88,89.13,13.59,,,,,
88,88.53,13.61,,,,,
88,87.43,13.63,,,,,
88,87.07,13.65,,,,,
88,87.37,13.67,,,,,
88,88.2,13.69,,,,,
88,88.92,13.71,,,,,
88,88.35,13.73,,,,,
88,87.86,13.75,,,,,
88,87.45,13.77,,,,,
88,87.68,13.79,,,,,
88,88.48,13.81,,,,,
88,87.97,13.83,,,,,
88,87.54,13.85,,,,,
88,87.76,13.87,,,,,
88,87.95,13.89,,,,,
88,88.11,13.91,,,,,
88,88.25,13.93,,,,,
88,88.37,13.95,,,,,
88,88.47,13.97,,,,,
88,87.97,13.99,,,,,
88,87.54,14.01,,,,,
88,87.76,14.03,,,,,
88,87.95,14.05,,,,,
88,88.11,14.07,,,,,
88,88.25,14.09,,,,,
88,88.37,14.11,,,,,
88,87.88,14.13,,,,,
88,87.46,14.15,,,,,
88,87.69,14.17,,,,,
88,88.49,14.19,,,,,
88,88.57,14.21,,,,,
88,88.05,14.23,,,,,
88,88.2,14.25,,,,,
88,87.73,14.27,,,,,
88,87.34,14.28,,,,,
88,87.59,14.3,,,,,
88,88.39,14.32,,,,,
88,88.49,14.34,,,,,
88,87.98,14.36,,,,,
88,88.14,14.38,,,,,
88,87.68,14.4,,,,,
88,87.29,14.42,,,,,
88,87.55,14.44,,,,,
88,88.36,14.46,,,,,
88,88.47,14.48,,,,,
88,87.96,14.5,,,,,
88,88.12,14.52,,,,,
88,88.26,14.54,,,,,
88,88.38,14.56,,,,,
88,87.89,14.58,,,,,
88,87.47,14.6,,,,,
88,87.7,14.62,,,,,
88,87.9,14.64,,,,,
88,88.07,14.66,,,,,
88,88.21,14.68,,,,,
88,88.34,14.7,,,,,
88,88.44,14.72,,,,,
88,87.94,14.74,,,,,
88,87.52,14.76,,,,,
88,87.74,14.78,,,,,
88,87.93,14.8,,,,,
88,88.1,14.82,,,,,
88,88.24,14.84,,,,,
88,88.36,14.86,,,,,
88,88.46,14.88,,,,,
88,87.96,14.9,,,,,
88,87.53,14.92,,,,,
88,87.75,14.94,,,,,
88,87.94,14.96,,,,,
88,88.11,14.98,,,,,
88,88.25,15,,,,,
88,87.77,15.02,,,,,
88,87.37,15.04,,,,,
88,87.62,15.06,,,,,
88,88.42,15.08,,,,,
88,88.51,15.1,,,,,
88,88,15.11,,,,,
88,88.16,15.13,,,,,
88,88.29,15.15,,,,,
88,87.81,15.17,,,,,
88,87.4,15.19,,,,,
88,87.64,15.21,,,,,
88,88.44,15.23,,,,,
88,88.53,15.25,,,,,
88,88.02,15.27,,,,,
88,88.17,15.29,,,,,
88,88.3,15.31,,,,,
88,87.82,15.33,,,,,
88,87.41,15.35,,,,,
88,87.65,15.37,,,,,
88,88.45,15.39,,,,,
88,88.54,15.41,,,,,
88,88.02,15.43,,,,,
88,87.59,15.45,,,,,
88,87.21,15.47,,,,,
88,88.07,15.49,,,,,
88,88.81,15.51,,,,,
88,88.25,15.53,,,,,
88,87.78,15.55,,,,,
88,87.97,15.57,,,,,
88,88.13,15.59,,,,,
88,88.26,15.61,,,,,
88,87.79,15.63,,,,,
88,87.38,15.65,,,,,
88,87.63,15.67,,,,,
88,88.43,15.69,,,,,
88,88.52,15.71,,,,,
88,88.01,15.73,,,,,
88,88.16,15.75,,,,,
88,88.29,15.77,,,,,
88,87.82,15.79,,,,,
88,87.41,15.81,,,,,
88,87.65,15.83,,,,,
88,87.85,15.85,,,,,
88,88.03,15.87,,,,,
88,88.18,15.89,,,,,
88,88.31,15.91,,,,,
88,88.42,15.92,,,,,
88,88.51,15.94,,,,,
88,88,15.96,,,,,
88,87.57,15.98,,,,,
88,87.78,16,,,,,
88,87.97,16.02,,,,,
88,88.13,16.04,,,,,
88,88.27,16.06,,,,,
88,87.79,16.08,,,,,
88,87.39,16.1,,,,,
88,87.63,16.12,,,,,
88,87.84,16.14,,,,,
88,88.02,16.16,,,,,
88,88.17,16.18,,,,,
88,88.3,16.2,,,,,
88,88.41,16.22,,,,,
88,88.51,16.24,,,,,
88,88,16.26,,,,,
88,87.56,16.28,,,,,
88,87.78,16.3,,,,,
88,87.97,16.32,,,,,
88,88.13,16.34,,,,,
88,88.26,16.36,,,,,
88,87.79,16.38,,,,,
88,87.38,16.4,,,,,
88,87.63,16.42,,,,,
88,87.84,16.44,,,,,
88,88.61,16.46,,,,,
88,88.67,16.48,,,,,
88,88.14,16.5,,,,,
88,87.68,16.52,,,,,
88,87.29,16.54,,,,,
88,88.14,16.56,,,,,
88,88.87,16.58,,,,,
88,88.31,16.6,,,,,
88,87.83,16.62,,,,,
88,87.42,16.64,,,,,
88,87.06,16.66,,,,,
88,87.95,16.68,,,,,
88,88.7,16.7,,,,,
88,88.75,16.72,,,,,
88,88.21,16.74,,,,,
88,87.74,16.75,,,,,
88,87.93,16.77,,,,,
88,88.1,16.79,,,,,
88,88.24,16.81,,,,,
88,87.77,16.83,,,,,
88,87.37,16.85,,,,,
88,88.2,16.87,,,,,
88,88.92,16.89,,,,,
88,88.35,16.91,,,,,
88,87.27,16.93,,,,,
88,86.94,16.95,,,,,
88,87.84,16.97,,,,,
88,88.61,16.99,,,,,
88,88.68,17.01,,,,,
88,88.14,17.03,,,,,
88,87.69,17.05,,,,,
88,87.89,17.07,,,,,
88,88.06,17.09,,,,,
88,88.21,17.11,,,,,
88,88.33,17.13,,,,,
88,87.85,17.15,,,,,
88,87.43,17.17,,,,,
88,87.67,17.19,,,,,
88,87.87,17.21,,,,,
88,88.05,17.23,,,,,
88,88.2,17.25,,,,,
88,88.32,17.27,,,,,
88,87.84,17.29,,,,,
88,87.43,17.31,,,,,
88,87.67,17.33,,,,,
88,87.87,17.35,,,,,
88,88.04,17.37,,,,,
88,88.19,17.39,,,,,
88,88.32,17.41,,,,,
88,88.43,17.43,,,,,
88,88.52,17.45,,,,,
88,88.01,17.47,,,,,
88,87.57,17.49,,,,,
88,87.79,17.51,,,,,
88,87.97,17.53,,,,,
88,88.13,17.55,,,,,
88,88.27,17.57,,,,,
88,88.39,17.58,,,,,
88,87.89,17.6,,,,,
88,87.47,17.62,,,,,
88,87.7,17.64,,,,,
88,87.9,17.66,,,,,
88,88.07,17.68,,,,,
88,88.22,17.7,,,,,
88,88.34,17.72,,,,,
88,87.85,17.74,,,,,
88,87.44,17.76,,,,,
88,87.68,17.78,,,,,
88,87.88,17.8,,,,,
88,88.05,17.82,,,,,
88,88.2,17.84,,,,,
88,88.33,17.86,,,,,
88,88.43,17.88,,,,,
88,87.93,17.9,,,,,
88,87.51,17.92,,,,,
88,87.73,17.94,,,,,
88,87.93,17.96,,,,,
88,88.09,17.98,,,,,
88,88.24,18,,,,,
88,88.36,18.02,,,,,
88,88.46,18.04,,,,,
88,87.95,18.06,,,,,
88,87.53,18.08,,,,,
88,87.75,18.1,,,,,
88,87.94,18.12,,,,,
88,88.11,18.14,,,,,
88,88.25,18.16,,,,,
88,87.77,18.18,,,,,
88,87.37,18.2,,,,,
88,87.62,18.22,,,,,
88,88.42,18.24,,,,,
88,89.1,18.26,,,,,
88,88.51,18.28,,,,,
88,87.41,18.3,,,,,
88,87.06,18.32,,,,,
88,87.94,18.34,,,,,
88,88.7,18.36,,,,,
88,88.75,18.38,,,,,
88,88.2,18.39,,,,,
88,87.74,18.41,,,,,
88,87.34,18.43,,,,,
88,87,18.45,,,,,
88,87.89,18.47,,,,,
88,88.65,18.49,,,,,
88,88.71,18.51,,,,,
88,88.17,18.53,,,,,
88,87.71,18.55,,,,,
88,87.91,18.57,,,,,
88,88.08,18.59,,,,,
88,88.22,18.61,,,,,
88,87.75,18.63,,,,,
88,87.35,18.65,,,,,
88,87.6,18.67,,,,,
88,88.41,18.69,,,,,
88,88.5,18.71,,,,,
88,87.99,18.73,,,,,
88,88.15,18.75,,,,,
88,88.28,18.77,,,,,
88,87.81,18.79,,,,,
88,87.4,18.81,,,,,
88,87.64,18.83,,,,,
88,87.85,18.85,,,,,
88,88.03,18.87,,,,,
88,88.18,18.89,,,,,
88,88.31,18.91,,,,,
88,88.42,18.93,,,,,
88,88.51,18.95,,,,,
88,88,18.97,,,,,
88,87.56,18.99,,,,,
88,87.78,19.01,,,,,
88,87.97,19.03,,,,,
88,88.13,19.05,,,,,
88,88.27,19.07,,,,,
88,88.38,19.09,,,,,
88,87.89,19.11,,,,,
88,87.47,19.13,,,,,
88,87.7,19.15,,,,,
88,87.9,19.17,,,,,
88,88.07,19.19,,,,,
88,88.22,19.21,,,,,
88,88.34,19.22,,,,,
88,87.85,19.24,,,,,
88,87.44,19.26,,,,,
88,87.68,19.28,,,,,
88,88.47,19.3,,,,,
88,88.56,19.32,,,,,
88,88.04,19.34,,,,,
88,88.19,19.36,,,,,
88,87.72,19.38,,,,,
88,87.33,19.4,,,,,
88,87.58,19.42,,,,,
88,88.39,19.44,,,,,
88,89.08,19.46,,,,,
88,88.49,19.48,,,,,
88,87.39,19.5,,,,,
88,87.04,19.52,,,,,
88,87.93,19.54,,,,,
88,88.68,19.56,,,,,
88,88.15,19.58,,,,,
88,87.69,19.6,,,,,
88,87.89,19.62,,,,,
88,88.06,19.64,,,,,
88,88.21,19.66,,,,,
88,88.33,19.68,,,,,
88,87.85,19.7,,,,,
88,87.43,19.72,,,,,
88,87.67,19.74,,,,,
88,87.87,19.76,,,,,
88,88.05,19.78,,,,,
88,88.2,19.8,,,,,
88,88.32,19.82,,,,,
88,88.43,19.84,,,,,
88,87.93,19.86,,,,,
88,87.51,19.88,,,,,
88,87.73,19.9,,,,,
88,87.93,19.92,,,,,
88,88.09,19.94,,,,,
88,88.23,19.96,,,,,
88,88.36,19.98,,,,,
88,88.46,20,,,,,
88,87.96,20.02,,,,,
88,87.53,20.04,,,,,
88,87.75,20.05,,,,,
88,87.94,20.07,,,,,
88,88.11,20.09,,,,,
88,88.25,20.11,,,,,
88,88.36,20.13,,,,,
88,88.47,20.15,,,,,
88,87.96,20.17,,,,,
88,87.53,20.19,,,,,
88,87.76,20.21,,,,,
88,87.95,20.23,,,,,
88,88.11,20.25,,,,,
88,88.25,20.27,,,,,
88,87.77,20.29,,,,,
88,87.37,20.31,,,,,
88,87.62,20.33,,,,,
88,88.42,20.35,,,,,
88,89.11,20.37,,,,,
88,88.51,20.39,,,,,
88,87.41,20.41,,,,,
88,87.06,20.43,,,,,
88,87.35,20.45,,,,,
88,88.19,20.47,,,,,
88,88.91,20.49,,,,,
88,88.34,20.51,,,,,
88,87.86,20.53,,,,,
88,87.44,20.55,,,,,
88,87.68,20.57,,,,,
88,88.47,20.59,,,,,
88,88.56,20.61,,,,,
88,88.04,20.63,,,,,
88,87.6,20.65,,,,,
88,87.81,20.67,,,,,
88,87.99,20.69,,,,,
88,88.15,20.71,,,,,
88,88.28,20.73,,,,,
88,87.81,20.75,,,,,
88,87.4,20.77,,,,,
88,87.64,20.79,,,,,
88,88.44,20.81,,,,,
88,88.53,20.83,,,,,
88,88.02,20.85,,,,,
88,88.17,20.86,,,,,
88,88.3,20.88,,,,,
88,87.82,20.9,,,,,
88,87.41,20.92,,,,,
88,87.65,20.94,,,,,
88,87.86,20.96,,,,,
88,88.03,20.98,,,,,
88,88.18,21,,,,,
88,88.31,21.02,,,,,
88,88.42,21.04,,,,,
88,88.52,21.06,,,,,
88,88,21.08,,,,,
88,87.57,21.1,,,,,
88,87.79,21.12,,,,,
88,87.97,21.14,,,,,
88,88.13,21.16,,,,,
88,88.27,21.18,,,,,
88,88.38,21.2,,,,,
88,87.89,21.22,,,,,
88,87.47,21.24,,,,,
88,87.7,21.26,,,,,
88,87.9,21.28,,,,,
88,88.07,21.3,,,,,
88,88.22,21.32,,,,,
88,88.34,21.34,,,,,
88,87.85,21.36,,,,,
88,87.44,21.38,,,,,
88,87.68,21.4,,,,,
88,87.88,21.42,,,,,
88,88.05,21.44,,,,,
88,88.2,21.46,,,,,
88,88.33,21.48,,,,,
88,88.43,21.5,,,,,
88,87.93,21.52,,,,,
88,87.5,21.54,,,,,
88,87.73,21.56,,,,,
88,87.93,21.58,,,,,
88,88.1,21.6,,,,,
88,88.24,21.62,,,,,
88,88.36,21.64,,,,,
88,88.46,21.66,,,,,
88,87.96,21.68,,,,,
88,87.53,21.69,,,,,
88,87.75,21.71,,,,,
88,87.94,21.73,,,,,
88,88.11,21.75,,,,,
88,88.25,21.77,,,,,
88,88.37,21.79,,,,,
88,88.47,21.81,,,,,
88,87.96,21.83,,,,,
88,87.53,21.85,,,,,
88,87.76,21.87,,,,,
88,87.95,21.89,,,,,
88,88.11,21.91,,,,,
88,88.25,21.93,,,,,
88,87.78,21.95,,,,,
88,87.37,21.97,,,,,
88,87.62,21.99,,,,,
88,88.42,22.01,,,,,
88,88.51,22.03,,,,,
88,88,22.05,,,,,
88,88.16,22.07,,,,,
88,88.29,22.09,,,,,
88,87.81,22.11,,,,,
88,87.4,22.13,,,,,
88,87.65,22.15,,,,,
88,87.85,22.17,,,,,
88,88.03,22.19,,,,,
88,88.18,22.21,,,,,
88,88.31,22.23,,,,,
88,88.42,22.25,,,,,
88,88.51,22.27,,,,,
88,88,22.29,,,,,
88,87.57,22.31,,,,,
88,87.78,22.33,,,,,
88,87.97,22.35,,,,,
88,88.13,22.37,,,,,
88,88.27,22.39,,,,,
88,88.38,22.41,,,,,
88,87.89,22.43,,,,,
88,87.47,22.45,,,,,
88,87.7,22.47,,,,,
88,87.9,22.49,,,,,
88,88.07,22.51,,,,,
88,88.22,22.52,,,,,
88,88.34,22.54,,,,,
88,87.85,22.56,,,,,
88,87.44,22.58,,,,,
88,87.68,22.6,,,,,
88,88.47,22.62,,,,,
88,88.56,22.64,,,,,
88,88.04,22.66,,,,,
88,88.19,22.68,,,,,
88,88.32,22.7,,,,,
88,87.83,22.72,,,,,
88,87.42,22.74,,,,,
88,87.66,22.76,,,,,
88,88.46,22.78,,,,,
88,88.54,22.8,,,,,
88,88.03,22.82,,,,,
88,88.18,22.84,,,,,
88,87.72,22.86,,,,,
88,87.32,22.88,,,,,
88,87.58,22.9,,,,,
88,88.39,22.92,,,,,
88,88.48,22.94,,,,,
88,87.98,22.96,,,,,
88,88.14,22.98,,,,,
88,88.27,23,,,,,
88,87.8,23.02,,,,,
88,87.39,23.04,,,,,
88,87.63,23.06,,,,,
88,87.84,23.08,,,,,
88,88.61,23.1,,,,,
88,88.67,23.12,,,,,
88,88.14,23.14,,,,,
88,87.69,23.16,,,,,
88,87.3,23.18,,,,,
88,87.55,23.2,,,,,
88,88.36,23.22,,,,,
88,89.06,23.24,,,,,
88,88.47,23.26,,,,,
88,87.37,23.28,,,,,
88,87.03,23.3,,,,,
88,87.92,23.32,,,,,
88,88.67,23.33,,,,,
88,88.73,23.35,,,,,
88,88.18,23.37,,,,,
88,87.13,23.39,,,,,
88,87.42,23.41,,,,,
88,88.25,23.43,,,,,
88,88.37,23.45,,,,,
88,87.88,23.47,,,,,
88,87.46,23.49,,,,,
88,87.69,23.51,,,,,
88,87.89,23.53,,,,,
88,88.06,23.55,,,,,
88,88.21,23.57,,,,,
88,88.33,23.59,,,,,
88,88.44,23.61,,,,,
88,87.94,23.63,,,,,
88,87.51,23.65,,,,,
88,87.74,23.67,,,,,
88,87.93,23.69,,,,,
88,88.1,23.71,,,,,
88,88.24,23.73,,,,,
88,88.36,23.75,,,,,
88,88.46,23.77,,,,,
88,87.96,23.79,,,,,
88,87.53,23.81,,,,,
88,87.75,23.83,,,,,
88,87.94,23.85,,,,,
88,88.11,23.87,,,,,
88,88.25,23.89,,,,,
88,88.37,23.91,,,,,
88,88.47,23.93,,,,,
88,87.96,23.95,,,,,
88,87.53,23.97,,,,,
88,87.76,23.99,,,,,
88,87.95,24.01,,,,,
88,88.11,24.03,,,,,
88,88.25,24.05,,,,,
88,88.36,24.07,,,,,
88,87.88,24.09,,,,,
88,87.46,24.11,,,,,
88,87.69,24.13,,,,,
88,87.89,24.15,,,,,
88,88.06,24.16,,,,,
88,88.21,24.18,,,,,
88,88.33,24.2,,,,,
88,88.44,24.22,,,,,
88,87.94,24.24,,,,,
88,87.51,24.26,,,,,
88,87.74,24.28,,,,,
88,87.93,24.3,,,,,
88,88.1,24.32,,,,,
88,88.24,24.34,,,,,
88,88.36,24.36,,,,,
88,87.87,24.38,,,,,
88,87.45,24.4,,,,,
88,87.69,24.42,,,,,
88,87.89,24.44,,,,,
88,88.06,24.46,,,,,
88,88.21,24.48,,,,,
88,88.33,24.5,,,,,
88,88.44,24.52,,,,,
88,87.94,24.54,,,,,
88,87.51,24.56,,,,,
88,87.74,24.58,,,,,
88,87.93,24.6,,,,,
88,88.1,24.62,,,,,
88,88.24,24.64,,,,,
88,88.36,24.66,,,,,
88,88.46,24.68,,,,,
88,87.96,24.7,,,,,
88,87.53,24.72,,,,,
88,87.75,24.74,,,,,
88,87.94,24.76,,,,,
88,88.11,24.78,,,,,
88,88.25,24.8,,,,,
88,88.37,24.82,,,,,
88,88.47,24.84,,,,,
88,87.96,24.86,,,,,
88,87.53,24.88,,,,,
88,87.76,24.9,,,,,
88,87.95,24.92,,,,,
88,88.11,24.94,,,,,
88,88.25,24.96,,,,,
88,88.37,24.98,,,,,
88,87.88,24.99,,,,,
88,87.46,25.01,,,,,
88,87.69,25.03,,,,,
88,87.89,25.05,,,,,
88,88.06,25.07,,,,,
88,88.21,25.09,,,,,
88,88.33,25.11,,,,,
88,87.85,25.13,,,,,
88,87.44,25.15,,,,,
88,87.67,25.17,,,,,
88,87.88,25.19,,,,,
88,88.05,25.21,,,,,
88,88.2,25.23,,,,,
88,88.32,25.25,,,,,
88,88.43,25.27,,,,,
88,87.93,25.29,,,,,
88,87.51,25.31,,,,,
88,87.73,25.33,,,,,
88,87.93,25.35,,,,,
88,88.09,25.37,,,,,
88,88.24,25.39,,,,,
88,88.36,25.41,,,,,
88,88.46,25.43,,,,,
88,87.96,25.45,,,,,
88,87.53,25.47,,,,,
88,87.75,25.49,,,,,
88,87.94,25.51,,,,,
88,88.11,25.53,,,,,
88,88.25,25.55,,,,,
88,87.77,25.57,,,,,
88,87.37,25.59,,,,,
88,87.62,25.61,,,,,
88,88.42,25.63,,,,,
88,89.1,25.65,,,,,
88,88.5,25.67,,,,,
88,87.41,25.69,,,,,
88,87.06,25.71,,,,,
88,87.94,25.73,,,,,
88,88.7,25.75,,,,,
88,88.16,25.77,,,,,
88,87.7,25.79,,,,,
88,87.9,25.8,,,,,
88,88.07,25.82,,,,,
88,88.21,25.84,,,,,
88,88.34,25.86,,,,,
88,87.85,25.88,,,,,
88,87.44,25.9,,,,,
88,87.67,25.92,,,,,
88,88.47,25.94,,,,,
88,88.56,25.96,,,,,
88,88.04,25.98,,,,,
88,88.19,26,,,,,
88,87.72,26.02,,,,,
88,87.33,26.04,,,,,
88,88.17,26.06,,,,,
88,88.89,26.08,,,,,
88,88.33,26.1,,,,,
88,87.84,26.12,,,,,
88,87.43,26.14,,,,,
88,87.08,26.16,,,,,
88,87.96,26.18,,,,,
88,88.71,26.2,,,,,
88,88.17,26.22,,,,,
88,87.71,26.24,,,,,
88,87.91,26.26,,,,,
88,88.08,26.28,,,,,
88,88.22,26.3,,,,,
88,87.75,26.32,,,,,
88,87.35,26.34,,,,,
88,87.6,26.36,,,,,
88,88.41,26.38,,,,,
88,89.09,26.4,,,,,
88,88.5,26.42,,,,,
88,87.4,26.44,,,,,
88,87.05,26.46,,,,,
88,87.93,26.48,,,,,
88,88.69,26.5,,,,,
88,88.74,26.52,,,,,
88,88.2,26.54,,,,,
88,87.73,26.56,,,,,
88,87.93,26.58,,,,,
88,88.09,26.6,,,,,
88,87.64,26.62,,,,,
88,87.26,26.63,,,,,
88,88.11,26.65,,,,,
88,88.84,26.67,,,,,
88,88.29,26.69,,,,,
88,87.81,26.71,,,,,
88,87.4,26.73,,,,,
88,87.05,26.75,,,,,
88,87.94,26.77,,,,,
88,88.69,26.79,,,,,
88,88.75,26.81,,,,,
88,88.2,26.83,,,,,
88,87.74,26.85,,,,,
88,87.34,26.87,,,,,
88,87.59,26.89,,,,,
88,88.4,26.91,,,,,
88,88.49,26.93,,,,,
88,87.99,26.95,,,,,
88,87.55,26.97,,,,,
88,87.77,26.99,,,,,
88,87.96,27.01,,,,,
88,88.12,27.03,,,,,
88,88.26,27.05,,,,,
88,88.38,27.07,,,,,
88,87.89,27.09,,,,,
88,87.47,27.11,,,,,
88,87.7,27.13,,,,,
88,87.9,27.15,,,,,
88,88.07,27.17,,,,,
88,88.21,27.19,,,,,
88,88.34,27.21,,,,,
88,88.44,27.23,,,,,
88,87.94,27.25,,,,,
88,87.51,27.27,,,,,
88,87.74,27.29,,,,,
88,87.93,27.31,,,,,
88,88.1,27.33,,,,,
88,88.24,27.35,,,,,
88,88.36,27.37,,,,,
88,88.46,27.39,,,,,
88,87.96,27.41,,,,,
88,87.53,27.43,,,,,
88,87.75,27.45,,,,,
88,87.94,27.46,,,,,
88,88.11,27.48,,,,,
88,88.25,27.5,,,,,
88,87.77,27.52,,,,,
88,87.37,27.54,,,,,
88,87.62,27.56,,,,,
88,88.42,27.58,,,,,
88,88.51,27.6,,,,,
88,88,27.62,,,,,
88,88.16,27.64,,,,,
88,88.29,27.66,,,,,
88,87.81,27.68,,,,,
88,87.4,27.7,,,,,
88,87.65,27.72,,,,,
88,88.44,27.74,,,,,
88,89.12,27.76,,,,,
88,88.52,27.78,,,,,
88,87.42,27.8,,,,,
88,87.07,27.82,,,,,
88,87.95,27.84,,,,,
88,88.7,27.86,,,,,
88,88.16,27.88,,,,,
88,87.71,27.9,,,,,
88,87.9,27.92,,,,,
88,88.07,27.94,,,,,
88,88.22,27.96,,,,,
88,87.75,27.98,,,,,
88,87.35,28,,,,,
88,87.6,28.02,,,,,
88,88.4,28.04,,,,,
88,88.5,28.06,,,,,
88,87.99,28.08,,,,,
88,88.15,28.1,,,,,
88,88.28,28.12,,,,,
88,87.8,28.14,,,,,
88,87.4,28.16,,,,,
88,87.64,28.18,,,,,
88,88.44,28.2,,,,,
88,88.53,28.22,,,,,
88,88.02,28.24,,,,,
88,88.17,28.26,,,,,
88,87.71,28.27,,,,,
88,87.32,28.29,,,,,
88,88.16,28.31,,,,,
88,88.88,28.33,,,,,
88,88.32,28.35,,,,,
88,87.84,28.37,,,,,
88,87.42,28.39,,,,,
88,87.66,28.41,,,,,
88,88.46,28.43,,,,,
88,87.96,28.45,,,,,
88,87.53,28.47,,,,,
88,87.75,28.49,,,,,
88,87.94,28.51,,,,,
88,88.11,28.53,,,,,
88,88.25,28.55,,,,,
88,88.36,28.57,,,,,
88,88.47,28.59,,,,,
88,87.96,28.61,,,,,
88,87.53,28.63,,,,,
88,87.76,28.65,,,,,
88,87.95,28.67,,,,,
88,88.11,28.69,,,,,
88,88.25,28.71,,,,,
88,88.37,28.73,,,,,
88,88.47,28.75,,,,,
88,87.96,28.77,,,,,
88,87.53,28.79,,,,,
88,87.76,28.81,,,,,
88,87.95,28.83,,,,,
88,88.11,28.85,,,,,
88,88.25,28.87,,,,,
88,88.37,28.89,,,,,
88,87.88,28.91,,,,,
88,87.46,28.93,,,,,
88,87.69,28.95,,,,,
88,87.89,28.97,,,,,
88,88.06,28.99,,,,,
88,88.21,29.01,,,,,
88,88.33,29.03,,,,,
88,88.44,29.05,,,,,
88,87.94,29.07,,,,,
88,87.51,29.09,,,,,
88,87.74,29.1,,,,,
88,87.93,29.12,,,,,
88,88.1,29.14,,,,,
88,88.24,29.16,,,,,
88,88.36,29.18,,,,,
88,88.46,29.2,,,,,
88,87.96,29.22,,,,,
88,87.53,29.24,,,,,
88,87.75,29.26,,,,,
88,87.94,29.28,,,,,
88,88.11,29.3,,,,,
88,88.25,29.32,,,,,
88,88.37,29.34,,,,,
88,87.88,29.36,,,,,
88,87.46,29.38,,,,,
88,87.69,29.4,,,,,
88,87.89,29.42,,,,,
88,88.06,29.44,,,,,
88,88.21,29.46,,,,,
88,88.33,29.48,,,,,
88,88.44,29.5,,,,,
88,87.94,29.52,,,,,
88,87.51,29.54,,,,,
88,87.74,29.56,,,,,
88,87.93,29.58,,,,,
88,88.1,29.6,,,,,
88,88.24,29.62,,,,,
88,88.36,29.64,,,,,
88,87.87,29.66,,,,,
88,87.45,29.68,,,,,
88,87.69,29.7,,,,,
88,87.89,29.72,,,,,
88,88.06,29.74,,,,,
88,88.21,29.76,,,,,
88,88.33,29.78,,,,,
88,88.44,29.8,,,,,
88,87.94,29.82,,,,,
88,87.51,29.84,,,,,
88,87.74,29.86,,,,,
88,87.93,29.88,,,,,
88,88.1,29.9,,,,,
88,88.24,29.92,,,,,
88,88.36,29.93,,,,,
88,88.46,29.95,,,,,
88,87.96,29.97,,,,,
88,87.53,29.99,,,,,
88,87.75,30.01,,,,,
88,87.94,30.03,,,,,
88,88.11,30.05,,,,,
88,88.25,30.07,,,,,
88,88.37,30.09,,,,,
88,87.88,30.11,,,,,
88,87.46,30.13,,,,,
88,87.69,30.15,,,,,
88,87.89,30.17,,,,,
88,88.06,30.19,,,,,
88,88.21,30.21,,,,,
88,88.33,30.23,,,,,
88,88.44,30.25,,,,,
88,87.94,30.27,,,,,
88,87.51,30.29,,,,,
88,87.74,30.31,,,,,
88,87.93,30.33,,,,,
88,88.1,30.35,,,,,
88,88.24,30.37,,,,,
88,88.36,30.39,,,,,
88,87.87,30.41,,,,,
88,87.45,30.43,,,,,
88,87.69,30.45,,,,,
88,88.48,30.47,,,,,
88,88.56,30.49,,,,,
88,88.05,30.51,,,,,
88,88.19,30.53,,,,,
88,87.73,30.55,,,,,
88,87.33,30.57,,,,,
88,87.59,30.59,,,,,
88,88.39,30.61,,,,,
88,88.49,30.63,,,,,
88,87.98,30.65,,,,,
88,88.14,30.67,,,,,
88,87.68,30.69,,,,,
88,87.29,30.71,,,,,
88,88.14,30.73,,,,,
88,88.87,30.74,,,,,
88,88.31,30.76,,,,,
88,87.83,30.78,,,,,
88,88.01,30.8,,,,,
88,88.16,30.82,,,,,
88,87.7,30.84,,,,,
88,87.31,30.86,,,,,
88,87.56,30.88,,,,,
88,88.37,30.9,,,,,
88,89.07,30.92,,,,,
88,88.47,30.94,,,,,
88,87.38,30.96,,,,,
88,87.03,30.98,,,,,
88,87.92,31,,,,,
88,88.68,31.02,,,,,
88,88.73,31.04,,,,,
88,88.19,31.06,,,,,
88,87.73,31.08,,,,,
88,87.92,31.1,,,,,
88,88.09,31.12,,,,,
88,88.23,31.14,,,,,
88,87.76,31.16,,,,,
88,87.36,31.18,,,,,
88,87.61,31.2,,,,,
88,87.82,31.22,,,,,
88,88,31.24,,,,,
88,88.16,31.26,,,,,
88,88.29,31.28,,,,,
88,88.4,31.3,,,,,
88,88.5,31.32,,,,,
88,87.99,31.34,,,,,
88,87.56,31.36,,,,,
88,87.78,31.38,,,,,
88,87.96,31.4,,,,,
88,88.12,31.42,,,,,
88,88.26,31.44,,,,,
88,87.79,31.46,,,,,
88,87.38,31.48,,,,,
88,87.63,31.5,,,,,
88,87.84,31.52,,,,,
88,88.02,31.54,,,,,
88,88.17,31.56,,,,,
88,88.3,31.57,,,,,
88,88.41,31.59,,,,,
88,88.51,31.61,,,,,
88,88,31.63,,,,,
88,87.56,31.65,,,,,
88,87.78,31.67,,,,,
88,87.97,31.69,,,,,
88,88.13,31.71,,,,,
88,88.26,31.73,,,,,
88,88.38,31.75,,,,,
88,87.89,31.77,,,,,
88,87.47,31.79,,,,,
88,87.7,31.81,,,,,
88,87.9,31.83,,,,,
88,88.07,31.85,,,,,
88,88.21,31.87,,,,,
88,88.34,31.89,,,,,
88,87.85,31.91,,,,,
88,87.44,31.93,,,,,
88,87.68,31.95,,,,,
88,87.88,31.97,,,,,
88,88.05,31.99,,,,,
88,88.2,32.01,,,,,
88,88.32,32.03,,,,,
88,88.43,32.05,,,,,
88,88.52,32.07,,,,,
88,88.01,32.09,,,,,
88,87.57,32.11,,,,,
88,87.79,32.13,,,,,
88,87.98,32.15,,,,,
88,88.14,32.17,,,,,
88,88.27,32.19,,,,,
88,87.8,32.21,,,,,
88,87.39,32.23,,,,,
88,87.63,32.25,,,,,
88,88.43,32.27,,,,,
88,88.53,32.29,,,,,
88,88.01,32.31,,,,,
88,88.17,32.33,,,,,
88,87.71,32.35,,,,,
88,87.31,32.37,,,,,
88,87.57,32.39,,,,,
88,88.38,32.4,,,,,
88,89.07,32.42,,,,,
88,88.48,32.44,,,,,
88,87.38,32.46,,,,,
88,87.03,32.48,,,,,
88,87.92,32.5,,,,,
88,88.68,32.52,,,,,
88,88.74,32.54,,,,,
88,88.19,32.56,,,,,
88,87.73,32.58,,,,,
88,87.92,32.6,,,,,
88,88.09,32.62,,,,,
88,87.64,32.64,,,,,
88,87.26,32.66,,,,,
88,88.11,32.68,,,,,
88,88.84,32.7,,,,,
88,88.28,32.72,,,,,
88,87.81,32.74,,,,,
88,87.99,32.76,,,,,
88,88.15,32.78,,,,,
88,87.69,32.8,,,,,
88,87.3,32.82,,,,,
88,87.56,32.84,,,,,
88,88.37,32.86,,,,,
88,89.06,32.88,,,,,
88,88.47,32.9,,,,,
88,87.37,32.92,,,,,
88,87.03,32.94,,,,,
88,87.92,32.96,,,,,
88,88.68,32.98,,,,,
88,88.73,33,,,,,
88,88.19,33.02,,,,,
88,87.73,33.04,,,,,
88,87.92,33.06,,,,,
88,88.09,33.08,,,,,
88,88.23,33.1,,,,,
88,87.76,33.12,,,,,
88,87.36,33.14,,,,,
88,87.61,33.16,,,,,
88,88.41,33.18,,,,,
88,88.51,33.2,,,,,
88,88,33.21,,,,,
88,88.15,33.23,,,,,
88,88.29,33.25,,,,,
88,87.81,33.27,,,,,
88,87.4,33.29,,,,,
88,87.64,33.31,,,,,
88,88.44,33.33,,,,,
88,88.53,33.35,,,,,
88,88.02,33.37,,,,,
88,88.17,33.39,,,,,
88,87.71,33.41,,,,,
88,87.32,33.43,,,,,
88,87.57,33.45,,,,,
88,88.38,33.47,,,,,
88,89.07,33.49,,,,,
88,88.47,33.51,,,,,
88,87.38,33.53,,,,,
88,87.04,33.55,,,,,
88,87.92,33.57,,,,,
88,88.68,33.59,,,,,
88,88.74,33.61,,,,,
88,88.19,33.63,,,,,
88,87.72,33.65,,,,,
88,87.33,33.67,,,,,
88,87.59,33.69,,,,,
88,88.39,33.71,,,,,
88,88.49,33.73,,,,,
88,87.98,33.75,,,,,
88,87.55,33.77,,,,,
88,87.77,33.79,,,,,
88,87.96,33.81,,,,,
88,88.12,33.83,,,,,
88,88.26,33.85,,,,,
88,88.37,33.87,,,,,
88,87.88,33.89,,,,,
88,87.47,33.91,,,,,
88,87.7,33.93,,,,,
88,87.9,33.95,,,,,
88,88.07,33.97,,,,,
88,88.21,33.99,,,,,
88,88.34,34.01,,,,,
88,88.44,34.03,,,,,
88,87.94,34.04,,,,,
88,87.51,34.06,,,,,
88,87.74,34.08,,,,,
88,87.93,34.1,,,,,
88,88.1,34.12,,,,,
88,88.24,34.14,,,,,
88,88.36,34.16,,,,,
88,88.46,34.18,,,,,
88,87.95,34.2,,,,,
88,87.53,34.22,,,,,
88,87.75,34.24,,,,,
88,87.94,34.26,,,,,
88,88.11,34.28,,,,,
88,88.25,34.3,,,,,
88,87.77,34.32,,,,,
88,87.37,34.34,,,,,
88,87.62,34.36,,,,,
88,88.42,34.38,,,,,
88,88.51,34.4,,,,,
88,88,34.42,,,,,
88,88.16,34.44,,,,,
88,88.29,34.46,,,,,
88,87.81,34.48,,,,,
88,87.4,34.5,,,,,
88,87.65,34.52,,,,,
88,87.85,34.54,,,,,
88,88.03,34.56,,,,,
88,88.18,34.58,,,,,
88,88.31,34.6,,,,,
88,88.42,34.62,,,,,
88,88.51,34.64,,,,,
88,88,34.66,,,,,
88,87.57,34.68,,,,,
88,87.78,34.7,,,,,
88,87.97,34.72,,,,,
88,88.13,34.74,,,,,
88,88.27,34.76,,,,,
88,88.38,34.78,,,,,
88,87.89,34.8,,,,,
88,87.47,34.82,,,,,
88,87.7,34.84,,,,,
88,87.9,34.86,,,,,
88,88.07,34.87,,,,,
88,88.22,34.89,,,,,
88,88.34,34.91,,,,,
88,88.44,34.93,,,,,
88,87.94,34.95,,,,,
88,87.52,34.97,,,,,
88,87.74,34.99,,,,,
88,87.93,35.01,,,,,
88,88.1,35.03,,,,,
88,88.24,35.05,,,,,
88,88.36,35.07,,,,,
88,87.87,35.09,,,,,
88,87.45,35.11,,,,,
88,87.69,35.13,,,,,
88,88.48,35.15,,,,,
88,88.57,35.17,,,,,
88,88.05,35.19,,,,,
88,88.2,35.21,,,,,
88,87.73,35.23,,,,,
88,87.33,35.25,,,,,
88,87.59,35.27,,,,,
88,88.39,35.29,,,,,
88,88.49,35.31,,,,,
88,87.98,35.33,,,,,
88,88.14,35.35,,,,,
88,87.68,35.37,,,,,
88,87.29,35.39,,,,,
88,87.55,35.41,,,,,
88,88.36,35.43,,,,,
88,89.05,35.45,,,,,
88,88.46,35.47,,,,,
88,87.37,35.49,,,,,
88,87.03,35.51,,,,,
88,87.92,35.53,,,,,
88,88.67,35.55,,,,,
88,88.73,35.57,,,,,
88,88.19,35.59,,,,,
88,87.72,35.61,,,,,
88,87.92,35.63,,,,,
88,88.09,35.65,,,,,
88,87.64,35.67,,,,,
88,87.26,35.68,,,,,
88,88.11,35.7,,,,,
88,88.84,35.72,,,,,
88,88.28,35.74,,,,,
88,87.8,35.76,,,,,
88,87.99,35.78,,,,,
88,87.55,35.8,,,,,
88,87.18,35.82,,,,,
88,88.05,35.84,,,,,
88,88.79,35.86,,,,,
88,88.24,35.88,,,,,
88,87.77,35.9,,,,,
88,87.96,35.92,,,,,
88,88.12,35.94,,,,,
88,88.25,35.96,,,,,
88,88.37,35.98,,,,,
88,87.88,36,,,,,
88,87.46,36.02,,,,,
88,87.7,36.04,,,,,
88,87.9,36.06,,,,,
88,88.07,36.08,,,,,
88,88.21,36.1,,,,,
88,88.34,36.12,,,,,
88,88.44,36.14,,,,,
88,87.94,36.16,,,,,
88,87.51,36.18,,,,,
88,87.74,36.2,,,,,
88,87.93,36.22,,,,,
88,88.1,36.24,,,,,
88,88.24,36.26,,,,,
88,88.36,36.28,,,,,
88,88.46,36.3,,,,,
88,87.96,36.32,,,,,
88,87.53,36.34,,,,,
88,87.75,36.36,,,,,
88,87.94,36.38,,,,,
88,88.11,36.4,,,,,
88,88.25,36.42,,,,,
88,87.77,36.44,,,,,
88,87.37,36.46,,,,,
88,87.62,36.48,,,,,
88,87.83,36.5,,,,,
88,88.01,36.51,,,,,
88,88.16,36.53,,,,,
88,88.29,36.55,,,,,
88,88.41,36.57,,,,,
88,88.5,36.59,,,,,
88,87.99,36.61,,,,,
88,87.56,36.63,,,,,
88,87.78,36.65,,,,,
88,87.97,36.67,,,,,
88,88.13,36.69,,,,,
88,88.26,36.71,,,,,
88,88.38,36.73,,,,,
88,87.89,36.75,,,,,
88,87.47,36.77,,,,,
88,87.7,36.79,,,,,
88,87.9,36.81,,,,,
88,88.07,36.83,,,,,
88,88.21,36.85,,,,,
88,88.34,36.87,,,,,
88,87.85,36.89,,,,,
88,87.44,36.91,,,,,
88,87.68,36.93,,,,,
88,87.88,36.95,,,,,
88,88.64,36.97,,,,,
88,88.7,36.99,,,,,
88,88.16,37.01,,,,,
88,87.7,37.03,,,,,
88,87.31,37.05,,,,,
88,88.16,37.07,,,,,
88,88.88,37.09,,,,,
